run,p,neuron,live,energy,big_x,lin_x,alpha_x,lab_x,twist_x,big_y,lin_y,alpha_y,lab_y,twist_y,prof_top1,prof_distinct,prof_xy_neg,prof_dft_top,out_j,out_v,out_score,out_sign,cell_matches,preact_on_cell,preact_off_cell,active_frac
aff11_wu100k_m128_seed1,11,0,True,0.0075767564416697065,0.9999992547864852,7.452135147362069e-07,0.9999950064535987,M9r,0.2991435462556985,0.9999988318741047,1.1681258951730119e-06,0.99999524439285,M3l,0.299288480178893,0.2705142084681845,11,0.0010069661772637536,0.1495721361127322,3,9,0.9470652950659346,-1.0,True,0.0022665340370692276,1.099773346596293,0.49991735537190085
aff11_wu100k_m128_seed1,11,1,True,0.006255515881156569,0.9999995938356846,4.0616431536936737e-07,0.9999960571201635,M10r,0.2992562496229854,0.999999412739753,5.872602469671701e-07,0.9999964304835591,M1l,0.299346609536655,0.2701113944637361,11,0.0012452930382067366,0.1496281923141429,1,10,0.859383795607802,-1.0,True,0.002092369077637568,1.0997907630922361,0.5004132231404959
aff11_wu100k_m128_seed1,11,2,True,0.005003729094117747,0.9999994888882457,5.111117542498248e-07,0.9999930187985758,M7r,0.29902789285541576,0.9999991316514907,8.68348509483272e-07,0.9999920936630873,M2l,0.2991941323159759,0.27046837411601754,11,0.0027444801673683302,0.14951412606027964,2,7,0.8136204183372502,-1.0,True,0.003351780337673562,1.0996648219662326,0.5006611570247934
aff11_wu100k_m128_seed1,11,3,True,0.0074793248837590086,0.9999995197782526,4.802217474485142e-07,0.9999964155585398,M8r,0.2992027141303853,0.9999998383974321,1.6160256773993912e-07,0.9999943943556288,M0l,0.2990068102952942,0.27014735540137774,11,0.000957426516326594,0.14960149183558413,0,8,0.8788071302997599,-1.0,True,0.002275199455115653,1.0997724800544884,0.4984297520661157
aff11_wu100k_m128_seed1,11,4,True,0.011133730583612202,0.0008907280029650061,0.9991092719970348,0.00019183728034011797,M7l,0.00025924917907054916,0.0012324876112926606,0.998767512388707,0.00027329074725385665,M4l,0.0004462638004159857,0.350416816968133,11,0.3395523343794506,0.2657174189457149,5,3,0.001062270291280636,1.0,False,0.9998887591565605,1.000011124084344,0.4947107438016529
aff11_wu100k_m128_seed1,11,5,True,0.00622035047232783,0.999999335277448,6.64722551728936e-07,0.9999961857965314,M4r,0.2992231196189148,0.999999727548164,2.724518361579061e-07,0.9999970676060552,M4l,0.2991287632285673,0.2703354515197746,11,0.0028925683229739057,0.14961175431425816,4,4,0.8725642716624336,-1.0,True,0.0026543419908877236,1.099734565800911,0.5018181818181818
aff11_wu100k_m128_seed1,11,6,True,0.0008385785428719304,0.9999972406939671,2.759306032558371e-06,0.9999571343290856,M1r,0.29926200868311653,0.9999950728117369,4.9271882628953e-06,0.9999777968827911,M6l,0.2992564180030543,0.2713589482470474,11,0.006144894723310129,0.1496324076451879,6,1,0.8313965541528251,-1.0,True,0.007129821472749713,1.099287017852725,0.5031404958677685
aff11_wu100k_m128_seed1,11,7,True,0.005817211989548436,0.9999992886770189,7.113229809806883e-07,0.9999945755224084,M2r,0.29923054110455594,0.9999996002849154,3.997150850882931e-07,0.9999951303813426,M4l,0.29913430890626175,0.2701433229967175,11,0.0005844741583092768,0.14961543555006168,4,2,0.85486806384357,-1.0,True,0.0022331775513359945,1.0997766822448665,0.5003305785123967
aff11_wu100k_m128_seed1,11,8,True,0.009305760319742238,0.9999996767922861,3.2320771388494986e-07,0.9999974635381087,M7r,0.2990327907787126,0.9999986701424773,1.329857522656067e-06,0.999994058950976,M4l,0.2991306819418667,0.27046436853949163,11,0.0014237851947656735,0.14951653303111218,4,7,0.9377277287634274,-1.0,True,0.0023182096993175252,1.0997681790300684,0.4971074380165289
aff11_wu100k_m128_seed1,11,9,True,0.008912564917804016,0.9999989379526417,1.0620473582705243e-06,0.9999925525608168,M5r,0.2991457202499477,0.9999975728364487,2.4271635516867238e-06,0.9999952374932676,M5l,0.29911259303045595,0.2702123420821173,11,0.0009474159297406016,0.14957304257750742,5,5,0.9422547147909632,-1.0,True,0.0024756922384265327,1.0997524307761573,0.4983471074380165
aff11_wu100k_m128_seed1,11,10,True,0.007370453504402853,0.9999994205592228,5.794407775614802e-07,0.9999959352389323,M0r,0.29927476842001616,0.9999979887002601,2.011299740080409e-06,0.9999941816393965,M3l,0.2993022166986254,0.2702577369599476,11,0.0004158870567807279,0.14963757611148198,3,0,0.9079659038850517,-1.0,True,0.002160986953449949,1.0997839013046553,0.5016528925619834
aff11_wu100k_m128_seed1,11,11,True,0.0065963839894087745,0.9999997171800813,2.8281991857617453e-07,0.99999601764781,M8r,0.2992091587353784,0.9999997152210038,2.84778996112624e-07,0.9999980367314018,M2l,0.29917985938556785,0.2701584849403641,11,0.0004919144456663017,0.14960463815131841,2,8,0.8632488148846107,-1.0,True,0.0017751988248650142,1.0998224801175134,0.5
aff11_wu100k_m128_seed1,11,12,True,0.00800267833393788,0.9999994513759396,5.486240602238697e-07,0.9999964736753414,M7r,0.299012111927764,0.999999378283277,6.217167230789236e-07,0.9999964559884786,M0l,0.29904195949253837,0.27048102642432437,11,0.0006803949186250821,0.14950622137290928,0,7,0.943966476140147,-1.0,True,0.001928215277162527,1.0998071784722838,0.4966115702479339
aff11_wu100k_m128_seed1,11,13,True,0.007930187025289479,0.9999997024750007,2.9752499940496847e-07,0.9999965451976534,M7r,0.29902215629050233,0.999998992032432,1.0079675680554985e-06,0.9999959310064072,M2l,0.2991919040727283,0.2704672660537689,11,0.0017174895508037078,0.14951117087297108,2,7,0.9294823231093563,-1.0,True,0.002255106658523118,1.099774489334148,0.4990909090909091
aff11_wu100k_m128_seed1,11,14,True,0.007398672437910513,0.9999994013347614,5.986652383486633e-07,0.9999959561084806,M8r,0.29923699075280646,0.999999371380769,6.286192310088424e-07,0.9999950324190254,M2l,0.2991883721258544,0.27014469908153277,11,0.0006343312620479722,0.14961868549734397,2,8,0.8824902608340448,-1.0,True,0.002153301718686516,1.0997846698281315,0.4991735537190083
aff11_wu100k_m128_seed1,11,15,True,0.007312552092517923,0.999999595256001,4.0474399904120345e-07,0.9999964882442826,M7r,0.29903650910334567,0.9999994078012056,5.921987948207117e-07,0.9999954130962899,M3l,0.29930238420022864,0.27047365856251737,11,0.0007984601054218328,0.14951844632228684,3,7,0.940608517008006,-1.0,True,0.00202983247624979,1.099797016752375,0.49793388429752067
aff11_wu100k_m128_seed1,11,16,True,0.006223546115182191,0.9999994497244694,5.502755305519858e-07,0.9999969695691948,M6r,0.29920986733544136,0.9999987282371227,1.2717628774744574e-06,0.9999943132417323,M2l,0.2991853251204498,0.2704038946003414,11,0.0020155245067045077,0.1496051021740525,2,6,0.8598701655865004,-1.0,True,0.002533713500631789,1.0997466286499367,0.49553719008264463
aff11_wu100k_m128_seed1,11,17,True,0.007583356178934276,0.9999991732626974,8.26737302686683e-07,0.9999956631680612,M10r,0.29925280802172727,0.9999995122867954,4.877132046024557e-07,0.9999928717400117,M0l,0.29900519276337306,0.2700889246007872,11,0.0024086945176994595,0.14962661148630746,0,10,0.8985919116177918,-1.0,True,0.0029545096239581878,1.099704549037604,0.4993388429752066
aff11_wu100k_m128_seed1,11,18,True,0.006185184922160708,0.9999983379513461,1.6620486543715142e-06,0.9999942043815764,M6r,0.29921421386847386,0.999998106753838,1.8932461621624119e-06,0.9999958957616102,M1l,0.2993301883681311,0.27040501331205125,11,0.0011120534483564806,0.14960739524299718,1,6,0.8379241059130175,-1.0,True,0.0023431306577959003,1.0997656869342205,0.49925619834710744
aff11_wu100k_m128_seed1,11,19,True,0.005399524969182652,0.999999482818345,5.171816551083455e-07,0.9999936356895918,M5r,0.299160926095081,0.9999999201263157,7.987368424529023e-08,0.9999946705052141,M1l,0.2993311241573137,0.27017904012915545,11,0.0021358429715308395,0.14958065443662033,1,5,0.792504925141298,-1.0,True,0.0028080507204875085,1.0997191949279512,0.5004132231404959
aff11_wu100k_m128_seed1,11,20,True,0.00978062903370215,0.9999994385878707,5.614121294226876e-07,0.999995914331806,M9r,0.29915604110904387,0.99999948994793,5.100520703105602e-07,0.9999967673594725,M4l,0.29911572112723916,0.2705387511698319,11,0.0022195694711502584,0.14957813991222746,4,9,0.9307702047011919,-1.0,True,0.0023905081045402015,1.099760949189546,0.49867768595041323
aff11_wu100k_m128_seed1,11,21,True,0.00732199867120505,0.9999998257390661,1.7426093382025919e-07,0.9999964621481164,M9r,0.2991252597755865,0.9999997588947203,2.4110527972150223e-07,0.9999966616525512,M10l,0.2993427932393702,0.27052200228309375,11,0.001675191102308906,0.14956279483166998,10,9,0.8879260633212209,-1.0,True,0.0021404532993593403,1.099785954670064,0.4987603305785124
aff11_wu100k_m128_seed1,11,22,True,0.007011854723831765,0.9999995765056691,4.2349433078541e-07,0.9999950488367837,M6r,0.2992071287318652,0.9999991332702708,8.667297293192934e-07,0.9999962651026696,M10l,0.29932681868364364,0.27041030667566535,11,0.0012408767446974835,0.14960372874320152,10,6,0.8498543780647515,-1.0,True,0.0022437152770809874,1.0997756284722922,0.4977685950413223
aff11_wu100k_m128_seed1,11,23,True,0.007900801239682618,0.9999996876571264,3.1234287362570736e-07,0.9999966400273745,M4r,0.2992359508111688,0.9999997301397366,2.698602635090014e-07,0.9999961836051892,M5l,0.29911356817483264,0.2703254667210667,11,0.0006931456708450611,0.1496181520064276,5,4,0.8992815759547405,-1.0,True,0.0019424223045585282,1.0998057577695441,0.4983471074380165
aff11_wu100k_m128_seed1,11,24,True,0.004509247532169151,0.9999992446459859,7.553540139122229e-07,0.9999890499230915,M3r,0.2992328069668154,0.9999996095024188,3.904975809482324e-07,0.9999929439947955,M6l,0.2992553171729698,0.2700927338316254,11,0.0030917209765442687,0.14961701610472355,6,3,0.8111519981333594,-1.0,True,0.003637925438945489,1.0996362074561055,0.5037190082644628
aff11_wu100k_m128_seed1,11,25,True,0.005765338609966254,0.9999990292574757,9.707425241738594e-07,0.999992560520828,M4r,0.29922809223408786,0.9999994868261238,5.13173876065913e-07,0.9999965471286202,M5l,0.29914285670475904,0.2703356187267747,11,0.0014094666687621332,0.14961407916551642,5,4,0.8690517367301608,-1.0,True,0.0024959571616121503,1.0997504042838389,0.5007438016528926
aff11_wu100k_m128_seed1,11,26,True,0.008213537598692961,0.9999995222242368,4.777757632056782e-07,0.9999941634525956,M9r,0.2991574008469342,0.9999993255203465,6.744796530375932e-07,0.999997080627848,M1l,0.2993333404526687,0.2705305978812848,11,0.0007242878065718526,0.14957878553593582,1,9,0.8941473609095661,-1.0,True,0.002137049531966937,1.0997862950468034,0.5031404958677685
aff11_wu100k_m128_seed1,11,27,True,0.007543370543091867,0.999998896981273,1.1030187267746788e-06,0.9999941431892883,M10r,0.2992257978640965,0.9999984664813415,1.5335186584027133e-06,0.9999959274146545,M2l,0.29917823708727403,0.27007007297246005,11,0.001840643029029941,0.14961325545916793,2,10,0.9171415043388169,-1.0,True,0.0025756352298526132,1.0997424364770148,0.5024793388429752
aff11_wu100k_m128_seed1,11,28,True,0.008983943940057899,0.9999986514117236,1.3485882763974716e-06,0.9999961125589971,M2r,0.29925308255777217,0.9999996805498823,3.194501179467842e-07,0.9999970267688644,M5l,0.2991244977384836,0.27012011061781466,11,0.0013723270707347722,0.14962696627042885,5,2,0.9539855726233601,-1.0,True,0.0020533042589517014,1.0997946695741048,0.501404958677686
aff11_wu100k_m128_seed1,11,29,True,0.007111477521704949,0.9999990343106113,9.65689388549477e-07,0.9999959856367969,M0r,0.2992784313463912,0.9999991367473473,8.632526526878684e-07,0.9999925740933822,M0l,0.2990217089134477,0.2702887797509926,11,0.0011829165972473746,0.14963939404395957,0,0,0.8563811618439006,-1.0,True,0.002512917153172647,1.0997487082846829,0.49991735537190085
aff11_wu100k_m128_seed1,11,30,True,0.00644152399393562,0.9999996029658772,3.970341229958023e-07,0.9999906765163952,M8r,0.299233220465425,0.9999996413115418,3.586884578014391e-07,0.9999977535166156,M1l,0.299321273993688,0.27015993386095805,11,0.0006557073956386528,0.1496166071050804,1,8,0.8725393266076209,-1.0,True,0.0024570193842509804,1.0997542980615749,0.5025619834710744
aff11_wu100k_m128_seed1,11,31,True,0.0047142807247177706,0.9999992031683475,7.968316527549523e-07,0.999992524659187,M5r,0.29914409266643666,0.9999976541885878,2.345811412348383e-06,0.9999913958266041,M5l,0.29914379070144576,0.27021421751347796,11,0.0018597099957834101,0.14957212267195683,5,5,0.8066384214153812,-1.0,True,0.003150766580579781,1.099684923341942,0.5017355371900827
aff11_wu100k_m128_seed1,11,32,True,0.004461010747435279,0.9999991341584211,8.658415788831342e-07,0.9999920780516441,M3r,0.2992048512263384,0.9999987638203532,1.2361796466973078e-06,0.9999936143021291,M1l,0.2993258541074759,0.27010252557733994,11,0.0009977553795535788,0.1496030905430917,1,3,0.8817835247870377,-1.0,True,0.002715149731091707,1.0997284850268907,0.503801652892562
aff11_wu100k_m128_seed1,11,33,True,0.009348758638885,0.9999995009999498,4.99000050321907e-07,0.9999952469766692,M5r,0.29915830921422987,0.9999991949642335,8.050357663895139e-07,0.9999965286114656,M6l,0.29925614919829824,0.27021223440599595,11,0.0006242902886143931,0.14957939967921124,6,5,0.9240782787402689,-1.0,True,0.0020075896469443407,1.0997992410353055,0.5028925619834711
aff11_wu100k_m128_seed1,11,34,True,0.009041793804472129,0.9999996771582741,3.2284172599731227e-07,0.9999949218925223,M4r,0.2992505298248539,0.9999992487602685,7.512397315056948e-07,0.9999967259612794,M2l,0.2991807322776336,0.27031865380121733,11,0.0014271933380200425,0.14962518001378505,2,4,0.9152164771517265,-1.0,True,0.0022533984816469716,1.0997746601518352,0.5010743801652893
aff11_wu100k_m128_seed1,11,35,True,0.008236235990766115,0.9999995195075374,4.804924627268995e-07,0.9999955219988103,M7r,0.29903593435218273,0.999999767127016,2.3287298400848454e-07,0.9999972310915056,M7l,0.2991988751548863,0.2704745941251346,11,0.0015209559242368113,0.14951811469024187,7,7,0.9339449387155889,-1.0,True,0.0021196020373292356,1.099788039796267,0.498099173553719
aff11_wu100k_m128_seed1,11,36,True,0.0074928622362676525,0.9999997009926356,2.990073644452306e-07,0.999994163064007,M6r,0.29919748595430684,0.9999993209602448,6.790397551729837e-07,0.9999949505063349,M2l,0.2991757406252445,0.27040695772724216,11,0.0007039226687775449,0.14959892139623046,2,6,0.8756869906899699,-1.0,True,0.0023876663409706993,1.099761233365903,0.5026446280991735
aff11_wu100k_m128_seed1,11,37,True,0.004901701271485326,0.9999988688299055,1.131170094338376e-06,0.9999935911952259,M3r,0.299219376459399,0.9999990848498275,9.151501728033953e-07,0.9999929427746709,M10l,0.299342634386987,0.2700960132530926,11,0.0009278116162934173,0.1496104464458554,10,3,0.884161088475276,-1.0,True,0.002641730385290279,1.0997358269614712,0.5012396694214876
aff11_wu100k_m128_seed1,11,38,True,0.008836855034405598,0.9999998425299269,1.5747007306969474e-07,0.999996309329944,M9r,0.29914379601450686,0.9999998105928061,1.8940719395035425e-07,0.9999944589416506,M0l,0.29902679673044574,0.2705205990197115,11,0.0013417807430988063,0.1495722210220453,0,9,0.9228911609642717,-1.0,True,0.0023418917935372745,1.0997658108206463,0.49793388429752067
aff11_wu100k_m128_seed1,11,39,True,0.00623494661147816,0.9999996458039475,3.5419605239939986e-07,0.9999951489547981,M8r,0.2991991250408724,0.9999991543316314,8.456683686628236e-07,0.9999952032107238,M0l,0.2990435550424963,0.27014727819142137,11,0.0019541298169294488,0.14959954091924085,0,8,0.845421468207258,-1.0,True,0.0026184983562998706,1.09973815016437,0.5009090909090909
aff11_wu100k_m128_seed1,11,40,True,0.009447450164246354,0.9999992241624187,7.758375815944446e-07,0.99999585644413,M8r,0.29919273867758195,0.999999669296685,3.307033153005964e-07,0.9999977022699872,M6l,0.29927704451257997,0.2701585854080058,11,0.0010913087902085859,0.14959657570486154,6,8,0.9338025301072735,-1.0,True,0.0019459169285820622,1.0998054083071418,0.49677685950413225
aff11_wu100k_m128_seed1,11,41,True,0.006645368356964826,0.9999997262068285,2.737931715598842e-07,0.9999965779453084,M2r,0.2992234577260446,0.9999996494325464,3.505674535204211e-07,0.9999968066969968,M7l,0.2991915483209864,0.2701423210850739,11,0.0011779460330750419,0.14961180391151613,7,2,0.876505177943155,-1.0,True,0.0019772212123400916,1.0998022778787662,0.5025619834710744
aff11_wu100k_m128_seed1,11,42,True,0.006722025895554993,0.9999994013991271,5.986008727093022e-07,0.9999945367444936,M4r,0.29922447307637884,0.9999997675424441,2.324575558769691e-07,0.9999963216093528,M10l,0.2993394073304501,0.27033449158397027,11,0.000997253435958235,0.14961252993228782,10,4,0.8485027145498376,-1.0,True,0.002168686229884457,1.0997831313770114,0.49677685950413225
aff11_wu100k_m128_seed1,11,43,True,0.009540425548145957,0.9999996749761706,3.250238292824887e-07,0.9999971635143468,M8r,0.29921558859643466,0.9999991904707781,8.095292218285336e-07,0.9999961489106445,M5l,0.29913110604851173,0.2701424174661866,11,0.0006965958165687973,0.14960785953515598,5,8,0.9496165290979277,-1.0,True,0.0018268170309415565,1.099817318296906,0.49760330578512396
aff11_wu100k_m128_seed1,11,44,True,0.007738540481360035,0.9999985546190011,1.4453809990401245e-06,0.9999959959987869,M0r,0.29929514628985143,0.9999992347152876,7.652847122814402e-07,0.9999966053790919,M4l,0.2991297431976331,0.2702684709511433,11,0.0008530078874478015,0.14964786515429343,4,0,0.8447454213042075,-1.0,True,0.001962045514318202,1.099803795448568,0.4977685950413223
aff11_wu100k_m128_seed1,11,45,True,0.017716406772959936,2.862898501917096e-06,0.9999971371014967,5.002468900847446e-07,M10r,7.695367722311799e-07,2.7419427930310714e-06,0.9999972580572054,6.774031034470436e-07,M6r,1.0323301082737149e-06,0.26371526076449253,11,0.32651017109326663,0.20551414384680314,9,8,0.00015915118279677387,-1.0,False,1.0000062308948432,0.9999993769105157,0.5240495867768595
aff11_wu100k_m128_seed1,11,46,True,0.007517835417029294,0.9999998164941055,1.8350589457415696e-07,0.999995313312299,M8r,0.29921512358213836,0.9999993303395627,6.69660437484023e-07,0.9999935660067305,M3l,0.29930639059544567,0.27014185453589684,11,0.0005298195696336654,0.14960779224749934,3,8,0.9187815115551382,-1.0,True,0.002349812649585296,1.0997650187350416,0.49702479338842975
aff11_wu100k_m128_seed1,11,47,True,0.011169874251902641,0.0008397855381966134,0.9991602144618029,0.00019715453019180902,M7l,0.00029918850092314496,0.001096181513368392,0.9989038184866308,0.0003051894156142673,M0l,0.00037774178146909605,0.34977852778160334,11,0.36399265087942967,0.18423766318256404,8,5,0.0017060343628671627,1.0,False,1.0000697535686625,0.9999930246431339,0.4940495867768595
aff11_wu100k_m128_seed1,11,48,True,0.00571360182711872,0.9999989929334989,1.007066501098089e-06,0.9999960857866513,M6r,0.29919430337970854,0.9999990528196948,9.471803049893488e-07,0.9999956477584524,M5l,0.2991215956388802,0.27041046945690655,11,0.0005828202655462679,0.14959752498702497,5,6,0.8534574776434731,-1.0,True,0.002052001733723058,1.0997947998266278,0.4962809917355372
aff11_wu100k_m128_seed1,11,49,True,0.005588486764019696,0.9999997538568971,2.461431027204533e-07,0.9999920808800314,M9r,0.299176496592312,0.9999998927067698,1.0729323034153286e-07,0.9999967320725771,M5l,0.29912767471720464,0.2705357654612739,11,0.0007072237013756612,0.14958818764466975,5,9,0.851856962104646,-1.0,True,0.0023777192755244213,1.0997622280724475,0.5009090909090909
aff11_wu100k_m128_seed1,11,50,True,0.006810744610448978,0.9999996124248484,3.875751511237777e-07,0.9999961462183524,M2r,0.29924720179303593,0.9999995007284134,4.992715869703975e-07,0.9999967743514654,M6l,0.29926736917678576,0.2701306581353571,11,0.0010296674176172122,0.149623845274296,6,2,0.8713124211884097,-1.0,True,0.001963984911654303,1.0998036015088348,0.4919834710743802
aff11_wu100k_m128_seed1,11,51,True,0.008348336750941028,0.9999993255387304,6.744612694817938e-07,0.9999945683514899,M5r,0.29916083120857334,0.999998272092665,1.7279073347088634e-06,0.9999956043163778,M1l,0.29932995397799284,0.2702107178718772,11,0.0013555593224469432,0.14958061647031307,1,5,0.9287280373482278,-1.0,True,0.0023956410406030825,1.0997604358959399,0.49785123966942146
aff11_wu100k_m128_seed1,11,52,True,0.007847183024362117,0.9999988764175397,1.1235824600417052e-06,0.9999963515970866,M4r,0.29922334283376373,0.9999995806621562,4.193378439163355e-07,0.9999961768187348,M7l,0.2991985894272525,0.2703299614690752,11,0.0010498467690170335,0.14961190159684457,7,4,0.8974257832733338,-1.0,True,0.00204786737079372,1.0997952132629207,0.49991735537190085
aff11_wu100k_m128_seed1,11,53,True,0.008817243421155618,0.999999627616002,3.723839980512061e-07,0.9999963851197671,M0r,0.29927320552499614,0.9999995097476898,4.902523103296625e-07,0.9999971881716955,M1l,0.2993411705912233,0.270261482323788,11,0.0005356069578722246,0.14963672610530138,1,0,0.9095685525239532,-1.0,True,0.001815472779319559,1.099818452722068,0.5005785123966943
aff11_wu100k_m128_seed1,11,54,True,0.01771242717062818,3.2738803728207254e-06,0.9999967261196263,6.53311854131826e-07,M5r,1.0521958403458565e-06,2.421023057169381e-06,0.9999975789769417,5.295825804189079e-07,M4l,7.028506414152249e-07,0.26323047738878336,11,0.527729953562366,0.24205535326736047,8,6,0.00018314416383576098,-1.0,False,1.0000393015600957,0.9999960698439904,0.48173553719008266
aff11_wu100k_m128_seed1,11,55,True,0.00638238110698406,0.9999990448018763,9.551981233600884e-07,0.9999945786577188,M4r,0.2992257204168855,0.9999990565968715,9.434031285946369e-07,0.999993846425954,M0l,0.29902384512608376,0.2703274459226292,11,0.0015879184830754451,0.14961318576941532,0,4,0.8717542185373266,-1.0,True,0.0026746781716661776,1.0997325321828335,0.5
aff11_wu100k_m128_seed1,11,56,True,0.009695192316315422,0.9999997266042873,2.733957127254929e-07,0.9999941396573697,M5r,0.29915566994924625,0.9999995036866979,4.963133018921211e-07,0.9999953778365397,M4l,0.299134489841966,0.2701930562613848,11,0.0010457996806426118,0.14957768723741746,4,5,0.9494000845681324,-1.0,True,0.0023174147607930478,1.0997682585239208,0.49727272727272726
aff11_wu100k_m128_seed1,11,57,True,0.005860501669083651,0.999998935038045,1.064961954903864e-06,0.9999954670737332,M0r,0.2992867419666477,0.9999981579158007,1.842084199430536e-06,0.9999932438214997,M4l,0.2991042253565714,0.2703104375308409,11,0.003037286558664226,0.14964366479663962,4,0,0.8012974844673371,-1.0,True,0.0031458576407693765,1.0996854142359231,0.5002479338842976
aff11_wu100k_m128_seed1,11,58,True,0.008669161886014541,0.9999991175161834,8.824838165700874e-07,0.999994590991884,M5r,0.29912263921583654,0.9999994867109417,5.132890581762597e-07,0.9999954626261112,M7l,0.29921452708523044,0.27022745251785885,11,0.0011715470293101942,0.14956174674389877,7,5,0.9355267372621634,-1.0,True,0.002351754230038766,1.099764824576996,0.4988429752066116
aff11_wu100k_m128_seed1,11,59,True,0.007763665027865674,0.9999981402004275,1.8597995723080673e-06,0.9999941132575736,M6r,0.2991950342676668,0.9999995263875712,4.736124289413364e-07,0.9999953028213616,M3l,0.2993226389788554,0.2704016964011346,11,0.00043252007757749904,0.1495977595660795,3,6,0.9287629671924625,-1.0,True,0.0022899659019387135,1.099771003409806,0.503801652892562
aff11_wu100k_m128_seed1,11,60,True,0.007378022530991459,0.9999993492140313,6.507859688850833e-07,0.9999965063013336,M2r,0.29924212021419494,0.9999996606898861,3.3931011398308547e-07,0.9999968380809746,M4l,0.2991263785023866,0.27012401981035,11,0.0018114515331457575,0.14962131554343797,4,2,0.9084277623135186,-1.0,True,0.0021467400958089873,1.0997853259904191,0.49793388429752067
aff11_wu100k_m128_seed1,11,61,True,0.007210899501823641,0.9999988552382751,1.144761725064366e-06,0.9999950901851422,M10r,0.2992515956500041,0.9999986756591684,1.3243408317955913e-06,0.9999943074296844,M10l,0.29933065534516445,0.2701007360063831,11,0.0009022029891853208,0.14962628093875274,10,10,0.8696008777040634,-1.0,True,0.002369847155297511,1.0997630152844702,0.5013223140495868
aff11_wu100k_m128_seed1,11,62,True,0.007055906828890382,0.9999993081287335,6.918712664616845e-07,0.9999960895698877,M2r,0.29922665641600626,0.999999340792341,6.592076589861524e-07,0.9999930125456625,M2l,0.2991776450990257,0.2701375517594503,11,0.000654273452619795,0.14961352678708084,2,2,0.9045765610617001,-1.0,True,0.002342579372306757,1.0997657420627696,0.5019834710743801
aff11_wu100k_m128_seed1,11,63,True,0.01626496750999121,0.0009275754344834217,0.999072424565516,0.0002027889467429384,M3l,0.0002744438849896322,0.001303127395804277,0.9986968726041957,0.0002609243223608962,M8r,0.0004680373727607281,0.4089169507982756,11,0.3769592293530163,0.2018194009570647,6,1,0.0006207454653354552,-1.0,False,1.0000598955126936,0.9999940104487305,0.5007438016528926
aff11_wu100k_m128_seed1,11,64,True,0.0073568058734364405,0.99999937521033,6.247896700595483e-07,0.9999951494876008,M4r,0.2992201612480417,0.9999996501906792,3.4980932097014326e-07,0.9999967006151967,M4l,0.2991275038034636,0.27034095705829775,11,0.001336697427677338,0.1496102316111623,4,4,0.8826701551447326,-1.0,True,0.0022036719904147523,1.0997796328009584,0.4965289256198347
aff11_wu100k_m128_seed1,11,65,True,0.006788818117416008,0.9999997723726897,2.2762731006325511e-07,0.9999948790513157,M10r,0.29926550833324794,0.9999991575865634,8.424134364433294e-07,0.9999956896502316,M2l,0.29917930697248335,0.2700852530562425,11,0.0016254315885418605,0.14963288129309876,2,10,0.8601935114728676,-1.0,True,0.0024311293151380716,1.0997568870684862,0.49644628099173554
aff11_wu100k_m128_seed1,11,66,True,0.00889895917155677,0.9999982078938243,1.7921061755748758e-06,0.9999934302006108,M5r,0.2991636583802474,0.9999987956594595,1.204340540772317e-06,0.9999955474914948,M0l,0.29904200406916426,0.270194480970151,11,0.0011401510214395809,0.14958211768174937,0,5,0.9266697107144225,-1.0,True,0.002390913236757053,1.0997609086763245,0.4974380165289256
aff11_wu100k_m128_seed1,11,67,True,0.008267285023963246,0.9999998554162098,1.4458379001849944e-07,0.999996324119881,M8r,0.29918395346108284,0.9999990141951226,9.858048773522276e-07,0.9999969284838094,M4l,0.2991271033269342,0.27017111577178143,11,0.0010757718055652162,0.149592145880314,4,8,0.8925163225367013,-1.0,True,0.0019509316746731526,1.0998049068325326,0.4940495867768595
aff11_wu100k_m128_seed1,11,68,True,0.00928301359203068,0.9999997251181876,2.748818127253265e-07,0.9999935540369245,M5r,0.2991488904737057,0.999999343135442,6.568645581433589e-07,0.9999956206539231,M2l,0.2991942196190049,0.27018287392974716,11,0.0006213755770787264,0.14957450958693183,2,5,0.943104906351344,-1.0,True,0.002297633145031189,1.0997702366854967,0.4996694214876033
aff11_wu100k_m128_seed1,11,69,True,0.005551293661028501,0.9999989200769985,1.0799230016270643e-06,0.9999937407158299,M2r,0.2992473019315131,0.9999990370175403,9.629824595102706e-07,0.9999922501558266,M0l,0.29902616420528044,0.27012357759077493,11,0.0007146484007459195,0.14962400983024943,0,2,0.8387143789367567,-1.0,True,0.002620848095839215,1.099737915190416,0.4993388429752066
aff11_wu100k_m128_seed1,11,70,True,0.006387657071015606,0.9999988592454898,1.1407545101362722e-06,0.9999953149387935,M2r,0.2992407105649493,0.9999990778820222,9.221179777963568e-07,0.9999925330154819,M0l,0.2990288050320422,0.2701296901373528,11,0.0014208508649421073,0.1496207078832641,0,2,0.875480535873458,-1.0,True,0.0026466115928429484,1.0997353388407156,0.5002479338842976
aff11_wu100k_m128_seed1,11,71,True,0.008829137555263041,0.9999996468129186,3.5318708135752223e-07,0.9999965731945871,M0r,0.2992619184924042,0.999999613164741,3.8683525943682463e-07,0.9999977258491741,M6l,0.299252346191128,0.2702481511260206,11,0.0011033074033130435,0.14963111205629837,6,0,0.8845996323179197,-1.0,True,0.0018522340229915892,1.0998147765977007,0.49173553719008267
aff11_wu100k_m128_seed1,11,72,True,0.004602335514880638,0.9999986488172009,1.35118279903856e-06,0.9999906390332307,M3r,0.29921682958201856,0.9999991283708156,8.71629184535842e-07,0.9999927900855626,M6l,0.29926103202208515,0.2701160205178705,11,0.0020904462264311726,0.14960908378732984,6,3,0.8437045948604589,-1.0,True,0.003244021443125788,1.0996755978556874,0.4987603305785124
aff11_wu100k_m128_seed1,11,73,True,0.007025998823173666,0.9999992857907062,7.14209293470692e-07,0.9999945244819874,M6r,0.29920175361536566,0.9999996392335815,3.607664182994681e-07,0.9999953274353397,M1l,0.29933305437564617,0.2704074809277749,11,0.0008530117482416078,0.14960088657349205,1,6,0.9105710705497436,-1.0,True,0.0023433950522229337,1.0997656604947774,0.5022314049586777
aff11_wu100k_m128_seed1,11,74,True,0.009100664688263784,0.9999996873291094,3.1267089065536745e-07,0.9999963477791799,M8r,0.2991968502449986,0.9999998750897127,1.2491028730635007e-07,0.9999971508825984,M7l,0.29917791577150715,0.2701670969763852,11,0.0005302404843399369,0.14959850596019242,7,8,0.9121734804613867,-1.0,True,0.001812011154189922,1.099818798884581,0.49983471074380165
aff11_wu100k_m128_seed1,11,75,True,0.016528862110709044,0.000959060392465384,0.9990409396075338,0.00020323940518579537,M0r,0.00029143289347675514,0.0010144252269791102,0.9989855747730205,0.00020859817704672298,M5l,0.0003442966954039252,0.2424604615777411,11,0.5143256673593514,0.18874276032384296,3,5,0.0007925897756145874,-1.0,False,0.9998775566422912,1.000012244335771,0.501900826446281
aff11_wu100k_m128_seed1,11,76,True,0.006909317698443665,0.9999993232059371,6.767940631223011e-07,0.9999958487987263,M4r,0.2992363506448038,0.9999992555889441,7.444110558861834e-07,0.9999944466028772,M10l,0.2993243085971715,0.27032755453492824,11,0.0007927723372165254,0.14961827837879002,10,4,0.8882830614921726,-1.0,True,0.0022750262238608906,1.0997724973776137,0.5038842975206611
aff11_wu100k_m128_seed1,11,77,True,0.009117115363531459,0.9999994824542627,5.175457371473853e-07,0.9999958462519146,M7r,0.29901619893980197,0.9999994377749072,5.622250928394674e-07,0.9999977215015218,M1l,0.2993277130546667,0.2704731715067961,11,0.000693399099411761,0.1495082915754339,1,7,0.9410040455854967,-1.0,True,0.0018223149076575236,1.0998177685092343,0.49479338842975207
aff11_wu100k_m128_seed1,11,78,True,0.008463030690225233,0.9999990917378186,9.082621815260764e-07,0.9999927399266362,M9r,0.2991490567955269,0.9999992148685366,7.851314639230338e-07,0.9999960764790201,M5l,0.2991420349514082,0.2705073016234248,11,0.0010294958776995657,0.14957473623592643,5,9,0.9184390233136613,-1.0,True,0.0024457366963389366,1.0997554263303662,0.49991735537190085
aff11_wu100k_m128_seed1,11,79,True,0.009996347743112914,0.9999998129925554,1.8700744476644618e-07,0.9999962403429987,M9r,0.299138691671199,0.9999998208084536,1.791915462893188e-07,0.999996974817021,M2l,0.2991696028262071,0.2705263029976298,11,0.0026114774662139087,0.14956947825835937,2,9,0.9292120945082033,-1.0,True,0.0025794252001208997,1.0997420574799879,0.5011570247933884
aff11_wu100k_m128_seed1,11,80,True,0.008452163153098354,0.9999993795138667,6.204861334451927e-07,0.9999942144605531,M2r,0.2992286895414168,0.999999500442349,4.995576506937193e-07,0.9999974824144817,M1l,0.2993434474566424,0.27014158596647425,11,0.0013031147877599159,0.14961450054359066,1,2,0.9392052442432494,-1.0,True,0.002241458771710321,1.099775854122829,0.49950413223140494
aff11_wu100k_m128_seed1,11,81,True,0.008953335246281962,0.9999995900223059,4.0997769415456405e-07,0.9999966254901583,M7r,0.2990274111349307,0.9999996624831785,3.375168213240699e-07,0.9999965297647991,M10l,0.29934562286041533,0.27044355378758167,11,0.0023381360281276484,0.14951395005838405,10,7,0.9293856955388758,-1.0,True,0.0025054184979557362,1.0997494581502045,0.49727272727272726
aff11_wu100k_m128_seed1,11,82,True,0.007486097386622907,0.9999996412585296,3.5874147019169375e-07,0.9999957653482459,M9r,0.29917491976223526,0.9999990427406739,9.572593260171507e-07,0.9999962484040181,M6l,0.2992588802985863,0.27054796112150015,11,0.0017387982179997295,0.14958757734362543,6,9,0.8840097080329817,-1.0,True,0.0022785849450118662,1.0997721415054988,0.5029752066115702
aff11_wu100k_m128_seed1,11,83,True,0.0014562267156101425,0.9878407424935842,0.012159257506416084,0.927556348392529,M7r,0.31018406729819875,0.9674608364986008,0.03253916350139927,0.2879236609831161,M7r,0.7457940618438438,0.2707652774125098,11,0.57928270315837,0.1494333474372318,9,7,0.25880683460169945,1.0,False,1.2495169270543012,0.9750483072945699,0.5021487603305785
aff11_wu100k_m128_seed1,11,84,True,0.007376036831043333,0.9999996879806563,3.120193430088588e-07,0.9999967986741854,M4r,0.29924575566182354,0.9999998232351813,1.7676481847843757e-07,0.9999957663399951,M3l,0.29932561493982063,0.2703273883965937,11,0.0004956978248339177,0.1496230235003338,3,4,0.9298788037176173,-1.0,True,0.0019304351196440261,1.0998069564880357,0.4991735537190083
aff11_wu100k_m128_seed1,11,85,True,0.0051526958715349905,0.9999995492973685,4.507026315365139e-07,0.9999858790401873,M3r,0.2992241272948253,0.9999992098592414,7.901407586551275e-07,0.9999967640195585,M4l,0.2991286591785254,0.27009210064239886,11,0.003227341430459449,0.1496127430411814,4,3,0.8787604698603702,-1.0,True,0.003638406308860581,1.0996361593691137,0.49793388429752067
aff11_wu100k_m128_seed1,11,86,True,0.006156509914324861,0.999999304525181,6.954748192170589e-07,0.9999953276672789,M2r,0.29926810101772966,0.9999988537395187,1.1462604811231546e-06,0.9999940093937185,M2l,0.2991856774392427,0.27010984145054534,11,0.0018202262779897014,0.14963419699380673,2,2,0.8839589294260689,-1.0,True,0.0026060971971890983,1.099739390280281,0.4984297520661157
aff11_wu100k_m128_seed1,11,87,True,0.009195648345892324,0.9999991704827298,8.295172703879333e-07,0.9999932132847164,M0r,0.2993102444415525,0.9999997189385155,2.810614847373398e-07,0.9999978478773484,M5l,0.299124448372987,0.270228171702285,11,0.0009005756588709093,0.14965536912269772,5,0,0.9277307564560172,-1.0,True,0.0021914282265060557,1.0997808571773495,0.5007438016528926
aff11_wu100k_m128_seed1,11,88,True,0.007437545995837738,0.9999992704442164,7.295557834167429e-07,0.999995485052193,M10r,0.2992576793058682,0.9999985005153679,1.4994846323037676e-06,0.9999921073792034,M6l,0.29925108717538784,0.2700838419818913,11,0.0007778366019921603,0.14962907542764609,6,10,0.8518919779016905,-1.0,True,0.002520418539207357,1.0997479581460794,0.5041322314049587
aff11_wu100k_m128_seed1,11,89,True,0.00817853511888992,0.9999997600677487,2.3993225148461086e-07,0.99999728731761,M0r,0.29929544247360257,0.9999995688864018,4.3111359817514897e-07,0.9999969243916639,M10l,0.29935116094798553,0.2702624781800159,11,0.00048690842241858,0.14964786643399372,10,0,0.8905033810305077,-1.0,True,0.0017086271573743845,1.0998291372842626,0.5020661157024794
aff11_wu100k_m128_seed1,11,90,True,0.008943653891014572,0.99999965285056,3.471494402021313e-07,0.9999955952562224,M0r,0.29928328587829495,0.9999996646588456,3.3534115448470003e-07,0.9999975763285933,M2l,0.2991757766301729,0.27024952118090295,11,0.0022887619046381494,0.1496417443130432,2,0,0.9078363188610736,-1.0,True,0.002446348002243705,1.0997553651997756,0.5021487603305785
aff11_wu100k_m128_seed1,11,91,True,0.006966879256221301,0.9999996971838134,3.0281618681155237e-07,0.9999970123496167,M0r,0.2992925050285394,0.9999991033282586,8.966717413394373e-07,0.9999948632566925,M7l,0.2991782252695441,0.27026654313034554,11,0.00037330391118315043,0.14964632506125283,7,0,0.85937212295969,-1.0,True,0.0020003261742044726,1.0997999673825796,0.5018181818181818
aff11_wu100k_m128_seed1,11,92,True,0.00975094646803958,0.9999995163308905,4.836691095878478e-07,0.9999949885908704,M10r,0.2992591363556523,0.9999997461129428,2.5388705723078675e-07,0.9999973575462273,M5l,0.2991383119118338,0.27008891743964064,11,0.0013557741312420373,0.14962963990687492,5,10,0.9403789738340486,-1.0,True,0.002072054560763398,1.0997927945439236,0.5009917355371901
aff11_wu100k_m128_seed1,11,93,True,0.009120478939277681,0.9999995768498046,4.2315019523989645e-07,0.9999961948149074,M10r,0.2992520958630642,0.999999237783795,7.622162050984912e-07,0.9999959808991163,M4l,0.29911723107219806,0.270093041630426,11,0.00096483821478673,0.1496261554020945,4,10,0.9361970723811194,-1.0,True,0.002027833745891476,1.099797216625411,0.498595041322314
aff11_wu100k_m128_seed1,11,94,True,0.0055703527924481815,0.9999994850209611,5.149790387447187e-07,0.9999927022725122,M2r,0.2992495379130744,0.9999996434169213,3.5658307898942795e-07,0.999995087411718,M7l,0.29912767062332574,0.2701321289662303,11,0.0005382896111131736,0.14962489736582194,7,2,0.8489717353808626,-1.0,True,0.002450364728412555,1.0997549635271588,0.4984297520661157
aff11_wu100k_m128_seed1,11,95,True,0.004441485613576893,0.9999994235566527,5.764433471698642e-07,0.9999943615403067,M8r,0.2991688232601895,0.9999988785689802,1.121431019898194e-06,0.9999908438188406,M3l,0.29934400881829526,0.27017401546706576,11,0.0010655587806199438,0.1495844343765078,3,8,0.787176363073159,-1.0,True,0.00276898742937089,1.099723101257063,0.500495867768595
aff11_wu100k_m128_seed1,11,96,True,0.008302442995341424,0.9999997503522933,2.496477067719471e-07,0.9999980173621542,M6r,0.2992026455725619,0.9999996945972743,3.05402725468945e-07,0.9999959166633222,M7l,0.29919574396841475,0.27040914697781326,11,0.0010954281768612033,0.1496014243279633,7,6,0.9195848742402882,-1.0,True,0.0018880057633794411,1.0998111994236621,0.5045454545454545
aff11_wu100k_m128_seed1,11,97,True,0.0068745972011526315,0.9999991663134731,8.336865268606205e-07,0.9999934429556208,M10r,0.2992545344909903,0.9999980298250624,1.9701749379706475e-06,0.9999944055372842,M10l,0.29933771624850053,0.2700829191707664,11,0.000850137117627362,0.1496276867200837,10,10,0.8652729502758507,-1.0,True,0.0025402808139733143,1.0997459719186027,0.4984297520661157
aff11_wu100k_m128_seed1,11,98,True,0.00486906188788403,0.999998538014941,1.4619850589113392e-06,0.9999912617303067,M3r,0.2992310266146548,0.9999993890132753,6.109867244536142e-07,0.9999942852837788,M5l,0.29912030712412974,0.2700947379010312,11,0.003420446605879062,0.14961600831110639,5,3,0.8947238428182765,-1.0,True,0.0035218043768015677,1.0996478195623198,0.49950413223140494
aff11_wu100k_m128_seed1,11,99,True,0.008503341553707938,0.9999986452722284,1.3547277718361583e-06,0.9999965894285537,M6r,0.29921219994471565,0.9999995200026075,4.799973927092141e-07,0.999995265873484,M0l,0.2990323302267807,0.27040926359037937,11,0.0012040963216863394,0.14960627983833052,0,6,0.9140005117372764,-1.0,True,0.0022059660101412725,1.099779403398986,0.5011570247933884
aff11_wu100k_m128_seed1,11,100,True,0.007590529038316056,0.9999996056661968,3.943338030344832e-07,0.9999967639983622,M10r,0.2992654479074522,0.9999993261351761,6.738648241047124e-07,0.9999959248785738,M7l,0.2991782056296124,0.2700961714204196,11,0.001465952769772498,0.14963290970311988,7,10,0.896156881595929,-1.0,True,0.0021327115798401145,1.099786728842016,0.498595041322314
aff11_wu100k_m128_seed1,11,101,True,0.0065722631715049344,0.9999995350319549,4.6496804519193403e-07,0.9999911718885592,M9r,0.29915550543109765,0.9999986913393821,1.3086606178517742e-06,0.9999948387592151,M10l,0.29933597129064515,0.2705225287263655,11,0.0012752083005535394,0.14957772016672943,10,9,0.8588692034243708,-1.0,True,0.0027318758442026465,1.0997268124155795,0.5033884297520661
aff11_wu100k_m128_seed1,11,102,True,0.007134635712812613,0.9999993044335515,6.95566448800236e-07,0.9999956344346113,M9r,0.29912848909043704,0.9999996575285582,3.4247144162353617e-07,0.9999974041762529,M7l,0.2991426547415673,0.2705244260485154,11,0.0011107982729977653,0.14956457072239274,7,9,0.8843444333723284,-1.0,True,0.0019599610589244574,1.0998040038941075,0.49892561983471073
aff11_wu100k_m128_seed1,11,103,True,0.008262972607529903,0.9999985063580245,1.4936419758402284e-06,0.9999958304399768,M6r,0.29920725557820427,0.9999994158746414,5.841253586981259e-07,0.9999969886555217,M4l,0.29912689333481574,0.2703989732993349,11,0.002431907406897397,0.14960382400454034,4,6,0.9083462651093426,-1.0,True,0.0025452209748662727,1.0997454779025135,0.4990909090909091
aff11_wu100k_m128_seed1,11,104,True,0.007375807014580837,0.9999993513995401,6.486004601860229e-07,0.999995699092008,M10r,0.29925904695655997,0.9999994312543637,5.687456360699384e-07,0.9999966709738474,M1l,0.29932356723255554,0.2701038375718712,11,0.0010996051200976313,0.14962983765238028,1,10,0.9292060725205671,-1.0,True,0.0020510726884432925,1.0997948927311556,0.49958677685950414
aff11_wu100k_m128_seed1,11,105,True,0.01595489776898081,0.0008161182262979122,0.9991838817737023,0.00016155007504473198,M3r,0.00023383291880908102,0.0012054504051924155,0.9987945495948068,0.00024688316656850317,M10l,0.00038368777849577247,0.4408210420519444,11,0.674343690388517,0.19048355448393334,0,4,0.0005393351903362528,1.0,False,1.0001785460700148,0.9999821453929986,0.48991735537190084
aff11_wu100k_m128_seed1,11,106,True,0.006183558966581379,0.9999994710003489,5.289996508649702e-07,0.9999963414435639,M8r,0.29922231713179587,0.9999990342701112,9.657298892352257e-07,0.9999964188681995,M4l,0.2991385241761719,0.27014432254157794,11,0.0024024102212409333,0.1496114304816697,4,8,0.8540890662107355,-1.0,True,0.0025492347165645894,1.0997450765283436,0.5028925619834711
aff11_wu100k_m128_seed1,11,107,True,0.00772649257494142,0.9999996885374702,3.1146252989821097e-07,0.9999962274311454,M10r,0.2992617396385364,0.9999993696180236,6.303819764412301e-07,0.9999957713627414,M3l,0.2993045641956652,0.2700841887608239,11,0.0007713502586994503,0.1496309541387382,3,10,0.9162979083311121,-1.0,True,0.002042667697913846,1.0997957332302084,0.5026446280991735
aff11_wu100k_m128_seed1,11,108,True,0.006092994274985821,0.9999965964739359,3.403526064172436e-06,0.9999926961637204,M4r,0.29923571138937133,0.9999990623997976,9.376002023776164e-07,0.999990451458469,M0l,0.2990239950623169,0.27032474500093195,11,0.0005645797780239369,0.14961839781183547,0,4,0.8291768801513768,-1.0,True,0.0029017056075135734,1.0997098294392484,0.5012396694214876
aff11_wu100k_m128_seed1,11,109,True,0.00514633004139414,0.9999997687380451,2.3126195438473286e-07,0.9999950986905601,M9r,0.29917384662463026,0.9999990258074782,9.741925218543043e-07,0.9999955927997597,M7l,0.2991990506056437,0.27053836623676736,11,0.0018847485622867075,0.14958698954885155,7,9,0.8391431989100773,-1.0,True,0.0024909369015928442,1.0997509063098407,0.5014876033057851
aff11_wu100k_m128_seed1,11,110,True,0.008976005454307,0.9999991526412608,8.473587394113618e-07,0.9999940423300988,M7r,0.2990348195800643,0.9999995481222622,4.518777379165887e-07,0.9999954012261958,M6l,0.2992728901352954,0.27047123369843595,11,0.0021069721443074912,0.14951766768406974,6,7,0.9242576487909441,-1.0,True,0.0026919653219390017,1.0997308034678062,0.500495867768595
aff11_wu100k_m128_seed1,11,111,True,0.015831537048169784,0.0006728955500495308,0.9993271044499502,0.0001376162683420448,M10r,0.00017532678732952277,0.0009093170414151007,0.9990906829585845,0.00019888409249556912,M5r,0.0002326002747690654,0.20008658763051565,11,0.41796834799631816,0.2234556689772956,1,5,0.0007300024222601637,1.0,False,1.00006036877528,0.999993963122472,0.4952892561983471
aff11_wu100k_m128_seed1,11,112,True,0.00898538131615267,0.9999989845143397,1.0154856604710248e-06,0.9999958957229389,M4r,0.2992338783419514,0.9999999265825953,7.341740482393232e-08,0.999996842191641,M1l,0.29933297931213493,0.27033854018745057,11,0.0006181386828602155,0.14961702197447702,1,4,0.9048558639311446,-1.0,True,0.0019091586599275531,1.0998090841340071,0.4952066115702479
aff11_wu100k_m128_seed1,11,113,True,0.00918070379901054,0.9999995481060474,4.518939526208628e-07,0.9999956637109938,M8r,0.2992223080613969,0.9999997149025969,2.8509740318478064e-07,0.9999964430813874,M10l,0.2993544040717269,0.27015046458301223,11,0.0006033909649973226,0.149611316367336,10,8,0.9137791913946572,-1.0,True,0.001995781667358797,1.0998004218332642,0.5029752066115702
aff11_wu100k_m128_seed1,11,114,True,0.0094007842748438,0.9999998416243886,1.5837561146173532e-07,0.9999975861565124,M4r,0.2992413725619945,0.999999621950463,3.780495372751715e-07,0.999997467323614,M6l,0.299264257002392,0.2703350120964715,11,0.0023526312408680998,0.1496207326115565,6,4,0.9194189981819699,-1.0,True,0.002250198120155949,1.0997749801879844,0.49446280991735536
aff11_wu100k_m128_seed1,11,115,True,0.007330809737451952,0.9999995150499834,4.849500167859004e-07,0.9999922520883021,M5r,0.2991444402656512,0.999999284569166,7.154308341072914e-07,0.9999947731737259,M3l,0.2992830170866189,0.27021099068196325,11,0.0009674578322780493,0.1495726629435173,3,5,0.940234075083883,-1.0,True,0.0026031729987093886,1.0997396827001291,0.4991735537190083
aff11_wu100k_m128_seed1,11,116,True,0.009471471268312283,0.9999992219153785,7.780846216178215e-07,0.9999945701215198,M7r,0.2990279945715633,0.9999996377866892,3.6221331082916823e-07,0.9999976756978917,M5l,0.29911571493534667,0.2704739052122468,11,0.0029344090036852017,0.14951426341857751,5,7,0.9447048357101234,-1.0,True,0.002854577136083217,1.0997145422863916,0.49677685950413225
aff11_wu100k_m128_seed1,11,117,True,0.008452292133484572,0.9999994550152936,5.449847065253171e-07,0.9999961294430447,M6r,0.2992011830010584,0.9999997719560179,2.2804398195377766e-07,0.9999975394883722,M5l,0.29914178935648117,0.27039142721131215,11,0.0006255264996420432,0.14960072911249706,5,6,0.9170939681600291,-1.0,True,0.0018126108949646316,1.0998187389105036,0.5033884297520661
aff11_wu100k_m128_seed1,11,118,True,0.007864563370508256,0.9999988251025521,1.1748974479521128e-06,0.9999939259594767,M8r,0.29915943045066173,0.9999987117904918,1.2882095079573851e-06,0.999995895385162,M1l,0.2993511970346252,0.27019733404073604,11,0.0014410026122449774,0.1495799567229905,1,8,0.8899249945478263,-1.0,True,0.002433379902801612,1.09975666200972,0.4965289256198347
aff11_wu100k_m128_seed1,11,119,True,0.006985017792579776,0.999999755477784,2.445222161266837e-07,0.9999968964114208,M2r,0.29922341354589466,0.9999994342112418,5.657887582736402e-07,0.9999947459727987,M6l,0.29926260354057527,0.2701377682509026,11,0.0005340145199389854,0.14961191685219535,6,2,0.8653688352035045,-1.0,True,0.0020016940695859182,1.0997998305930414,0.5051239669421488
aff11_wu100k_m128_seed1,11,120,True,0.006658525128319312,0.9999992318775275,7.681224725139888e-07,0.9999956115117385,M10r,0.2992764257583777,0.9999995025772206,4.974227798271815e-07,0.9999960604981788,M6l,0.2992687583287546,0.2700920675731775,11,0.0012841697122820462,0.1496383619085658,6,10,0.886383229180914,-1.0,True,0.0022155773548599347,1.0997784422645138,0.49388429752066115
aff11_wu100k_m128_seed1,11,121,True,0.0047257436614405865,0.9999993076643402,6.923356596567168e-07,0.9999932497890899,M3r,0.29921247453681094,0.9999990913569472,9.086430531644225e-07,0.9999956659007934,M2l,0.29916816241214633,0.27009942970910145,11,0.0021708909767538132,0.1496066989560596,2,3,0.891565282299972,-1.0,True,0.0027895871795528228,1.0997210412820448,0.49900826446280994
aff11_wu100k_m128_seed1,11,122,True,0.008330461447034506,0.9999995341480081,4.658519919968274e-07,0.9999969014529663,M2r,0.2992467763591553,0.9999992746895656,7.253104342766313e-07,0.9999970165521881,M10l,0.29934260050395417,0.2701265756767614,11,0.001229911088888645,0.14962362359855363,10,2,0.9341093273764998,-1.0,True,0.001879914969058028,1.0998120085030942,0.500495867768595
aff11_wu100k_m128_seed1,11,123,True,0.006754457935507451,0.9999995889842408,4.1101575916312696e-07,0.9999954384724274,M9r,0.29910618843980974,0.9999994392329875,5.607670129760612e-07,0.9999973897321971,M6l,0.29926310825087016,0.27050497058813133,11,0.0017241750031195058,0.14955324484366436,6,9,0.845926001610472,-1.0,True,0.0022087651308509825,1.0997791234869148,0.49644628099173554
aff11_wu100k_m128_seed1,11,124,True,0.008876252574877024,0.9999995429732625,4.5702673765471023e-07,0.9999935654925217,M5r,0.29915181018682213,0.9999992595212258,7.404787743471489e-07,0.999994690210646,M10l,0.2993323189020391,0.2701878980285255,11,0.0010595067944258016,0.1495760833585521,10,5,0.9459081684255819,-1.0,True,0.002454817276855352,1.0997545182723147,0.49677685950413225
aff11_wu100k_m128_seed1,11,125,True,0.005948715517992703,0.9999995624110515,4.3758894846338154e-07,0.9999962749398897,M0r,0.29928371422184624,0.9999993875904198,6.124095804863595e-07,0.9999946171785759,M7l,0.2991827795944487,0.27027406181380015,11,0.0008422566751233846,0.14964189075011636,7,0,0.8118063330388777,-1.0,True,0.0021625769253406013,1.0997837423074657,0.49727272727272726
aff11_wu100k_m128_seed1,11,126,True,0.006609294537565035,0.9999995903617829,4.096382170348335e-07,0.999996854582679,M6r,0.2991881275471631,0.9999996658149262,3.341850741924093e-07,0.9999962574679265,M10l,0.29934062631098546,0.2704039077927164,11,0.001310065354119859,0.14959419905318935,10,6,0.8761438207132153,-1.0,True,0.002073881810215033,1.0997926118189782,0.5000826446280991
aff11_wu100k_m128_seed1,11,127,True,0.00926794395667462,0.9999996833131214,3.166868784659324e-07,0.9999967183635137,M6r,0.2992127514057726,0.999999926710586,7.328941384538596e-08,0.999998167259149,M6l,0.29926851962102113,0.27042493635458725,11,0.0012817581593136495,0.14960653943167104,6,6,0.9336407663698684,-1.0,True,0.001839550104552146,1.099816044989545,0.4911570247933884
aff11_wu100k_m128_seed2,11,0,True,0.007074422015973784,0.9999995083878007,4.91612199384825e-07,0.9999955501685023,M0r,0.4175667382535867,0.999998279278361,1.7207216388978973e-06,0.99999624325681,M3l,0.41778735018771973,0.28194446884538515,11,0.002527013905718919,0.20878369037898414,3,0,0.954164150204716,-1.0,True,0.0026953969970905834,1.0997304603002909,0.5032231404958678
aff11_wu100k_m128_seed2,11,1,True,0.007364732857682741,0.9999989306843391,1.0693156608548434e-06,0.9999952489695548,M0r,0.41755135604523647,0.9999985754586943,1.4245413059337948e-06,0.9999957069360277,M5l,0.4176324270152051,0.2819384372242489,11,0.0022462339863360513,0.20877616438989643,5,0,0.9632770348052171,-1.0,True,0.0026398055790736235,1.0997360194420926,0.5023140495867768
aff11_wu100k_m128_seed2,11,2,True,0.007559838791564313,0.999998785115545,1.2148844550623309e-06,0.9999935921287094,M8r,0.41747835912698367,0.9999990121462805,9.878537194871075e-07,0.9999964756514156,M1l,0.4179066448038021,0.2820109111428883,11,0.0017968590395665467,0.20873996184928484,1,8,0.937382512503237,-1.0,True,0.002571341620430405,1.0997428658379569,0.4954545454545455
aff11_wu100k_m128_seed2,11,3,True,0.005904751544908807,0.9999987657974541,1.2342025457368854e-06,0.9999954538745054,M3r,0.41765919827765996,0.9999994608418097,5.391581904557506e-07,0.9999955123696339,M5l,0.41762059197162055,0.28197031994386884,11,0.0010829117551442425,0.20883010198142077,5,3,0.928804580510397,-1.0,True,0.002205632545289158,1.0997794367454712,0.49793388429752067
aff11_wu100k_m128_seed2,11,4,True,0.006505305923120242,0.9999995444925456,4.55507454602197e-07,0.9999951225324064,M5r,0.41762580647068787,0.9999984920900268,1.507909973356858e-06,0.9999964772340886,M1l,0.41788973086621917,0.2821225187228,11,0.002253266947458843,0.2088130483448111,1,5,0.9625989084512534,-1.0,True,0.0026354244816775303,1.099736457551832,0.5020661157024794
aff11_wu100k_m128_seed2,11,5,True,0.007133301947771945,0.9999997330430989,2.6695690120124485e-07,0.9999972230173149,M9r,0.4174289778959622,0.9999989941317001,1.0058682998980244e-06,0.9999941278173884,M1l,0.41791550042356007,0.2819996708495792,11,0.0033132855027699884,0.20871474182823305,1,9,0.9459386029498673,-1.0,True,0.0031189399609099517,1.0996881060039092,0.49991735537190085
aff11_wu100k_m128_seed2,11,6,True,0.0062755407096940895,0.9999961663526258,3.833647373947605e-06,0.9999899679256835,M0r,0.4175630674045158,0.9999996384755833,3.615244166719391e-07,0.9999957242924091,M0l,0.4175389377608371,0.28193404381005016,11,0.0009990309371160926,0.20878256185550467,0,0,0.9219211021912574,-1.0,True,0.0027530023753669555,1.0997246997624632,0.5008264462809917
aff11_wu100k_m128_seed2,11,7,True,0.00916850349279877,0.9999988715399825,1.1284600174776732e-06,0.9999939055382304,M9r,0.41741587755519155,0.9999987655354314,1.2344645684922964e-06,0.9999951472573536,M10l,0.41736031677417085,0.2820118521563333,11,0.001437271309538088,0.20870835920530192,10,9,0.9627342765107355,-1.0,True,0.0024805721870916697,1.099751942781291,0.49867768595041323
aff11_wu100k_m128_seed2,11,8,True,0.009326855986330453,0.9999997713764072,2.2862359283502072e-07,0.999996028689416,M9r,0.4174172648824102,0.9999993943123198,6.056876800842999e-07,0.9999955136059806,M0l,0.4175278103974,0.28201799912922865,11,0.0012309541682396785,0.20870884326059322,0,9,0.9460513081797433,-1.0,True,0.002163164323780966,1.0997836835676218,0.4993388429752066
aff11_wu100k_m128_seed2,11,9,True,0.016459063570515433,3.3906876677230936e-06,0.9999966093123301,8.596019424245625e-07,M4l,1.3395989124163342e-06,2.6667435502340368e-05,0.9999733325644962,3.898113775100002e-06,M2l,6.296887392416337e-06,0.2784354674074457,11,1.3863560161275807,0.20992267048297056,9,3,0.00046311332055181065,1.0,False,0.9999864542925022,1.0000013545707498,0.5042975206611571
aff11_wu100k_m128_seed2,11,10,True,0.006335132955996987,0.9999982452301515,1.7547698487547123e-06,0.9999888624595673,M10r,0.41759744575370156,0.9999996012963713,3.987036285821202e-07,0.9999956605302424,M10l,0.4173695757391255,0.2816439900281607,11,0.0006992354115540516,0.20879955498670827,10,10,0.9269886541581617,-1.0,True,0.002758764993658411,1.0997241235006343,0.5018181818181818
aff11_wu100k_m128_seed2,11,11,True,0.006066191094052112,0.9999993601040619,6.398959380829452e-07,0.9999946288565114,M1r,0.41769921192335596,0.9999995590949103,4.4090508965626437e-07,0.9999971315088696,M3l,0.41780622856592015,0.281968026272531,11,0.0006522509067819073,0.20884998444668765,3,1,0.9318313053250645,-1.0,True,0.002022314883117461,1.0997977685116882,0.4997520661157025
aff11_wu100k_m128_seed2,11,12,True,0.005925844455229539,0.9999994207215597,5.79278440331533e-07,0.9999952562834614,M5r,0.4176150758243546,0.9999998758517354,1.241482643782272e-07,0.9999965865697156,M10l,0.41735231967078124,0.28211127692808824,11,0.0007310188463249777,0.2088078799418817,10,5,0.9442374761808779,-1.0,True,0.0020409590922864213,1.0997959040907712,0.502396694214876
aff11_wu100k_m128_seed2,11,13,True,0.005492824700953512,0.9999984147357924,1.5852642074166432e-06,0.9999950237160782,M7r,0.41770625392932315,0.9999992513613912,7.486386086125456e-07,0.9999945021295509,M10l,0.4173523449469405,0.28208358486147994,11,0.0009449358184469609,0.20885362109729944,10,7,0.8769687430426819,-1.0,True,0.0023470170687333175,1.0997652982931265,0.5039669421487604
aff11_wu100k_m128_seed2,11,14,True,0.006549562860685076,0.9999996476532217,3.523467782874438e-07,0.9999962796570453,M9r,0.417424800781969,0.9999994106802542,5.893197459767042e-07,0.9999971864957033,M6l,0.4177174928986305,0.28199263038889816,11,0.002171714471112712,0.2087128161043983,6,9,0.9126540912614047,-1.0,True,0.0023094189969535034,1.0997690581003048,0.5016528925619834
aff11_wu100k_m128_seed2,11,15,True,0.005909571266576079,0.9999992249844567,7.750155434241074e-07,0.999994790346043,M1r,0.417683777069016,0.9999992916845974,7.083154027070809e-07,0.9999952680436461,M0l,0.41751895054767657,0.28196772338249715,11,0.0007839359435005071,0.2088419726902951,0,1,0.9445123737310468,-1.0,True,0.0022727574758594203,1.0997727242524138,0.5010743801652893
aff11_wu100k_m128_seed2,11,16,True,0.0065513257521945065,0.9999993148940817,6.851059183914855e-07,0.9999947251938048,M2r,0.4176173585189129,0.9999993487252069,6.512747930541842e-07,0.9999962959469514,M5l,0.41762124791949634,0.2819100680872806,11,0.00040166011381813523,0.20880921932939583,5,2,0.9590007697439774,-1.0,True,0.002077216209959256,1.0997922783790042,0.5014876033057851
aff11_wu100k_m128_seed2,11,17,True,0.006031656335598453,0.9999989069664255,1.093033574634878e-06,0.9999925352505276,M9r,0.4174125170385136,0.9999983252805933,1.6747194066666415e-06,0.9999932077499467,M5l,0.4176178471276186,0.2820009073819497,11,0.00063614676884938,0.20870674950981724,5,9,0.9139946431615239,-1.0,True,0.002674426849354901,1.0997325573150645,0.4993388429752066
aff11_wu100k_m128_seed2,11,18,True,0.007354398745016766,0.9999995018604363,4.981395635254133e-07,0.9999965048321949,M3r,0.4176656281762342,0.999999760482218,2.3951778198323956e-07,0.9999946268564972,M1l,0.41790375098217825,0.281984178315483,11,0.0032032704494858585,0.20883326195399862,1,3,0.9413335390699756,-1.0,True,0.003108933904694206,1.0996891066095305,0.5027272727272727
aff11_wu100k_m128_seed2,11,19,True,0.007267198445364032,0.999999265286294,7.347137058058048e-07,0.9999937946437618,M6r,0.41751731624700517,0.9999998230791469,1.7692085295934358e-07,0.9999975696410957,M3l,0.41779985602598274,0.28207044872064324,11,0.0018909251125784699,0.20875911844798764,3,6,0.9502981651641454,-1.0,True,0.0025469999503051795,1.0997453000049695,0.4968595041322314
aff11_wu100k_m128_seed2,11,20,True,0.009708967121469445,0.9999995900043956,4.099956045256934e-07,0.9999953806762759,M6r,0.41750875072707483,0.9999992666421357,7.333578644090894e-07,0.9999955848625077,M0l,0.41754158227075444,0.28207824792618547,11,0.0009179805860734917,0.20875484691051371,0,6,0.9676686226705211,-1.0,True,0.002191995888412348,1.0997808004111587,0.4997520661157025
aff11_wu100k_m128_seed2,11,21,True,0.0068294722917586325,0.9999995354319888,4.645680112048063e-07,0.9999948022908931,M8r,0.4174709969753809,0.9999982569253958,1.7430746039745268e-06,0.9999931132144934,M6l,0.4177207576362808,0.2820137629539169,11,0.0012700147875694026,0.20873594167146986,6,8,0.8772034635536687,-1.0,True,0.0026024083692658623,1.0997397591630735,0.4956198347107438
aff11_wu100k_m128_seed2,11,22,True,0.0076961767577676055,0.9999991587118245,8.412881750727781e-07,0.9999944476530356,M7r,0.4177216046994052,0.9999992283115062,7.716884938492348e-07,0.9999950169408788,M1l,0.41790363682031295,0.2820811445941647,11,0.002581238530576651,0.20886112498398215,1,7,0.9404234003535351,-1.0,True,0.0028905025994277185,1.0997109497400572,0.4960330578512397
aff11_wu100k_m128_seed2,11,23,True,0.007033779872881715,0.9999977883588763,2.211641123559039e-06,0.9999944154601933,M8r,0.4174889002900461,0.9999978075357453,2.192464254505805e-06,0.9999932949193308,M10l,0.41733920021408777,0.28201466789208013,11,0.000949199940523786,0.20874527742861232,10,8,0.9230518531953695,-1.0,True,0.0024792413943154706,1.0997520758605686,0.5035537190082645
aff11_wu100k_m128_seed2,11,24,True,0.0072381264569421,0.9999995430846416,4.569153583248922e-07,0.9999972278340039,M5r,0.4176245284651554,0.9999988844967925,1.1155032075414548e-06,0.9999952397184528,M5l,0.4176243662226212,0.28212442383844777,11,0.0009333357035829082,0.20881255814063496,5,5,0.9647930724891447,-1.0,True,0.0020083790105504956,1.099799162098945,0.500495867768595
aff11_wu100k_m128_seed2,11,25,True,0.009793342133707614,2.848114186847525e-06,0.9999971518858114,7.986178452593907e-07,M4l,9.161566293349015e-07,1.0547847275698856e-05,0.9999894521527228,1.5106026085311376e-06,M5l,2.996838033562463e-06,0.5701611118635271,10,0.8896270482331649,0.1778947893416388,9,7,0.0011937619169524244,1.0,False,1.0000050324040581,0.9999994967595942,0.4956198347107438
aff11_wu100k_m128_seed2,11,26,True,0.007892126692386887,0.9999995481593228,4.5184067710732217e-07,0.9999961620982819,M1r,0.41769377466557805,0.9999993928663067,6.071336934457182e-07,0.9999961511964329,M0l,0.417543743356311,0.2819737338032897,11,0.0008932353658382008,0.20884715093098286,0,1,0.9436687835496748,-1.0,True,0.002024963342306489,1.0997975036657694,0.500495867768595
aff11_wu100k_m128_seed2,11,27,True,0.008976577176995505,0.9999980595794566,1.940420543368821e-06,0.9999904750496127,M10r,0.41757696429857627,0.9999996569925417,3.4300745828302726e-07,0.9999950007359051,M0l,0.41754074156800525,0.28166336734702613,11,0.002224957462911359,0.20878949936251487,0,10,0.9565835630981514,-1.0,True,0.0030728603281982357,1.0996927139671802,0.4949586776859504
aff11_wu100k_m128_seed2,11,28,True,0.009950850950839593,0.9999998310788036,1.6892119649967445e-07,0.9999958388335438,M7r,0.4177263691155472,0.9999994411960107,5.58803989149649e-07,0.9999963222429111,M0l,0.41754982792759643,0.28207844086517353,11,0.0005793245958529165,0.20886354418621705,0,7,0.9541155860560937,-1.0,True,0.0020030908455891286,1.0997996909154408,0.4977685950413223
aff11_wu100k_m128_seed2,11,29,True,0.0087883966863927,0.9999989060654735,1.093934526731233e-06,0.9999943948094967,M2r,0.41762006893783077,0.9999996221735233,3.7782647646031494e-07,0.9999977838239698,M1l,0.4179147696055425,0.28189955129151145,11,0.0019005028537911652,0.20881052334675995,1,2,0.9645676558231279,-1.0,True,0.002376959632405364,1.0997623040367595,0.5015702479338843
aff11_wu100k_m128_seed2,11,30,True,0.006222762720754711,0.9999995548296328,4.451703674489155e-07,0.9999950594157249,M5r,0.4176208096106906,0.9999990709039479,9.290960519470782e-07,0.9999936370994932,M0l,0.41754417460092447,0.28211796826322244,11,0.0005862072271024208,0.20881072531829956,0,5,0.949322522110083,-1.0,True,0.002390864990578604,1.099760913500942,0.5019834710743801
aff11_wu100k_m128_seed2,11,31,True,0.007562101689537748,0.9999972761072456,2.723892754533135e-06,0.9999926231799335,M4r,0.41741609063426205,0.9999994327497351,5.672502648525553e-07,0.999994762865779,M10l,0.41734602692373535,0.282035370715489,11,0.0008072717509627848,0.2087091224594336,10,4,0.942410115491446,-1.0,True,0.002563875481903939,1.0997436124518096,0.4969421487603306
aff11_wu100k_m128_seed2,11,32,True,0.006873790090414423,0.9999995852969509,4.147030495663739e-07,0.9999939489879157,M1r,0.417700108794326,0.9999991041356057,8.958643942937657e-07,0.9999953602983296,M1l,0.4179103767709478,0.2819716807559594,11,0.001626210760232903,0.2088504985015344,1,1,0.9608749685004172,-1.0,True,0.002549096051023772,1.099745090394898,0.498595041322314
aff11_wu100k_m128_seed2,11,33,True,0.007204997612247023,0.9999995316739083,4.6832609145465184e-07,0.9999958577447626,M0r,0.4175560205332359,0.9999997948423945,2.0515760541056363e-07,0.9999955705911552,M1l,0.41787542415149054,0.28193968098454875,11,0.0032932984091949597,0.20877836812130207,1,0,0.9461396591033311,-1.0,True,0.003230021622606619,1.0996769978377394,0.5013223140495868
aff11_wu100k_m128_seed2,11,34,True,0.006465575722226879,0.9999994118462227,5.881537770496339e-07,0.9999962080426101,M3r,0.4176658406193523,0.9999998569589501,1.4304104997863512e-07,0.9999967288674645,M3l,0.41778923028032383,0.28199282944682685,11,0.0023626325381695045,0.20883340234406017,3,3,0.9327863278375017,-1.0,True,0.0024891133896436865,1.0997510886610355,0.49900826446280994
aff11_wu100k_m128_seed2,11,35,True,0.007455509323097233,0.9999971704287997,2.8295712002806463e-06,0.9999935946548212,M1r,0.41769435221083717,0.9999994968849909,5.03115009064354e-07,0.9999968142221104,M5l,0.41762525917722987,0.281969789946695,11,0.0012100304486744897,0.20884792001878638,5,1,0.9569825206929015,-1.0,True,0.002337563440651862,1.0997662436559348,0.5009090909090909
aff11_wu100k_m128_seed2,11,36,True,0.006427533756028016,0.9999985455375139,1.4544624860680389e-06,0.9999895898809211,M10r,0.41758081441892403,0.9999995073461827,4.926538177743132e-07,0.9999952934897129,M5l,0.41762307492639844,0.2816611407146914,11,0.0021824712133426283,0.2087913572211144,5,10,0.9488534872057348,-1.0,True,0.0031247003404224756,1.0996875299659579,0.49669421487603305
aff11_wu100k_m128_seed2,11,37,True,0.007165874672342901,0.9999993951739314,6.04826068377441e-07,0.9999965566974915,M5r,0.4176099468788965,0.9999987424916946,1.2575083055442733e-06,0.9999957608498841,M1l,0.41790198528495337,0.2821173830595494,11,0.0026582905089527513,0.20880533136440407,1,5,0.9539948718647031,-1.0,True,0.002771070541820781,1.0997228929458178,0.49818181818181817
aff11_wu100k_m128_seed2,11,38,True,0.006207363982493053,0.9999987641098107,1.2358901893663045e-06,0.9999936155978671,M2r,0.41762552974833445,0.9999988451355494,1.1548644507646007e-06,0.9999955662365544,M5l,0.4176248569459777,0.28189525147863875,11,0.0007809894000107326,0.20881353129068445,5,2,0.9462391037608989,-1.0,True,0.002337584146588934,1.099766241585341,0.5007438016528926
aff11_wu100k_m128_seed2,11,39,True,0.006385069985845401,0.9999991582098609,8.417901390156118e-07,0.9999965027168316,M0r,0.41754773080437196,0.9999997422192713,2.5778072860718743e-07,0.9999958461740216,M6l,0.41775928356583586,0.2819346525337061,11,0.002760832596130959,0.2087742457009455,6,0,0.9516737418574398,-1.0,True,0.0027675109320373773,1.0997232489067963,0.49768595041322317
aff11_wu100k_m128_seed2,11,40,True,0.0072374921582557955,0.9999993932754725,6.067245275270975e-07,0.9999962093876603,M6r,0.41752814379646136,0.9999988993585904,1.1006414096803194e-06,0.9999959976116837,M1l,0.41790439517581646,0.28207973028636646,11,0.0036753143455833578,0.2087644911630737,1,6,0.9533786368881868,-1.0,True,0.0033294699788559644,1.0996670530021142,0.49983471074380165
aff11_wu100k_m128_seed2,11,41,True,0.00682824716437419,0.9999997384311924,2.6156880786385417e-07,0.9999949559880926,M4r,0.4174025346892966,0.9999997023686523,2.9763134767379365e-07,0.9999972825281902,M6l,0.4177522416232905,0.28203323337163705,11,0.0022269003375854583,0.20870178658004132,6,4,0.9546023500927007,-1.0,True,0.0024954607065415615,1.099750453929346,0.5039669421487604
aff11_wu100k_m128_seed2,11,42,True,0.0075312752586619265,0.9999983867043425,1.6132956577263995e-06,0.9999932833145576,M6r,0.41750307726300345,0.9999991135142553,8.864857444704939e-07,0.9999957748213355,M10l,0.41732755558264656,0.28207497418246674,11,0.0010878406027704911,0.20875197803745232,10,6,0.955843367072695,-1.0,True,0.002393800458989553,1.0997606199541012,0.4983471074380165
aff11_wu100k_m128_seed2,11,43,True,0.005935972387031632,0.9999988883332518,1.1116667482428384e-06,0.999989776350587,M3r,0.417645167126489,0.999999204805648,7.951943520532131e-07,0.9999932778913018,M0l,0.4175385687192431,0.2819916414737478,11,0.0010992454591817493,0.20882306316631621,0,3,0.9077158851813404,-1.0,True,0.0029916441412385403,1.0997008355858762,0.5
aff11_wu100k_m128_seed2,11,44,True,0.007472105033009721,0.9999993300051561,6.699948442685919e-07,0.9999963440572882,M5r,0.41759149127943695,0.9999996669742532,3.330257466522777e-07,0.9999950166504448,M10l,0.41733437147912367,0.28212845717570856,11,0.001064182316441501,0.2087960419682397,10,5,0.9490602760947999,-1.0,True,0.0021396554635258226,1.0997860344536476,0.49892561983471073
aff11_wu100k_m128_seed2,11,45,True,0.008010413079274355,0.9999995805661536,4.1943384625956866e-07,0.9999942912445516,M8r,0.4174763910766845,0.9999994937296643,5.062703354284693e-07,0.9999950130062931,M5l,0.4176270666936225,0.2820029876708304,11,0.0005216831712598241,0.20873870068525466,5,8,0.9552713267470332,-1.0,True,0.002283271727613828,1.0997716728272386,0.49950413223140494
aff11_wu100k_m128_seed2,11,46,True,0.0064480883383379916,0.999999634021359,3.659786412915619e-07,0.9999953139746699,M7r,0.4177020826291079,0.9999994178819627,5.821180374238445e-07,0.9999948556873557,M6l,0.4177410658418689,0.2820892677482918,11,0.0017282877138149444,0.20885123767437505,6,7,0.9248266855844681,-1.0,True,0.002530459895050907,1.0997469540104947,0.5019834710743801
aff11_wu100k_m128_seed2,11,47,True,0.0058263296653581105,0.9999984364152549,1.5635847458169228e-06,0.9999937060638299,M9r,0.4174327099097746,0.9999997217144747,2.782855253559713e-07,0.9999971802295494,M3l,0.4178016032188955,0.28199177102822215,11,0.00285842324836902,0.20871700587157913,3,9,0.9208418970285698,-1.0,True,0.002979264612906072,1.0997020735387093,0.4994214876033058
aff11_wu100k_m128_seed2,11,48,True,0.0061997732577389365,0.99999916625605,8.33743949892696e-07,0.9999967291873391,M6r,0.4175105869607384,0.9999997707653506,2.2923464942850438e-07,0.9999961449693818,M3l,0.41779871678763947,0.2820795520976044,11,0.0015697013159595228,0.20875572560060268,3,6,0.9470291548137098,-1.0,True,0.0021718195410196047,1.099782818045898,0.5014876033057851
aff11_wu100k_m128_seed2,11,49,True,0.008995841805219737,0.9999996791984058,3.2080159421981603e-07,0.9999956347329468,M0r,0.41755748992210007,0.9999990410675719,9.5893242800021e-07,0.999994370466101,M10l,0.41736211641687565,0.2819371841783722,11,0.0016714297221698518,0.20877906694449655,10,0,0.955517193504588,-1.0,True,0.0025050005018804116,1.0997494999498119,0.49900826446280994
aff11_wu100k_m128_seed2,11,50,True,0.015347472326257307,2.6586505797133064e-06,0.9999973413494193,8.458046789414726e-07,M4l,9.544939586645778e-07,1.4490030195815609e-05,0.9999855099698035,1.8863054555391731e-06,M2l,3.948393898136874e-06,0.3719350264205487,11,0.8323363724809937,0.17563697797189418,6,8,0.0004934713204388241,1.0,False,0.9999978089240689,1.0000002191075932,0.4940495867768595
aff11_wu100k_m128_seed2,11,51,True,0.007188956521537537,0.9999994997948586,5.002051414014886e-07,0.999993589811725,M10r,0.41756999722294375,0.9999998081963948,1.9180360512978865e-07,0.9999979361638871,M1l,0.4178933168039041,0.2816603845587171,11,0.001921805167295711,0.20878528697015705,1,10,0.9360375246082147,-1.0,True,0.002501515314523776,1.0997498484685477,0.49669421487603305
aff11_wu100k_m128_seed2,11,52,True,0.005557949212618622,0.9999983927083149,1.6072916851795497e-06,0.9999937100664812,M7r,0.4177066028388981,0.9999994811795344,5.188204652689981e-07,0.9999960978379354,M5l,0.41761309678499825,0.28208218761797627,11,0.0007301217241752208,0.20885395806598958,5,7,0.9154933068507604,-1.0,True,0.002295500511941972,1.099770449948806,0.5030578512396694
aff11_wu100k_m128_seed2,11,53,True,0.005754054125182447,0.9999996940104255,3.0598957436864064e-07,0.9999952607412932,M6r,0.41751062238402414,0.9999988322646517,1.1677353483833683e-06,0.9999928978029837,M10l,0.4173410083615926,0.2820787885236424,11,0.0008498687320976611,0.20875570693642728,10,6,0.9092108965045849,-1.0,True,0.0024372316037593014,1.099756276839624,0.5025619834710744
aff11_wu100k_m128_seed2,11,54,True,0.0067693785321655325,0.9999995161802723,4.838197278023069e-07,0.9999955198115315,M1r,0.417692112362033,0.9999991207495074,8.792504925672352e-07,0.9999975551773447,M6l,0.41772308233712785,0.28196868494097127,11,0.0006828587855435926,0.2088465180955658,6,1,0.9450657891534828,-1.0,True,0.0018868835291396449,1.0998113116470858,0.5016528925619834
aff11_wu100k_m128_seed2,11,55,True,0.015656048729031563,2.0268286968885165e-06,0.9999979731713012,5.902908058414928e-07,M1r,7.213035815065477e-07,9.692095471795906e-06,0.9999903079045271,1.8254994841740303e-06,M2l,2.8460966387091386e-06,0.3593404415266911,10,0.9012588697024148,0.16269522153583035,6,10,0.001118938477332342,-1.0,False,1.0000073878572884,0.9999992612142713,0.5060330578512396
aff11_wu100k_m128_seed2,11,56,True,0.0065468054579080675,0.99999789295986,2.1070401400738293e-06,0.9999937005931878,M7r,0.4177209460211513,0.9999991391708133,8.608291869964789e-07,0.9999967593387441,M1l,0.41789503247828363,0.28209571043901654,11,0.002185136799617027,0.20886107828804557,1,7,0.9174663504433155,-1.0,True,0.0026527236470682285,1.0997347276352933,0.5035537190082645
aff11_wu100k_m128_seed2,11,57,True,0.00659137020235569,0.9999990660140851,9.339859148055602e-07,0.999993052155768,M2r,0.4176258716339758,0.9999987465855221,1.2534144777733087e-06,0.9999955113096874,M6l,0.4177341172588011,0.28191212730024784,11,0.000772425978521666,0.20881352282795196,6,2,0.9556502712413117,-1.0,True,0.0024427517788984765,1.0997557248221104,0.498595041322314
aff11_wu100k_m128_seed2,11,58,True,0.007985911893144786,0.9999990727001885,9.272998114196839e-07,0.9999946974676902,M8r,0.4174865096282784,0.9999999011885075,9.881149256529773e-08,0.9999980702009255,M3l,0.41778651730095684,0.2820064299918403,11,0.001787536864470437,0.20874389668591375,3,8,0.9219850308917604,-1.0,True,0.00228129626295171,1.0997718703737047,0.5023140495867768
aff11_wu100k_m128_seed2,11,59,True,0.02022136048345485,2.4784325369031016e-06,0.9999975215674622,5.41577356911357e-07,M3l,9.433454031920818e-07,8.875423572620355e-06,0.9999911245764256,1.1997298208094483e-06,M2l,2.3448116798925966e-06,0.18092454486609777,11,0.7377337244290377,0.2211868884634637,3,7,0.00044366105096672686,-1.0,False,1.0000050146574444,0.9999994985342554,0.511404958677686
aff11_wu100k_m128_seed2,11,60,True,0.006877048180498176,0.9999990385556585,9.614443417794137e-07,0.9999953829695195,M2r,0.417632752443193,0.9999989927056663,1.0072943334829523e-06,0.9999962155052337,M3l,0.41779478197105013,0.2819072361829546,11,0.0026037178771287973,0.20881708063631782,3,2,0.9513331726031143,-1.0,True,0.002748407908380474,1.099725159209162,0.4980165289256198
aff11_wu100k_m128_seed2,11,61,True,0.007438051401863828,0.9999988626051648,1.1373948354917174e-06,0.9999940791617259,M0r,0.41754921937807404,0.99999983511407,1.6488593004668496e-07,0.9999981580322569,M6l,0.4177537146323819,0.28193316748020497,11,0.0027762593252932477,0.2087750724050425,6,0,0.9533954099935642,-1.0,True,0.0028093205520303486,1.099719067944797,0.5004132231404959
aff11_wu100k_m128_seed2,11,62,True,0.00777102618336372,0.9999995666745864,4.333254138025426e-07,0.9999950563565566,M7r,0.4177245590459068,0.9999990957830472,9.042169527428908e-07,0.9999950677998471,M10l,0.41735739539234734,0.28209527637781656,11,0.0007698543368612319,0.20886282615902596,10,7,0.9291880502042451,-1.0,True,0.0022468514656816935,1.099775314853432,0.49727272727272726
aff11_wu100k_m128_seed2,11,63,True,0.0065469388455290005,0.9999994327989601,5.672010398011478e-07,0.999995785861136,M4r,0.4173956332897241,0.9999997750682396,2.249317606243164e-07,0.9999968319820807,M3l,0.417791399667961,0.2820491990286653,11,0.0036050139025090404,0.20869805437837088,3,4,0.9413973649640568,-1.0,True,0.003223641264602959,1.0996776358735394,0.49892561983471073
aff11_wu100k_m128_seed2,11,64,True,0.007345699633723201,0.999999362692521,6.373074786708487e-07,0.9999961243841758,M4r,0.4174021975254647,0.999999286338535,7.136614654926378e-07,0.9999967522551002,M3l,0.4177853354209196,0.2820298354033319,11,0.0008609070811189768,0.20870147896615104,3,4,0.959105568584543,-1.0,True,0.001969013336925748,1.0998030986663072,0.4977685950413223
aff11_wu100k_m128_seed2,11,65,True,0.007506811194249475,0.9999976732403455,2.326759654902154e-06,0.999994598488717,M3r,0.41765242043458944,0.9999997525520031,2.4744799711262975e-07,0.9999945811502492,M6l,0.4177537677280328,0.2819758396839718,11,0.0024757637769322488,0.20882687242375014,6,3,0.9472457432067987,-1.0,True,0.0029293117396667692,1.0997070688260333,0.49950413223140494
aff11_wu100k_m128_seed2,11,66,True,0.007375367093689496,0.9999984071461145,1.5928538858717118e-06,0.9999952163276896,M1r,0.4176871090703347,0.9999991957488125,8.042511874059201e-07,0.9999966190636806,M6l,0.4177114705210831,0.28196511404985786,11,0.000772888166615807,0.20884415779021487,6,1,0.9574468792353269,-1.0,True,0.002050083627522174,1.0997949916372476,0.4997520661157025
aff11_wu100k_m128_seed2,11,67,True,0.007144240863131543,0.999999534747607,4.652523927758641e-07,0.9999957712946698,M6r,0.41750468623623327,0.9999989972284682,1.0027715313612457e-06,0.9999957719811483,M5l,0.4176199577693143,0.2820927421374023,11,0.0006281453491014388,0.2087526579227415,5,6,0.9614259083926541,-1.0,True,0.002070316439656725,1.0997929683560344,0.5007438016528926
aff11_wu100k_m128_seed2,11,68,True,0.012852974785111519,2.8085006063941284e-06,0.9999971914993927,6.336384930784522e-07,M9r,9.562949526697908e-07,2.641624660501076e-05,0.9999735837533941,4.443613209510327e-06,M5l,6.58647942316327e-06,0.22647559450159796,10,1.8227037419713044,0.2154986446462817,3,8,0.0007168674369627003,-1.0,False,1.0000046096654815,0.9999995390334517,0.4919834710743802
aff11_wu100k_m128_seed2,11,69,True,0.0058738661397927374,0.9999985018933277,1.4981066731261123e-06,0.9999916918242123,M10r,0.4175858510467793,0.9999996983335318,3.016664685577268e-07,0.9999969447515962,M3l,0.4178063199865197,0.28165374587045267,11,0.001983349188483126,0.20879366117814133,3,10,0.9321008627707816,-1.0,True,0.0027713431722205537,1.0997228656827778,0.5043801652892562
aff11_wu100k_m128_seed2,11,70,True,0.0060720072996580925,0.999999506612539,4.933874608657041e-07,0.9999948838485838,M0r,0.4175592619222708,0.9999995588002174,4.411997821972749e-07,0.9999974596697236,M3l,0.4177954400452561,0.2819326011594518,11,0.004311847963263634,0.2087799288237146,3,0,0.9522909042711217,-1.0,True,0.00378409421643981,1.099621590578356,0.4985123966942149
aff11_wu100k_m128_seed2,11,71,True,0.009641663118444627,0.9999994667452893,5.332547105666814e-07,0.9999937861464846,M4r,0.41740093416296925,0.9999994374862413,5.62513758836062e-07,0.9999952597897155,M5l,0.417626041079595,0.2820366488971973,11,0.0019361739871065944,0.20870066368659657,5,4,0.9666189258159338,-1.0,True,0.0026637072583140646,1.0997336292741686,0.49785123966942146
aff11_wu100k_m128_seed2,11,72,True,0.00737569706752594,0.999998411167399,1.5888326009697755e-06,0.9999918944148274,M4r,0.41739043129508907,0.999999724712943,2.752870573359127e-07,0.9999960264125874,M1l,0.4178994960866215,0.2820264600487422,11,0.0033911040743458904,0.20869594128615687,1,4,0.9503536751302297,-1.0,True,0.0034044378512738905,1.0996595562148723,0.4982644628099174
aff11_wu100k_m128_seed2,11,73,True,0.011722738323999041,3.025852690106524e-06,0.9999969741473089,7.378964901339603e-07,M4l,8.631327220194809e-07,5.41572503839893e-06,0.9999945842749605,1.061272723342085e-06,M5l,1.5223541298795943e-06,0.339096606729431,10,0.38539780138277674,0.16299567035601442,4,4,0.0015882763640567997,-1.0,False,0.9999997468659918,1.0000000253134007,0.4859504132231405
aff11_wu100k_m128_seed2,11,74,True,0.006465021076934269,0.9999995549825142,4.450174858501901e-07,0.999993086009449,M6r,0.4174905366506439,0.9999984456082237,1.5543917765712108e-06,0.9999954644276805,M6l,0.4177132483440608,0.282083507436565,11,0.0005830879967322585,0.20874576484854698,6,6,0.9495684687976031,-1.0,True,0.0024141821627632182,1.0997585817837237,0.5031404958677685
aff11_wu100k_m128_seed2,11,75,True,0.019477339726040755,2.916340251794683e-06,0.9999970836597468,6.901784395907629e-07,M9r,8.35219634327997e-07,0.0002522910985876769,0.9997477089014107,4.067013624898652e-05,M10l,5.871306673314572e-05,0.2353249506391792,11,6.898049120770483,0.2733766676354015,0,10,0.00016312807866499597,-1.0,False,1.0000209744126898,0.9999979025587308,0.5066115702479339
aff11_wu100k_m128_seed2,11,76,True,0.006569057245104017,0.9999998780240709,1.2197592918491302e-07,0.9999937944328188,M4r,0.4174017189591974,0.9999991930644316,8.06935568956773e-07,0.999997277914055,M1l,0.4179041523602401,0.2820485481226594,11,0.003455220658176789,0.20870112164845264,1,4,0.9446385869097513,-1.0,True,0.0032523802908643504,1.0996747619709133,0.5033884297520661
aff11_wu100k_m128_seed2,11,77,True,0.007161053677575268,0.999999541919704,4.580802963112218e-07,0.9999938841140691,M9r,0.4174110611917259,0.9999986031610553,1.3968389447702394e-06,0.9999956278775685,M5l,0.4176257327782358,0.2820111064859298,11,0.0006111222796737942,0.20870590907838063,5,9,0.9602494876891723,-1.0,True,0.0022981294442031455,1.0997701870555798,0.5006611570247934
aff11_wu100k_m128_seed2,11,78,True,0.007993809003250061,0.9999986044784639,1.3955215358022483e-06,0.999990914487635,M0r,0.41754865427163423,0.9999989847336693,1.015266330928357e-06,0.9999961414189275,M0l,0.4175409671208377,0.2819526439314207,11,0.001143286546177936,0.2087746801665089,0,0,0.9617661158336811,-1.0,True,0.0026519743371096723,1.099734802566289,0.5003305785123967
aff11_wu100k_m128_seed2,11,79,True,0.009264801183905113,0.9999989768938973,1.0231061029129178e-06,0.9999944881609336,M3r,0.417663328441043,0.9999983376462548,1.6623537453637759e-06,0.9999944391583399,M10l,0.41733982988512935,0.28197887140291455,11,0.0009554146850180963,0.20883215835183674,10,3,0.9661190426509833,-1.0,True,0.0023895789431132644,1.0997610421056885,0.5019834710743801
aff11_wu100k_m128_seed2,11,80,True,0.007783950526257839,0.9999980619161486,1.938083851378123e-06,0.9999945256785528,M3r,0.41764674886555936,0.9999990387851115,9.612148886390468e-07,0.999995772980101,M0l,0.41754526135000236,0.28199662329690317,11,0.0008514986884093567,0.20882404016148481,0,3,0.9523510820273932,-1.0,True,0.0022728676768572417,1.0997727132323143,0.5025619834710744
aff11_wu100k_m128_seed2,11,81,True,0.006619891837946758,0.9999983819928312,1.618007168870788e-06,0.9999937720826828,M2r,0.4176211384798587,0.9999985834172983,1.416582701628694e-06,0.9999962476125188,M3l,0.4178063925819163,0.2818930251287117,11,0.0026177739761215567,0.20881140186572253,3,2,0.9357237331535911,-1.0,True,0.002930809386749838,1.0997069190613251,0.5014876033057851
aff11_wu100k_m128_seed2,11,82,True,0.015188381905088026,1.7941480403700133e-06,0.9999982058519581,3.602320945593271e-07,M3l,6.030529168430243e-07,2.210892374571956e-05,0.9999778910762536,3.6979717603775718e-06,M2l,5.872028010226218e-06,0.35043503870171683,11,2.341258066165922,0.16587293838918482,9,9,0.0004869894811413164,-1.0,False,1.000015065486551,0.999998493451345,0.4984297520661157
aff11_wu100k_m128_seed2,11,83,True,0.006651056156977585,0.9999973184840285,2.68151597144014e-06,0.999990611367249,M10r,0.4175777826795765,0.9999997167062296,2.832937703764348e-07,0.9999929870533544,M10l,0.417393301781759,0.28165121450325786,11,0.0012752668605962739,0.20878983611322793,10,10,0.9132878299705107,-1.0,True,0.0029291842478245357,1.0997070815752175,0.49760330578512396
aff11_wu100k_m128_seed2,11,84,True,0.007172467015965718,0.9999996130117281,3.869882717899733e-07,0.9999958343743233,M5r,0.41760986499294683,0.9999984355802846,1.5644197158646185e-06,0.9999964871883187,M6l,0.4177427862989259,0.28211511524561517,11,0.001993373745958477,0.20880527386811887,6,5,0.958401422022853,-1.0,True,0.0023865848048027468,1.09976134151952,0.5003305785123967
aff11_wu100k_m128_seed2,11,85,True,0.00719865585762538,0.9999996674843699,3.3251563050050287e-07,0.9999968741473235,M5r,0.4176089432316679,0.9999997342575366,2.6574246350664856e-07,0.9999960862498762,M3l,0.41778223349815213,0.28211511969847225,11,0.0019403594978706642,0.20880468963086846,3,5,0.9593484243836882,-1.0,True,0.002330077988260787,1.0997669922011737,0.5006611570247934
aff11_wu100k_m128_seed2,11,86,True,0.007588663390176229,0.9999993090851167,6.909148835523214e-07,0.999993821987424,M4r,0.417400290545076,0.9999988041676814,1.1958323186807752e-06,0.9999970791020143,M6l,0.41770836555730884,0.28202795308139844,11,0.0013702186495998686,0.20870043783844297,6,4,0.9422256107571398,-1.0,True,0.0023414287220770145,1.0997658571277924,0.4980165289256198
aff11_wu100k_m128_seed2,11,87,True,0.009318344149243521,0.9999995337916051,4.662083951633445e-07,0.9999966906082582,M1r,0.41770498830846065,0.9999999054216766,9.457832342214136e-08,0.9999954717364654,M10l,0.41734388003427103,0.2819672759551104,11,0.0016844792251941617,0.20885282126805751,10,1,0.9665418494296777,-1.0,True,0.0022078924247613727,1.0997792107575237,0.4993388429752066
aff11_wu100k_m128_seed2,11,88,True,0.0059675575328271375,0.9999992919826561,7.080173440253317e-07,0.9999947025625656,M0r,0.41754762060561795,0.9999995531415704,4.4685842987271174e-07,0.9999958574402615,M5l,0.41763379668015455,0.28193428131303644,11,0.0019631005965973607,0.2087742132057145,5,0,0.9278999920773772,-1.0,True,0.0025924727248029917,1.0997407527275196,0.49950413223140494
aff11_wu100k_m128_seed2,11,89,True,0.0067993802498215045,0.9999988616357227,1.1383642771913326e-06,0.9999930450267083,M8r,0.41748961716979066,0.9999995491362847,4.5086371528374813e-07,0.9999951357103725,M6l,0.4177617275294044,0.28202420202006634,11,0.001518872714505011,0.20874569049718078,6,8,0.8909863861306918,-1.0,True,0.002579941317736776,1.0997420058682263,0.5042148760330578
aff11_wu100k_m128_seed2,11,90,True,0.013314943958626885,1.943293204815762e-06,0.9999980567067943,4.2706921228399927e-07,M6l,8.442919950795246e-07,4.576757369525861e-06,0.9999954232426288,9.341680800008606e-07,M2l,1.2293368191686363e-06,0.34779287883990573,11,0.7019258320227384,0.23799304840863778,0,8,0.0006521701318771179,-1.0,False,0.9999937518887269,1.0000006248111273,0.49413223140495866
aff11_wu100k_m128_seed2,11,91,True,0.007072371942564898,0.9999996899434849,3.100565154104857e-07,0.9999968540729728,M6r,0.41750909585000473,0.9999990139486856,9.860513145305272e-07,0.9999972235380896,M6l,0.4177374453645995,0.2820721847330815,11,0.0006662276984153403,0.20875486831620335,6,6,0.9564185656306692,-1.0,True,0.0017801434051619909,1.0998219856594837,0.49636363636363634
aff11_wu100k_m128_seed2,11,92,True,0.007480828101713783,0.9999981478017421,1.8521982578953282e-06,0.9999945714491805,M7r,0.4177142274901983,0.999998299026013,1.7009739871931626e-06,0.9999959586071169,M6l,0.4177432280724867,0.28208887195077315,11,0.0008977568334322739,0.2088576096273534,6,7,0.9409732510471681,-1.0,True,0.0022487653920903908,1.0997751234607909,0.4962809917355372
aff11_wu100k_m128_seed2,11,93,True,0.0056492185478705355,0.999999439898616,5.601013841155385e-07,0.9999926071675109,M4r,0.4173953418858025,0.9999998314659839,1.685340160480838e-07,0.999996159161193,M10l,0.4173877624634344,0.2820309544139796,11,0.0007729598472728011,0.20869810724222848,10,4,0.9046201902252586,-1.0,True,0.0024241763272586547,1.0997575823672743,0.5018181818181818
aff11_wu100k_m128_seed2,11,94,True,0.006394015011575108,0.9999988077321139,1.1922678859602909e-06,0.9999925044173297,M2r,0.41761554166533765,0.9999997184612861,2.815387142799927e-07,0.9999948571959001,M10l,0.41735652431673714,0.28189048863396793,11,0.0006680996804598395,0.20880857358274899,10,2,0.9390578282227396,-1.0,True,0.0024932707122284252,1.0997506729287772,0.49983471074380165
aff11_wu100k_m128_seed2,11,95,True,0.007485322531106082,0.999999746152122,2.5384787822192813e-07,0.9999933586765669,M9r,0.41741773591764425,0.99999864723855,1.352761449793751e-06,0.9999967098632321,M6l,0.41774501512233536,0.2819973174592317,11,0.001505709864291793,0.2087090785461053,6,9,0.954533736908654,-1.0,True,0.0024163827189093976,1.0997583617281088,0.4991735537190083
aff11_wu100k_m128_seed2,11,96,True,0.007191053571294426,0.9999993456710946,6.543289052675652e-07,0.9999961745710407,M9r,0.41741837214631383,0.9999995029252607,4.970747392986073e-07,0.9999976870102936,M3l,0.4178012204296947,0.28201230497536656,11,0.002017927048222737,0.20870956580594016,3,9,0.9364763490676538,-1.0,True,0.002272831132827623,1.099772716886717,0.49958677685950414
aff11_wu100k_m128_seed2,11,97,True,0.007528513230609651,0.9999996006313502,3.993686498167266e-07,0.9999962793399748,M3r,0.41765788270070264,0.99999929141637,7.085836302623962e-07,0.9999954194743176,M5l,0.41761984731770496,0.28199241602159414,11,0.0015483309683592143,0.20882913722369403,5,3,0.9622454053042727,-1.0,True,0.002216621730459161,1.099778337826954,0.5045454545454545
aff11_wu100k_m128_seed2,11,98,True,0.006299718755986601,0.9999990516065226,9.48393477545647e-07,0.9999895720947157,M4r,0.4174083031544334,0.9999997074524488,2.9254755126020706e-07,0.9999957587982091,M0l,0.4175334627163395,0.2820424329214799,11,0.0008087897089027186,0.20870462066853107,0,4,0.9339469945222458,-1.0,True,0.0027429992990338904,1.0997257000700968,0.5025619834710744
aff11_wu100k_m128_seed2,11,99,True,0.006986226732137379,0.9999996407768222,3.592231777978505e-07,0.9999961797971573,M1r,0.417705321870473,0.9999995605197403,4.394802594316743e-07,0.9999978242060626,M3l,0.4177990987264893,0.281969528350963,11,0.0006019109510850166,0.2088529026110476,3,1,0.9517260411140349,-1.0,True,0.0017528196535078688,1.0998247180346488,0.5016528925619834
aff11_wu100k_m128_seed2,11,100,True,0.009679381568509452,0.9999985513315315,1.448668468416908e-06,0.9999928817740943,M10r,0.4175763568124446,0.9999993416341143,6.583658858610545e-07,0.9999967205881624,M6l,0.41774260707873445,0.281659685905173,11,0.0015972249397712354,0.20878875179292275,6,10,0.9640951444404472,-1.0,True,0.0025478709653064687,1.0997452129034695,0.4959504132231405
aff11_wu100k_m128_seed2,11,101,True,0.006084209910136618,0.9999992403132922,7.596867078652414e-07,0.9999934561923283,M5r,0.41761084637427875,0.9999994135352569,5.864647431483871e-07,0.9999963787618545,M5l,0.4176240331256749,0.2821186451217024,11,0.0008419216907861627,0.20880576481471513,5,5,0.9499492686379166,-1.0,True,0.002337379200829309,1.099766262079917,0.49958677685950414
aff11_wu100k_m128_seed2,11,102,True,0.0059857696627957585,0.9999986910906076,1.3089093921757662e-06,0.9999923684669575,M10r,0.41758319593959353,0.9999986614093236,1.3385906764240796e-06,0.9999942509668674,M1l,0.4179026712125375,0.28165988696502925,11,0.0033590171376880786,0.20879182366094293,1,10,0.9149480177873698,-1.0,True,0.0035587218450189124,1.099644127815498,0.5026446280991735
aff11_wu100k_m128_seed2,11,103,True,0.00945334406182016,0.9999991249205773,8.750794228611169e-07,0.9999957308384986,M7r,0.4177265377382328,0.9999996133780048,3.866219952393178e-07,0.9999974943067427,M3l,0.4177975423122536,0.28209884668351787,11,0.002287841831760651,0.2088636768513124,3,7,0.9568100686406446,-1.0,True,0.0024568965629286504,1.099754310343707,0.4977685950413223
aff11_wu100k_m128_seed2,11,104,True,0.007935473833622092,0.9999995336790783,4.6632092162218897e-07,0.9999947347523107,M4r,0.4174153731486058,0.9999996954942617,3.0450573832723235e-07,0.9999955858400914,M0l,0.4175328749796577,0.2820410302874779,11,0.0011784152768751013,0.20870797214857967,0,4,0.9540762760060766,-1.0,True,0.0023016289992708883,1.0997698371000728,0.4988429752066116
aff11_wu100k_m128_seed2,11,105,True,0.0061546203187830455,0.9999993406205941,6.593794057073796e-07,0.9999939215448528,M9r,0.4174207508304923,0.9999984013929833,1.5986070166380001e-06,0.9999957261475144,M1l,0.4178894421054067,0.28200020484755156,11,0.0019058877348338444,0.2087106447530529,1,9,0.9231105483587148,-1.0,True,0.0026401023651348846,1.0997359897634866,0.5007438016528926
aff11_wu100k_m128_seed2,11,106,True,0.006783394078249628,0.999999158340845,8.416591552611756e-07,0.9999918111161278,M10r,0.4175713929320911,0.999999723692094,2.7630790586450087e-07,0.9999980400732829,M3l,0.4178038998322325,0.2816641245552367,11,0.0024642304778816396,0.2087861138165975,3,10,0.9259820321724856,-1.0,True,0.002881626738747893,1.0997118373261254,0.49760330578512396
aff11_wu100k_m128_seed2,11,107,True,0.007342203435541693,0.9999997084578771,2.915421228852083e-07,0.999996356235904,M3r,0.41765041705190925,0.9999996758497433,3.2415025672638637e-07,0.9999976863247356,M3l,0.4178026188895275,0.2819921004131026,11,0.0023893284436636076,0.20882549646478674,3,3,0.9406094561955486,-1.0,True,0.0023832810300843514,1.0997616718969916,0.502396694214876
aff11_wu100k_m128_seed2,11,108,True,0.0058919897972804095,0.9999997587411675,2.4125883214402014e-07,0.9999901291659413,M6r,0.4175069548750956,0.9999981928971874,1.8071028124599303e-06,0.9999938992726081,M5l,0.41762190518807546,0.28207643017364536,11,0.0005712628572247918,0.20875359233543656,5,6,0.9390712547055645,-1.0,True,0.0028349084987452544,1.0997165091501258,0.5006611570247934
aff11_wu100k_m128_seed2,11,109,True,0.006226086990524681,0.999999329890716,6.701092840279609e-07,0.9999943708050116,M6r,0.4175230778821846,0.9999993987241653,6.012758348771162e-07,0.9999972708683881,M1l,0.41790165218087766,0.28207023123677244,11,0.0034019543964139112,0.20876214257851558,1,6,0.9466794189527977,-1.0,True,0.0031293643796309815,1.099687063562037,0.5043801652892562
aff11_wu100k_m128_seed2,11,110,True,0.0066425939681178155,0.9999993459140659,6.540859341927305e-07,0.9999944634700636,M8r,0.41748107822141634,0.9999993561747088,6.43825291016081e-07,0.9999950114118468,M0l,0.417527694940508,0.28202042339325645,11,0.000599163067859409,0.2087411241310841,0,8,0.890479232298394,-1.0,True,0.0022850230308525065,1.0997714976969148,0.49768595041322317
aff11_wu100k_m128_seed2,11,111,True,0.005922974598676477,0.9999988207773545,1.1792226453315456e-06,0.9999939380700771,M1r,0.4176911397497614,0.9999980960016215,1.9039983784180732e-06,0.9999937402226952,M5l,0.4176243107988426,0.2819671998102959,11,0.0005980430769105494,0.20884609175575952,5,1,0.9403549865272339,-1.0,True,0.0024918960364650427,1.0997508103963536,0.4997520661157025
aff11_wu100k_m128_seed2,11,112,True,0.006345045829609242,0.9999995796129132,4.2038708641612075e-07,0.9999957410635526,M8r,0.4174788938051778,0.9999981761804722,1.8238195282609115e-06,0.9999917457322635,M0l,0.417532420341253,0.2820148381012051,11,0.0004871910284861477,0.20874004025659826,0,8,0.8721866040073737,-1.0,True,0.002515588241967915,1.0997484411758032,0.5013223140495868
aff11_wu100k_m128_seed2,11,113,True,0.006215915990689494,0.9999993735962155,6.264037845819448e-07,0.9999924930208257,M0r,0.4175495751533494,0.999998816650962,1.1833490377228292e-06,0.9999940685877173,M1l,0.41790264103020597,0.2819373293366543,11,0.004290260635682636,0.20877523143914914,1,0,0.9430847143662738,-1.0,True,0.004069945513365465,1.0995930054486633,0.5001652892561983
aff11_wu100k_m128_seed2,11,114,True,0.006561109957115127,0.9999974186542673,2.5813457327569587e-06,0.9999933488322182,M2r,0.4176242844197439,0.9999992521916405,7.478083595564408e-07,0.9999945966414037,M0l,0.41752297662710186,0.28192439701265065,11,0.0017511813178734679,0.20881305799327515,0,2,0.9372818162470195,-1.0,True,0.0027333158287538195,1.0997266684171245,0.5011570247933884
aff11_wu100k_m128_seed2,11,115,True,0.007903298280893744,0.9999995462719123,4.537280875238017e-07,0.9999955281579407,M5r,0.41760812999391256,0.9999993975089921,6.024910078995609e-07,0.9999958312070045,M0l,0.417550221695738,0.28212138136672243,11,0.001080791278996004,0.20880428972561552,0,5,0.947039469132326,-1.0,True,0.0022082307699331036,1.0997791769230068,0.49900826446280994
aff11_wu100k_m128_seed2,11,116,True,0.01084049231707449,2.1396015969253544e-06,0.9999978603984023,5.099572505209485e-07,M4l,7.77280304504845e-07,1.0650122795755118e-05,0.9999893498772032,1.5815682461011311e-06,M8r,2.824724937485404e-06,0.2857256740125259,11,1.1275771972650173,0.20987878328872078,8,5,0.0005593227096969706,-1.0,False,0.9999772568609484,1.0000022743139052,0.49991735537190085
aff11_wu100k_m128_seed2,11,117,True,0.006983257598031036,0.9999978439328304,2.156067169455928e-06,0.999992851016814,M2r,0.4176215834841971,0.9999987661132553,1.2338867446847973e-06,0.9999902598029592,M0l,0.4175368992752687,0.28190661871121203,11,0.0009951466797554144,0.20881169810501649,0,2,0.9471391755511503,-1.0,True,0.0028834056234612673,1.099711659437654,0.4994214876033058
aff11_wu100k_m128_seed2,11,118,True,0.019920073061448305,2.4869168342371893e-06,0.9999975130831646,6.261074500952801e-07,M9r,7.535281937947218e-07,0.00025511162769072045,0.9997448883723078,4.094198575753099e-05,M10l,5.926686848559551e-05,0.24039491509368574,11,7.292459142689993,0.30092101828354006,9,7,0.00015773674585502998,1.0,False,0.9999516296155311,1.000004837038447,0.49785123966942146
aff11_wu100k_m128_seed2,11,119,True,0.006538298223378339,0.999998413679614,1.586320386130728e-06,0.999991422574354,M3r,0.41765919807043533,0.9999997590578986,2.4094210141001946e-07,0.9999969194728399,M6l,0.4177549933906474,0.2819835440902504,11,0.002247076799884212,0.20883025785475848,6,3,0.9476092013875554,-1.0,True,0.0029083522860594005,1.0997091647713941,0.5008264462809917
aff11_wu100k_m128_seed2,11,120,True,0.006989017918513811,0.9999984084587279,1.5915412722440867e-06,0.9999943900259362,M2r,0.41762208078150653,0.9999996681672881,3.3183271183231635e-07,0.9999971434058833,M6l,0.41773378346416373,0.2819194359584687,11,0.002407120821365916,0.20881189828117372,6,2,0.9497552940075018,-1.0,True,0.002675638648809327,1.099732436135119,0.5003305785123967
aff11_wu100k_m128_seed2,11,121,True,0.006799223370664658,0.9999997028213565,2.9717864316003747e-07,0.9999969545128345,M5r,0.4176045865293935,0.9999989984809774,1.0015190227964194e-06,0.9999967728165936,M3l,0.417801857606849,0.2821305873063574,11,0.0012640776625567323,0.20880250876417097,3,5,0.9604892456459705,-1.0,True,0.0019400154282721836,1.0998059984571726,0.5018181818181818
aff11_wu100k_m128_seed2,11,122,True,0.006193818772867231,0.9999994775858656,5.224141345338261e-07,0.9999949220463256,M3r,0.4176553836854982,0.999999031151803,9.688481969631335e-07,0.9999959323144921,M1l,0.41790126049972093,0.2819816811673466,11,0.0023537016399022836,0.20882793073426392,1,3,0.9402010347571562,-1.0,True,0.0027193661422180862,1.0997280633857782,0.49900826446280994
aff11_wu100k_m128_seed2,11,123,True,0.005997883346651473,0.9999993421817679,6.578182320836744e-07,0.9999922604854842,M2r,0.4176148607578668,0.9999991612937126,8.387062872970502e-07,0.9999957959107446,M10l,0.41737861876222165,0.28191131890446053,11,0.000976835589055628,0.20880807941563276,10,2,0.9266907206940614,-1.0,True,0.002488068367712731,1.0997511931632287,0.5008264462809917
aff11_wu100k_m128_seed2,11,124,True,0.007772890389602444,0.9999993418155491,6.581844513220539e-07,0.9999946186709372,M7r,0.4177287465842497,0.9999994252939594,5.747060404774512e-07,0.9999943961505561,M5l,0.41762320762940863,0.28207188967339375,11,0.0007470129695099333,0.20886460374963908,5,7,0.93329844681495,-1.0,True,0.0023656940595742034,1.0997634305940427,0.4983471074380165
aff11_wu100k_m128_seed2,11,125,True,0.006530891895200619,0.9999999070221419,9.297785812723494e-08,0.9999943287735921,M1r,0.41770384812916583,0.9999993575649915,6.424350086710999e-07,0.9999962632223772,M1l,0.41791677289305923,0.28196797411801894,11,0.0009396686651840959,0.20885233397625957,1,1,0.9427527287204136,-1.0,True,0.002209859009380409,1.099779014099062,0.5001652892561983
aff11_wu100k_m128_seed2,11,126,True,0.006582444244533481,0.9999992223104186,7.776895817805457e-07,0.9999915394163023,M10r,0.4175829475223938,0.9999996855748534,3.1442514693731434e-07,0.9999957389112818,M5l,0.4176245860133913,0.2816657030080982,11,0.002547078240141575,0.20879212987653853,5,10,0.9189240195904386,-1.0,True,0.0030374591701364992,1.0996962540829862,0.5043801652892562
aff11_wu100k_m128_seed2,11,127,True,0.007319258751788029,0.9999997454029472,2.5459705262303044e-07,0.999997058453092,M5r,0.41760934514960446,0.9999997567284593,2.432715408735232e-07,0.99999757036434,M6l,0.41774787102451816,0.2821257328034415,11,0.0015397600581700626,0.20880491476015847,6,5,0.961292734759476,-1.0,True,0.0019313097294745682,1.0998068690270524,0.49677685950413225
aff11_wu100k_m128_seed3,11,0,True,0.006448673954946576,0.9999990286383784,9.713616214230762e-07,0.9999965015336669,M10r,0.31585216887065215,0.9999993013827945,6.986172057077088e-07,0.9999968270097385,M0l,0.31558555956713136,0.275531697772295,11,0.000695987061282861,0.1579264097523622,0,10,0.9299485118757259,-1.0,True,0.001902465207753801,1.0998097534792248,0.49892561983471073
aff11_wu100k_m128_seed3,11,1,True,0.00646925451366369,0.9999995641049695,4.3589503028021264e-07,0.9999974173025762,M6r,0.31598727932248677,0.999999119610904,8.803890958822996e-07,0.9999943885595575,M5l,0.3159008604237197,0.27547406730695195,11,0.0007735832195951502,0.1579938154865596,5,6,0.920762177073099,-1.0,True,0.0020091679732453715,1.0997990832026754,0.5024793388429752
aff11_wu100k_m128_seed3,11,2,True,0.006141971852501086,0.9999998513217541,1.486782460588025e-07,0.9999959970503729,M5r,0.3158525022443746,0.9999988646256884,1.1353743120225e-06,0.9999945787397357,M2l,0.3156086643560223,0.2754625488351292,11,0.0012833799269382719,0.15792652258631953,2,5,0.8685377915277299,-1.0,True,0.002319304858410945,1.0997680695141585,0.5009917355371901
aff11_wu100k_m128_seed3,11,3,True,0.010004000448709787,0.9999990091723348,9.908276650484753e-07,0.9999966388399958,M10r,0.3158721623265066,0.999999857237151,1.4276284919915958e-07,0.9999964830519451,M9l,0.3156091371401794,0.2755411280820982,11,0.0006547976833340945,0.15793619816110074,9,10,0.9568065055020629,-1.0,True,0.001914610944771321,1.0998085389055225,0.5006611570247934
aff11_wu100k_m128_seed3,11,4,True,0.008386630797278133,0.9999997234345268,2.7656547316942584e-07,0.9999964737402768,M6r,0.31599074250005676,0.9999986039603334,1.3960396664449635e-06,0.999996499953816,M1l,0.31553390385870933,0.27547094937611294,11,0.0019735406576246502,0.15799555595494716,1,6,0.9518547236519036,-1.0,True,0.0023462297778179294,1.0997653770222182,0.5007438016528926
aff11_wu100k_m128_seed3,11,5,True,0.006535493068513684,0.999999225836417,7.741635832369777e-07,0.9999953877766795,M10r,0.3158615378537207,0.9999967015053126,3.2984946873847526e-06,0.999991377225527,M5l,0.3159056385802324,0.2755367128217997,11,0.000720116741015285,0.15793100460331458,5,10,0.932871920926882,-1.0,True,0.002556598351339146,1.0997443401648657,0.5015702479338843
aff11_wu100k_m128_seed3,11,6,True,0.00018666907020414457,0.9604828065029847,0.03951719349701519,0.3478623054137496,M7r,0.5131748340458053,0.9927385282651081,0.007261471734892004,0.832184692550453,M10l,0.39748174943201836,0.2760073689819331,11,1.0187821168197688,0.15789732903292464,10,9,0.2851177481570992,-1.0,False,0.6698691871056287,1.0330130812894374,0.4997520661157025
aff11_wu100k_m128_seed3,11,7,True,0.009172326019414973,0.999999481891361,5.181086388610326e-07,0.999995688554078,M5r,0.3158539096465096,0.9999991413834604,8.586165395101464e-07,0.9999950928718636,M9l,0.3156095650405291,0.275462164809322,11,0.0025477332853644555,0.1579272046753996,9,5,0.9424247936358892,-1.0,True,0.0027340108276167623,1.0997265989172382,0.49892561983471073
aff11_wu100k_m128_seed3,11,8,True,0.0062373754716290265,0.9999988270869988,1.1729130011176241e-06,0.9999961663505748,M10r,0.31586417520450566,0.9999987023010598,1.2976989405126206e-06,0.9999964230333015,M1l,0.31552255542452096,0.27552302203420054,11,0.004053596279023335,0.15793234611154616,1,10,0.9247545302309883,-1.0,True,0.003531523811760616,1.099646847618824,0.5015702479338843
aff11_wu100k_m128_seed3,11,9,True,0.01991743167774454,4.2911598906135226e-06,0.999995708840108,1.0855001561837085e-06,M2r,1.2255781682445007e-06,4.32535304189853e-06,0.9999956746469568,1.2500596531234959e-06,M5l,2.046472982380134e-06,0.2748856348280391,10,0.2875320340312991,0.24978145918383082,8,4,0.0005376843389597928,-1.0,False,0.9999918201370249,1.0000008179862978,0.5158677685950414
aff11_wu100k_m128_seed3,11,10,True,0.002250616305069018,0.9961652705883147,0.0038347294116853376,0.7308097362493188,M5r,0.41970651023422995,0.9984625237139378,0.0015374762860619914,0.38427479856929675,M9l,0.7217939908519772,0.27546974099426924,11,0.32261000566091524,0.15795062746649668,9,5,0.20831580122331622,-1.0,True,0.6638760244201183,1.0336123975579883,0.4988429752066116
aff11_wu100k_m128_seed3,11,11,True,0.006860054598136516,0.9999977350821619,2.264917838139979e-06,0.9999940888715056,M8r,0.31586171608980895,0.9999990836237929,9.163762071610795e-07,0.9999956359260321,M0l,0.3155852240543508,0.2754451961691792,11,0.001837690563686198,0.1579314877957683,0,8,0.8739272251021851,-1.0,True,0.0026074033898018864,1.09973925966102,0.4994214876033058
aff11_wu100k_m128_seed3,11,12,True,0.008415139983460204,0.9999992518680831,7.481319172947934e-07,0.9999963024745648,M0r,0.3159818549309584,0.9999998308630783,1.6913692179118636e-07,0.9999950401643926,M0l,0.3155916006720839,0.2757105650721312,11,0.0031830524471791848,0.15799119622609306,0,0,0.9271297045497531,-1.0,True,0.0030559189008388787,1.099694408109916,0.49925619834710744
aff11_wu100k_m128_seed3,11,13,True,0.006860997862802258,0.999999812324574,1.87675425877351e-07,0.999995865812575,M3r,0.31569213517396505,0.9999990267366777,9.732633225388665e-07,0.9999946429485888,M9l,0.3156098053444412,0.2756039699926183,11,0.0006704905360602875,0.15784620214079997,9,3,0.8882736456619247,-1.0,True,0.002224194973743012,1.0997775805026258,0.49925619834710744
aff11_wu100k_m128_seed3,11,14,True,0.00688276658832734,0.9999990249125017,9.750874981218973e-07,0.9999963006105479,M8r,0.31584619585380963,0.9999989179427743,1.082057225837764e-06,0.9999961597479613,M1l,0.3155402917423944,0.27543215555248973,11,0.004035142024988995,0.15792349036537207,1,8,0.9260605761341024,-1.0,True,0.0034995486737591486,1.0996500451326239,0.5000826446280991
aff11_wu100k_m128_seed3,11,15,True,0.006505765599355084,0.999999147179764,8.52820235869896e-07,0.9999950875385023,M2r,0.31589480659248165,0.9999993042494207,6.95750579169324e-07,0.9999956974723403,M5l,0.3159090351557001,0.2755991754092349,11,0.0004946624002057752,0.1579477140198087,5,2,0.8993290112640877,-1.0,True,0.0021218538100897617,1.099787814618991,0.4993388429752066
aff11_wu100k_m128_seed3,11,16,True,0.006272249483206346,0.9999992322174837,7.677825164084867e-07,0.999996124206157,M6r,0.3159947875205452,0.9999998255627623,1.7443723781819926e-07,0.9999973866630383,M9l,0.31560884573661313,0.2754712302732663,11,0.0007701526071914851,0.15799768291273014,9,6,0.8998012835496318,-1.0,True,0.0018435683202380243,1.0998156431679762,0.49793388429752067
aff11_wu100k_m128_seed3,11,17,True,0.005523265378969748,0.9999991030342049,8.969657949846461e-07,0.9999964737855261,M4r,0.31617760883330287,0.9999991824611603,8.175388395685869e-07,0.9999956514263346,M2l,0.31562272906931726,0.27575157536482714,11,0.0014722148131183985,0.15808893624315506,2,4,0.903162195311269,-1.0,True,0.002230649581004266,1.0997769350418996,0.5
aff11_wu100k_m128_seed3,11,18,True,0.005268495318159172,0.9999979946909636,2.0053090359523682e-06,0.9999930757140263,M10r,0.315857508474156,0.9999989888503408,1.0111496593215928e-06,0.9999954229412235,M7l,0.31551052543144614,0.27552577909766834,11,0.0016675991763743228,0.1579290664912061,7,10,0.9110886019215874,-1.0,True,0.002648448249113715,1.0997351551750887,0.503305785123967
aff11_wu100k_m128_seed3,11,19,True,0.007652197844740055,0.9999993393074471,6.60692552786257e-07,0.9999962613541302,M6r,0.31599888591410297,0.9999998201108399,1.7988916026759436e-07,0.9999970052332782,M9l,0.31561667910323754,0.275478258639485,11,0.0007676565965793325,0.15799970709735683,9,6,0.9410564399020552,-1.0,True,0.0018884576002252981,1.0998111542399773,0.5028925619834711
aff11_wu100k_m128_seed3,11,20,True,0.006089835733792013,0.9999996864053785,3.1359462107214754e-07,0.9999952681068959,M2r,0.315908344799118,0.9999991440167113,8.559832887625018e-07,0.9999917581544872,M9l,0.31561067850948044,0.27562106111441514,11,0.0010266653969823781,0.1579544997966956,9,2,0.9041446523279596,-1.0,True,0.0026383906357595323,1.099736160936424,0.49793388429752067
aff11_wu100k_m128_seed3,11,21,True,0.009236433681904105,0.9999988933930307,1.1066069694262925e-06,0.9999939490464718,M2r,0.31591666611941915,0.9999995294462086,4.705537910925111e-07,0.9999952018268518,M10l,0.3156501262093296,0.2755954728922324,11,0.0019151231719974778,0.15795898454632684,10,2,0.9498740170367267,-1.0,True,0.002652468395737204,1.0997347531604262,0.4962809917355372
aff11_wu100k_m128_seed3,11,22,True,0.007475697669060043,0.9999995001294039,4.998705963317677e-07,0.9999966225206216,M8r,0.3158437471819633,0.9999993585119133,6.414880869487251e-07,0.9999969093354748,M5l,0.3159010036322004,0.2754337338823508,11,0.0031033710754091795,0.15792204361417633,5,8,0.9246024197254497,-1.0,True,0.0028004110165801817,1.099719958898342,0.5002479338842976
aff11_wu100k_m128_seed3,11,23,True,0.006597470116317291,0.9999998497915169,1.5020848327220912e-07,0.9999972311682453,M0r,0.31597602558552146,0.9999994858462515,5.141537483322969e-07,0.999994957893765,M8l,0.3157583309319224,0.27570865109819975,11,0.0016078598489999334,0.1579882394470676,8,0,0.8975279851212299,-1.0,True,0.0022281762112846396,1.0997771823788716,0.5003305785123967
aff11_wu100k_m128_seed3,11,24,True,0.007973024083754589,0.9999996341465265,3.65853473557971e-07,0.9999951159717623,M1r,0.31607973264734374,0.9999994697274299,5.302725700020683e-07,0.9999968342913619,M2l,0.31562126523737777,0.2756010430516551,11,0.0032949446904313277,0.15803992749879467,2,1,0.9122739384861457,-1.0,True,0.003145008148297976,1.0996854991851701,0.49867768595041323
aff11_wu100k_m128_seed3,11,25,True,0.007265043635353865,0.9999984786673161,1.5213326841966166e-06,0.9999937037322099,M10r,0.3158556712627513,0.9999994837714904,5.162285097509862e-07,0.9999960271958749,M8l,0.31576368485453554,0.2755246277341913,11,0.000555168973262819,0.1579280363631105,8,10,0.9424672025233668,-1.0,True,0.0022607276913998277,1.09977392723086,0.49900826446280994
aff11_wu100k_m128_seed3,11,26,True,0.0054289936014340155,0.9999992913331186,7.086668812758205e-07,0.9999954190855227,M3r,0.31565474915998304,0.9999989718825225,1.0281174773587582e-06,0.9999935480510911,M8l,0.31575712570379344,0.27558481548556496,11,0.0007226042432727038,0.15782767433974493,8,3,0.8991350842157076,-1.0,True,0.002390243800182576,1.0997609756199818,0.5024793388429752
aff11_wu100k_m128_seed3,11,27,True,0.007464008113397506,0.9999991718627651,8.281372345482759e-07,0.9999946647142097,M8r,0.315851703965518,0.9999989952255282,1.0047744717315971e-06,0.9999924070902957,M1l,0.3155343362001901,0.27542580120382665,11,0.0036261135393668487,0.15792615589066342,1,8,0.9218926291260829,-1.0,True,0.003625953654319416,1.099637404634568,0.49925619834710744
aff11_wu100k_m128_seed3,11,28,True,0.009140364835289662,0.9999996734977197,3.265022804295154e-07,0.9999963059708148,M0r,0.3159511418424828,0.9999991300662221,8.699337779336758e-07,0.9999961164249812,M5l,0.31590655091772313,0.27567650230073576,11,0.0018221723032410062,0.15797578412470129,5,0,0.9296567240244135,-1.0,True,0.002242205861728674,1.0997757794138272,0.5000826446280991
aff11_wu100k_m128_seed3,11,29,True,0.009459518380104217,0.9999988266094124,1.1733905875988545e-06,0.9999962900029536,M3r,0.315691601900073,0.9999986994181401,1.3005818597844218e-06,0.9999947286306189,M5l,0.3159108009342144,0.2755923928643379,11,0.0010129973763068703,0.1578461530019611,5,3,0.9226978035541005,-1.0,True,0.002176829168708763,1.0997823170831291,0.5008264462809917
aff11_wu100k_m128_seed3,11,30,True,0.00753334699470286,0.9999992325456779,7.674543221656196e-07,0.9999965780117679,M8r,0.3158462654272005,0.9999975524334321,2.4475665676717573e-06,0.9999929733069453,M10l,0.3156471695648383,0.27543831149957,11,0.0016660728298619793,0.15792338721572236,10,8,0.9312680563554536,-1.0,True,0.002568399848718693,1.0997431600151284,0.498595041322314
aff11_wu100k_m128_seed3,11,31,True,0.009269766247659399,0.9999995731104765,4.268895235316122e-07,0.9999968130665284,M4r,0.31617608238239087,0.9999994248448999,5.751551002671279e-07,0.9999970560125933,M1l,0.3155305344645563,0.27574714294733005,11,0.0031272978904409955,0.15808797724211232,1,4,0.9564589076214085,-1.0,True,0.0028391977656400023,1.099716080223436,0.500495867768595
aff11_wu100k_m128_seed3,11,32,True,0.008557516415297008,0.9999987548311293,1.2451688707427703e-06,0.9999949267181891,M2r,0.3159057844741239,0.9999986693248336,1.3306751663569494e-06,0.9999951881862786,M0l,0.3155811068982363,0.2755950717560155,11,0.0019013097736793269,0.15795328676332684,0,2,0.9432930810163929,-1.0,True,0.0025168521919638593,1.0997483147808036,0.5007438016528926
aff11_wu100k_m128_seed3,11,33,True,0.007723352199288444,0.9999991055351743,8.944648255726295e-07,0.9999934357079354,M2r,0.3158964348177477,0.9999996743735425,3.25626457326938e-07,0.9999961108484564,M1l,0.3155349561950858,0.2755990115921079,11,0.0016550170321836199,0.15794871145833694,1,2,0.9242131595894706,-1.0,True,0.0025132857652019488,1.0997486714234797,0.49983471074380165
aff11_wu100k_m128_seed3,11,34,True,0.006588167162437797,0.9999994733564052,5.266435946958444e-07,0.9999949958410184,M3r,0.31569348725838103,0.9999995587957895,4.412042106093793e-07,0.9999945982284769,M10l,0.31566511279205495,0.27559013538099836,11,0.0005473771706517634,0.15784707973879333,10,3,0.8978525454191951,-1.0,True,0.002269894284108311,1.0997730105715893,0.5055371900826446
aff11_wu100k_m128_seed3,11,35,True,0.008017309540107863,0.9999994518815912,5.481184087629204e-07,0.9999969913821891,M4r,0.3161891670738114,0.9999992524709214,7.475290789515709e-07,0.9999960190834901,M0l,0.31558200357004945,0.2757389098426061,11,0.0024473078100861554,0.1580946393309558,0,4,0.937897645621446,-1.0,True,0.002565297922801688,1.0997434702077198,0.5001652892561983
aff11_wu100k_m128_seed3,11,36,True,0.007342587435241673,0.9999989640074014,1.0359925983267442e-06,0.9999948040077202,M3r,0.3156835450938039,0.9999993500413104,6.499586898280526e-07,0.9999958022371285,M1l,0.31553438530336503,0.27558569029889124,11,0.003002387421435651,0.1578420351278616,1,3,0.9259931514343834,-1.0,True,0.0030228766427430973,1.0996977123357257,0.5012396694214876
aff11_wu100k_m128_seed3,11,37,True,0.00463599303247048,0.9999981130159155,1.8869840848418683e-06,0.9999938719710982,M4r,0.3161825658967393,0.999998624817932,1.3751820681126382e-06,0.999995112403084,M7l,0.3155039910683674,0.27576747782966093,11,0.0013541585283120526,0.15809154814473014,7,4,0.8755179937161396,-1.0,True,0.002518781926850894,1.0997481218073148,0.5022314049586777
aff11_wu100k_m128_seed3,11,38,True,0.006720277547462367,0.9999991998959256,8.001040743936787e-07,0.999993499955576,M3r,0.31569699882446267,0.9999992177730085,7.822269916193333e-07,0.9999941068807517,M9l,0.31561291684049053,0.27558336231082053,11,0.0005839966116653232,0.15784889545305392,9,3,0.8862622038701147,-1.0,True,0.0025071504128977126,1.09974928495871,0.500495867768595
aff11_wu100k_m128_seed3,11,39,True,0.007199280242588719,0.9999987100877462,1.289912253630159e-06,0.9999946549425803,M6r,0.31600062232183646,0.9999994327167818,5.672832177683362e-07,0.9999937125535615,M0l,0.3155961525057744,0.27546975144427166,11,0.0023793121471070698,0.1580006904718823,0,6,0.9184079095118994,-1.0,True,0.002955569122590141,1.099704443087741,0.5009090909090909
aff11_wu100k_m128_seed3,11,40,True,0.0061703652316891225,0.9999995227561912,4.772438089188423e-07,0.9999977312398783,M10r,0.3158568072104756,0.9999993733365066,6.266634935473462e-07,0.9999956071387162,M0l,0.3155999201217323,0.2755303053699421,11,0.0014275964222385808,0.15792847429844747,0,10,0.9176355835968794,-1.0,True,0.002073022138731262,1.0997926977861268,0.501900826446281
aff11_wu100k_m128_seed3,11,41,True,0.00836151784649135,0.9999993544202034,6.455797969177162e-07,0.9999954373939282,M5r,0.31585702542153443,0.9999996254050202,3.7459498001990255e-07,0.9999975977722301,M5l,0.3159189326536951,0.27545448206745216,11,0.0021451426363777977,0.1579288777517146,5,5,0.9257189912086172,-1.0,True,0.0023867222087985704,1.0997613277791203,0.5026446280991735
aff11_wu100k_m128_seed3,11,42,True,0.006048781878297803,0.9999989143566607,1.0856433391876784e-06,0.9999956614470243,M5r,0.3158759305202656,0.999999439373446,5.606265542874929e-07,0.9999943906834187,M1l,0.31554363479598163,0.2754710382119367,11,0.004204569611550778,0.1579382623857881,1,5,0.8796377828427697,-1.0,True,0.0037848529138217878,1.099621514708618,0.5020661157024794
aff11_wu100k_m128_seed3,11,43,True,0.01678082905376985,2.6808554694046846e-06,0.9999973191445288,5.217524064320872e-07,M5l,7.617309758990362e-07,3.4144603305196843e-06,0.9999965855396682,6.950455792389089e-07,M7l,9.596122489302851e-07,0.22293524358402655,11,0.46365699065946453,0.22547039695446217,2,0,0.0007843990339724458,-1.0,False,1.0000072496742736,0.9999992750325728,0.4746280991735537
aff11_wu100k_m128_seed3,11,44,True,0.006250026042050552,0.9999989730985036,1.0269014963729916e-06,0.9999942020999805,M2r,0.315899422752134,0.9999970164174233,2.9835825769224646e-06,0.9999937942971497,M1l,0.31552526142581766,0.2756034066610049,11,0.0021734642899426913,0.1579501642996408,1,2,0.9113231525600792,-1.0,True,0.0028303255362283745,1.0997169674463771,0.4993388429752066
aff11_wu100k_m128_seed3,11,45,True,0.01812365064642968,4.484530877363657e-06,0.9999955154691212,9.387552441074005e-07,M4r,2.425000446847924e-06,3.976827340858552e-06,0.9999960231726572,9.00815202730329e-07,M1l,1.198077565215108e-06,0.21080223238752402,11,0.37650379184247335,0.1824455701532434,3,7,0.000517225319555184,1.0,False,1.0000022268970077,0.9999997773102992,0.4982644628099174
aff11_wu100k_m128_seed3,11,46,True,0.00860599169449074,0.999999467650879,5.323491211342546e-07,0.999994612479253,M1r,0.3160637448167426,0.9999993601919166,6.398080833171696e-07,0.9999947785981183,M5l,0.3159031474012301,0.27559531905763573,11,0.0028462785609894505,0.1580318937059201,5,1,0.9338166821817462,-1.0,True,0.0030325371823601535,1.099696746281764,0.49892561983471073
aff11_wu100k_m128_seed3,11,47,True,0.007805239659910265,0.9999994401630031,5.598369969303399e-07,0.9999957208401625,M5r,0.31586000777234785,0.9999996403110804,3.596889196955478e-07,0.9999964615586943,M1l,0.31553321106307863,0.2754570141301027,11,0.0041112678376111255,0.15793021056207737,1,5,0.9251329038895213,-1.0,True,0.0034993378931482233,1.0996500662106852,0.49735537190082646
aff11_wu100k_m128_seed3,11,48,True,0.0072380413075189024,0.9999985292502888,1.4707497113687759e-06,0.9999963383545161,M6r,0.3159970993961272,0.9999988102710079,1.189728992160298e-06,0.9999948149677766,M5l,0.3159076069048747,0.2754911005778251,11,0.0015635237268681972,0.15799890821599163,5,6,0.948550523488327,-1.0,True,0.0023419088959751788,1.0997658091104026,0.49867768595041323
aff11_wu100k_m128_seed3,11,49,True,0.008278139430217133,0.9999996373888691,3.6261113084909956e-07,0.9999963939404174,M10r,0.3158505468606569,0.9999987609244444,1.23907555566664e-06,0.9999968067917556,M1l,0.31553522663099765,0.2755112165099693,11,0.0012886500748750269,0.15792550509961764,1,10,0.9497482275789726,-1.0,True,0.002063896807410447,1.099793610319259,0.49900826446280994
aff11_wu100k_m128_seed3,11,50,True,0.007923497929693688,0.9999997872720243,2.1272797560950727e-07,0.9999958861633461,M2r,0.31590769390222123,0.9999994240993166,5.759006833067121e-07,0.9999965724534098,M2l,0.31561973841429675,0.27560746287070226,11,0.002585050165645649,0.15795420008668765,2,2,0.9228644841804238,-1.0,True,0.0026246797815022136,1.09973753202185,0.49950413223140494
aff11_wu100k_m128_seed3,11,51,True,0.005878132940082142,0.9999994299995784,5.700004217591815e-07,0.9999967624829521,M6r,0.31600536371051174,0.9999996921529654,3.0784703420394445e-07,0.9999957048610256,M10l,0.31566274489674134,0.2754750356739437,11,0.0014829914089862434,0.1580029558781722,10,6,0.9203645369241152,-1.0,True,0.0021916273922009404,1.0997808372607798,0.49958677685950414
aff11_wu100k_m128_seed3,11,52,True,0.008267108567056055,0.9999998572259154,1.427740844224328e-07,0.99999620751213,M8r,0.3158445204301058,0.9999996568749342,3.431250654909316e-07,0.9999959272993046,M9l,0.3156046961129221,0.27542171501346957,11,0.00047059094419727387,0.15792252951618052,9,8,0.9439832169912649,-1.0,True,0.0020046881050959525,1.0997995311894904,0.4984297520661157
aff11_wu100k_m128_seed3,11,53,True,0.009112041905884495,0.9999993163551396,6.836448602611695e-07,0.999995555141105,M6r,0.3159850752714518,0.9999989227286106,1.077271389526191e-06,0.9999946451341505,M8l,0.3157653508936909,0.2754892141300042,11,0.0017622021974885711,0.1579928639731242,8,6,0.9524301979993485,-1.0,True,0.002510592543655337,1.0997489407456345,0.5013223140495868
aff11_wu100k_m128_seed3,11,54,True,0.008524357408782872,0.9999995727037089,4.2729629112642365e-07,0.9999968433654003,M6r,0.31599408233872306,0.9999997017565591,2.9824344088456184e-07,0.9999960413021278,M10l,0.3156548343903302,0.27547538863207965,11,0.0012140142051912655,0.15799731723426985,10,6,0.952070447107443,-1.0,True,0.0020299320084806514,1.099797006799152,0.4988429752066116
aff11_wu100k_m128_seed3,11,55,True,0.009276101344568709,0.9999995299098642,4.700901361410758e-07,0.9999965348065317,M5r,0.315861844308062,0.9999988404772188,1.1595227812063978e-06,0.999993640577911,M10l,0.31564969441718094,0.27545024481122893,11,0.0017441474986615057,0.15793125808474454,10,5,0.9507690081289861,-1.0,True,0.002559351225931815,1.0997440648774068,0.4940495867768595
aff11_wu100k_m128_seed3,11,56,True,0.006206059778345814,0.9999990601155617,9.398844379940153e-07,0.9999959040540654,M1r,0.3160767937747554,0.9999995337663571,4.662336428959172e-07,0.9999959184058205,M0l,0.31560286805986126,0.2756053403216075,11,0.0008655376862031678,0.15803856896898097,0,1,0.8998581300708174,-1.0,True,0.0020556877973868966,1.0997944312202612,0.5007438016528926
aff11_wu100k_m128_seed3,11,57,True,0.012273497860192377,3.657843866059219e-06,0.9999963421561323,1.1027400860116365e-06,M3r,1.4892920690277253e-06,3.0332105569231793e-06,0.9999969667894419,7.673127625471614e-07,M9l,9.110921579365421e-07,0.2874163814632745,11,0.29714847712111975,0.3194538769039497,8,4,0.0012331042698797137,-1.0,False,0.9999970628428104,1.000000293715719,0.4954545454545455
aff11_wu100k_m128_seed3,11,58,True,0.008052654392779591,0.9999991255645992,8.744354008066229e-07,0.9999945222711404,M10r,0.31586272184307823,0.9999993130995695,6.869004304185568e-07,0.9999949669652226,M10l,0.3156681028078961,0.2755163043988987,11,0.0007567867452751745,0.1579317893662352,10,10,0.9535180301679836,-1.0,True,0.0023026818934697123,1.099769731810653,0.4952892561983471
aff11_wu100k_m128_seed3,11,59,True,0.009025396653655895,0.9999992083320207,7.916679792879322e-07,0.9999961157542658,M0r,0.31596069632361934,0.9999995915893557,4.0841064436235677e-07,0.999997263333669,M9l,0.315603449221634,0.2756919545978914,11,0.0008485729801196078,0.15798063821113517,9,0,0.9147823171520159,-1.0,True,0.0018827826456229682,1.0998117217354377,0.5008264462809917
aff11_wu100k_m128_seed3,11,60,True,0.0069999913556482,0.9999997360129564,2.639870437332678e-07,0.9999968924374477,M6r,0.31599263300301633,0.9999988680089461,1.1319910535352043e-06,0.9999960617223344,M2l,0.3156214888253028,0.2754824136590432,11,0.0019414575229394616,0.1579964575382925,2,6,0.9011257924116064,-1.0,True,0.0023577593111105293,1.099764224068889,0.4960330578512397
aff11_wu100k_m128_seed3,11,61,True,0.005600366486923291,0.9999993375701526,6.624298476252695e-07,0.999992263773457,M4r,0.3161581975320825,0.9999992692137649,7.307862349486967e-07,0.999992831022873,M5l,0.3159079709737359,0.2757501724296417,11,0.0009105630257307837,0.15807894190525734,5,4,0.8952486180301954,-1.0,True,0.002824627873490095,1.0997175372126509,0.5013223140495868
aff11_wu100k_m128_seed3,11,62,True,0.017766353373476262,3.2444647403091704e-06,0.9999967555352584,6.225334473773865e-07,M3r,1.0774565293500518e-06,2.2311588403817964e-06,0.9999977688411585,6.503277252074071e-07,M0r,5.965274143036139e-07,0.3392138514440744,11,0.19275366977944614,0.2763363418866996,4,10,0.0003756556984083766,-1.0,False,1.000002685703485,0.9999997314296513,0.48991735537190084
aff11_wu100k_m128_seed3,11,63,True,0.005118935517336332,0.999999192803167,8.071968330950486e-07,0.9999944234585557,M10r,0.3158570147243641,0.9999995215479536,4.784520466728214e-07,0.9999948095078223,M10l,0.3156640518568956,0.2755398022489849,11,0.003937349349921877,0.15792862914760586,10,10,0.9100075003847589,-1.0,True,0.0036486708481242363,1.0996351329151874,0.5021487603305785
aff11_wu100k_m128_seed3,11,64,True,0.0079022768124213,0.9999988742547171,1.1257452829570295e-06,0.9999960516967449,M8r,0.3158498252414029,0.99999903588671,9.641132903339852e-07,0.9999954811730641,M2l,0.31561631575830856,0.27542291368209393,11,0.0008153473779207468,0.1579252990782227,2,8,0.9156790560595975,-1.0,True,0.0020980898627103706,1.0997901910137289,0.500495867768595
aff11_wu100k_m128_seed3,11,65,True,0.009351502671406626,0.9999998440896272,1.5591037275559293e-07,0.9999971934506751,M5r,0.31585380357376985,0.9999993242021125,6.757978875523696e-07,0.9999967097463258,M7l,0.31551495067021273,0.275471707687027,11,0.002180091499641177,0.1579271075053702,7,5,0.9453629704687236,-1.0,True,0.0023010716191485038,1.099769892838085,0.495702479338843
aff11_wu100k_m128_seed3,11,66,True,0.008913184229647349,0.9999991847522578,8.152477421370901e-07,0.9999962819809974,M1r,0.3160641161113619,0.9999993482603355,6.51739664505262e-07,0.9999947028426667,M10l,0.3156466596678781,0.2755954104140871,11,0.0013645386937725021,0.15803232642068538,10,1,0.9423367297751767,-1.0,True,0.0023242390382697837,1.0997675760961731,0.4985123966942149
aff11_wu100k_m128_seed3,11,67,True,0.008539356610166776,0.999999377971594,6.220284061438922e-07,0.9999970756879449,M10r,0.3158576247800314,0.9999978289776357,2.1710223644347205e-06,0.9999953287789697,M7l,0.3154969473755199,0.2755314986815139,11,0.0013143928549838237,0.1579289096646602,7,10,0.9442329168024622,-1.0,True,0.0021566013744261417,1.0997843398625575,0.4982644628099174
aff11_wu100k_m128_seed3,11,68,True,0.00545231922975787,0.9999991827976998,8.172023002092906e-07,0.9999940542674417,M2r,0.31589628060783664,0.9999997130050059,2.869949945164359e-07,0.9999958591879449,M8l,0.31575546849081665,0.27558992420763345,11,0.0011438804192841422,0.15794846464645992,8,2,0.8689477493330716,-1.0,True,0.002281707465296239,1.0997718292534704,0.5009090909090909
aff11_wu100k_m128_seed3,11,69,True,0.009617816846667846,0.9999997960625644,2.039374357566643e-07,0.9999972067070239,M8r,0.3158562410472534,0.9999983410030654,1.658996934616252e-06,0.9999961046835182,M7l,0.31552212419885306,0.2754416480062778,11,0.001791170354575498,0.15792832377196392,7,8,0.9461265374435794,-1.0,True,0.002244497093795207,1.0997755502906201,0.5005785123966943
aff11_wu100k_m128_seed3,11,70,True,0.006814058004906577,0.999999671085828,3.289141720691057e-07,0.9999942299551773,M5r,0.315846282073375,0.9999995724453914,4.2755460869223924e-07,0.9999959994647446,M0l,0.3155771196410648,0.2754703589189029,11,0.002855811393467338,0.15792339392839655,0,5,0.8901709519237874,-1.0,True,0.0030594912503215796,1.0996940508749677,0.4974380165289256
aff11_wu100k_m128_seed3,11,71,True,0.007615777045091604,0.9999998913978283,1.08602171798052e-07,0.9999982378673895,M1r,0.3160816270128184,0.9999992396460974,7.603539026729406e-07,0.9999948116947397,M1l,0.31553281841402475,0.275607363398303,11,0.0034025563581047105,0.15804092517040133,1,1,0.9235236477461055,-1.0,True,0.003119764171044921,1.0996880235828954,0.5008264462809917
aff11_wu100k_m128_seed3,11,72,True,0.008604773658528828,0.9999997927460877,2.0725391247867826e-07,0.9999969202725744,M6r,0.31599261325386235,0.9999989758333956,1.0241666042946494e-06,0.9999944644833149,M7l,0.3155158072403472,0.2754947092850935,11,0.0022191237321794255,0.1579965262556673,7,6,0.9413459853687317,-1.0,True,0.0026175744029085096,1.0997382425597093,0.49950413223140494
aff11_wu100k_m128_seed3,11,73,True,0.006736158839626506,0.9999988834623941,1.1165376057988986e-06,0.9999936611986477,M2r,0.3158941143703996,0.9999995149697803,4.850302193840223e-07,0.9999961705751186,M8l,0.31576361846879886,0.27559505441868176,11,0.001872416021616029,0.15794732444107829,8,2,0.9210193505259295,-1.0,True,0.0025283709292983265,1.09974716290707,0.49983471074380165
aff11_wu100k_m128_seed3,11,74,True,0.0066018655970580395,0.9999995126954294,4.873045708808979e-07,0.999997426363503,M6r,0.31600692784403617,0.999998260760176,1.7392398236928197e-06,0.9999948053569048,M1l,0.3155431294244089,0.27547309638735074,11,0.002372195994844768,0.15800370219680457,1,6,0.9481530655887417,-1.0,True,0.0026345018993423784,1.099736549810066,0.4975206611570248
aff11_wu100k_m128_seed3,11,75,True,0.006791818614429619,0.9999995394596628,4.6054033727265485e-07,0.9999941108692914,M2r,0.3159028958507384,0.9999991270526436,8.729473565763731e-07,0.9999962307010734,M5l,0.315912588195761,0.27560055453397636,11,0.002322533036978929,0.15795200604443965,5,2,0.9099333965965004,-1.0,True,0.002685118706481108,1.0997314881293516,0.501404958677686
aff11_wu100k_m128_seed3,11,76,True,0.007074105285148579,0.9999986637064678,1.3362935324587576e-06,0.9999961482312704,M4r,0.31618686106295685,0.9999995452547434,4.547452565146679e-07,0.9999960534150915,M9l,0.3156110698875933,0.27575992656405157,11,0.0008898815039180428,0.15809360773084305,9,4,0.9277442891671811,-1.0,True,0.002081389438880996,1.0997918610561117,0.4996694214876033
aff11_wu100k_m128_seed3,11,77,True,0.004547884956164342,0.9999994893467924,5.10653207875898e-07,0.9999933428327372,M10r,0.31587364112819105,0.9999995845620432,4.1543795681718305e-07,0.9999943366805502,M8l,0.3157572219982488,0.27551874127527765,11,0.0018148675749292582,0.1579367708768498,8,10,0.9073946101699075,-1.0,True,0.002798997987656119,1.099720100201234,0.5005785123966943
aff11_wu100k_m128_seed3,11,78,True,0.006835394330130738,0.9999995602593303,4.397406693883196e-07,0.9999948334884812,M0r,0.31596871178184,0.9999980731666125,1.9268333875508594e-06,0.9999918819581478,M1l,0.3155332187511978,0.2756934048451787,11,0.003214622795496672,0.15798451851325562,1,0,0.8842966756430765,-1.0,True,0.003453511876066546,1.0996546488123935,0.5005785123966943
aff11_wu100k_m128_seed3,11,79,True,0.006175656856995671,0.9999995357124687,4.6428753120048055e-07,0.999996828121411,M3r,0.3156871548139272,0.9999994477834736,5.522165265697276e-07,0.9999956852441477,M8l,0.315766246249335,0.27558812083621753,11,0.0015453199579846786,0.157843842933409,8,3,0.9014305092198882,-1.0,True,0.0021885090282061617,1.0997811490971792,0.49727272727272726
aff11_wu100k_m128_seed3,11,80,True,0.00894772890768205,0.999998765926367,1.234073632800205e-06,0.9999952954147912,M3r,0.31567155227121435,0.9999998723866266,1.2761337306608048e-07,0.9999975905887417,M7l,0.31549267351079846,0.2755932148973278,11,0.0010377605231269977,0.1578361435328482,7,3,0.9429780614116151,-1.0,True,0.002035651602410826,1.0997964348397586,0.4975206611570248
aff11_wu100k_m128_seed3,11,81,True,0.005176490996714312,0.9999989483843378,1.0516156623608139e-06,0.9999931936251414,M4r,0.31618661309223806,0.9999996717166639,3.282833359289498e-07,0.9999949006546649,M2l,0.31561948615558305,0.2757564319071376,11,0.0029837551486299814,0.1580931881851869,2,4,0.8613973334437179,-1.0,True,0.003176489527207517,1.0996823510472793,0.49991735537190085
aff11_wu100k_m128_seed3,11,82,True,0.006927270734488771,0.9999996536823462,3.463176539740116e-07,0.9999965843793696,M8r,0.31585464635376204,0.9999973388083286,2.6611916713314287e-06,0.9999950086252882,M0l,0.3155842456134262,0.2754422438253438,11,0.002040799227505537,0.15792761861423937,0,8,0.9238697023040014,-1.0,True,0.002500515024927675,1.0997499484975073,0.5010743801652893
aff11_wu100k_m128_seed3,11,83,True,0.016522338510750714,4.21196257233936e-06,0.9999957880374264,8.587156125732885e-07,M10l,1.1956580565374987e-06,2.913180085881804e-06,0.9999970868199128,6.027224926884451e-07,M0r,1.002477703972457e-06,0.3866524267368928,11,0.36319797519035607,0.17105423171446438,6,9,0.001053759551481237,1.0,False,0.9999870125328456,1.0000012987467155,0.5060330578512396
aff11_wu100k_m128_seed3,11,84,True,0.005727324753468338,0.9999992548747757,7.451252244509021e-07,0.9999957451906083,M4r,0.3161861068531121,0.9999984494988633,1.5505011365709185e-06,0.9999945749247562,M5l,0.3159024727911874,0.2757613691101471,11,0.002655901586897437,0.15809312765331526,5,4,0.90844846587564,-1.0,True,0.0029402296653512215,1.0997059770334647,0.5005785123966943
aff11_wu100k_m128_seed3,11,85,True,0.014115602140929998,2.3606174341035856e-06,0.9999976393825645,3.9507563721827067e-07,M7l,7.909493462099943e-07,2.8162513902253532e-06,0.9999971837486087,5.296617688848594e-07,M5l,8.162329194473099e-07,0.30080079069139015,10,0.5074530652194037,0.20371921818992203,6,7,0.0012748746204824832,1.0,False,1.000011120775641,0.9999988879224355,0.5023140495867768
aff11_wu100k_m128_seed3,11,86,True,0.006985748795079898,0.9999996154113326,3.8458866737881596e-07,0.999994577812965,M6r,0.3159926580310363,0.9999996259777804,3.740222194911708e-07,0.9999959702338543,M2l,0.3156211290368649,0.27548570661545596,11,0.001627048076955444,0.15799651818621444,2,6,0.8870546889259819,-1.0,True,0.00240975659895789,1.0997590243401043,0.503801652892562
aff11_wu100k_m128_seed3,11,87,True,0.008395389347196396,0.999999788685235,2.1131476470225802e-07,0.9999965559529896,M1r,0.3160706895063198,0.999999648338769,3.5166123101770927e-07,0.9999969511184473,M8l,0.31575100130082323,0.2756061182451832,11,0.0015562410001636038,0.15803547424377917,8,1,0.9505990710678809,-1.0,True,0.0020847823820592227,1.0997915217617942,0.5008264462809917
aff11_wu100k_m128_seed3,11,88,True,0.005842884967634249,0.9999993688972408,6.311027593849894e-07,0.9999935423840649,M8r,0.31584252762532994,0.9999978095766657,2.1904233346221067e-06,0.9999941934725877,M5l,0.31591353178195464,0.2754188444590388,11,0.003003452731852107,0.15792172827713,5,8,0.8947939118515879,-1.0,True,0.003209484275364946,1.0996790515724633,0.4996694214876033
aff11_wu100k_m128_seed3,11,89,True,0.007461409988886635,0.9999994361450503,5.638549496981122e-07,0.9999967749827166,M0r,0.31596621358097493,0.9999989075183594,1.0924816409413507e-06,0.9999952885070222,M10l,0.3156461785250329,0.2756818903793018,11,0.0011147924359757083,0.157983307884317,10,0,0.9064538507810507,-1.0,True,0.00209318046572352,1.0997906819534278,0.49735537190082646
aff11_wu100k_m128_seed3,11,90,True,0.00765263011680071,0.9999983534680592,1.6465319410140605e-06,0.9999940147953135,M1r,0.31607744071789573,0.9999990250555282,9.749444717791617e-07,0.9999962832066763,M7l,0.31548934991616157,0.27559794074031063,11,0.0021324359005192232,0.1580389252075291,7,1,0.9072910913744503,-1.0,True,0.002638961597252481,1.0997361038402746,0.5006611570247934
aff11_wu100k_m128_seed3,11,91,True,0.006353577782580964,0.9999990482761684,9.517238314159883e-07,0.9999964830347802,M8r,0.31584592228075337,0.9999985000271687,1.4999728312954265e-06,0.9999945639441706,M8l,0.31574776951626093,0.27541880312031325,11,0.001414942097787012,0.1579231971231353,8,8,0.9166882907393658,-1.0,True,0.0023352989750308004,1.0997664701024972,0.49925619834710744
aff11_wu100k_m128_seed3,11,92,True,0.007133556980025836,0.9999989808051938,1.0191948060826206e-06,0.9999929146311399,M0r,0.3159555874964861,0.999999613730391,3.8626960908219257e-07,0.999996461230449,M1l,0.3155371184682544,0.2756689438645158,11,0.003240643876208383,0.15797824390810275,1,0,0.8888593890332007,-1.0,True,0.0032346520322999064,1.09967653479677,0.4990909090909091
aff11_wu100k_m128_seed3,11,93,True,0.008666467668171125,0.9999997980040992,2.0199590104699486e-07,0.9999955305604538,M4r,0.31616734270494884,0.9999989821786974,1.017821302626917e-06,0.9999951939066397,M10l,0.3156569835396558,0.27573747832873075,11,0.0023404159019352103,0.15808375383136844,10,4,0.9345531516050977,-1.0,True,0.002726614582905305,1.0997273385417095,0.49669421487603305
aff11_wu100k_m128_seed3,11,94,True,0.009474434506948074,0.9999994122743531,5.877256468772796e-07,0.9999954658084587,M3r,0.3156840554174182,0.9999996160817775,3.839182226401193e-07,0.999996412919384,M0l,0.31558833420260524,0.2755876987722402,11,0.0024710828109203897,0.157842252089617,0,3,0.9297585324260739,-1.0,True,0.002628578710934738,1.0997371421289066,0.501404958677686
aff11_wu100k_m128_seed3,11,95,True,0.005303667736723929,0.9999994018332703,5.981667301426448e-07,0.9999958941320021,M2r,0.315884019308321,0.9999994081252206,5.918747797055647e-07,0.9999938675962565,M7l,0.31549794238590734,0.27559850054850044,11,0.001892958562359336,0.1579423106030608,7,2,0.9089645314981112,-1.0,True,0.002571168088827025,1.0997428831911171,0.49983471074380165
aff11_wu100k_m128_seed3,11,96,True,0.005031946939753262,0.9999999079231664,9.207683364464951e-08,0.9999968896185942,M1r,0.3160707261494821,0.9999990359599915,9.640400084957977e-07,0.9999913134247437,M7l,0.315497667542184,0.2755889033063586,11,0.0013939074576169866,0.15803555665980654,7,1,0.9069990513746555,-1.0,True,0.0026358788075965915,1.0997364121192406,0.5008264462809917
aff11_wu100k_m128_seed3,11,97,True,0.005939895920755174,0.9999992236679577,7.763320426182173e-07,0.9999954245518935,M0r,0.3159637535508034,0.999999488502702,5.11497297990217e-07,0.9999944306635262,M10l,0.31565190411222777,0.275680204401371,11,0.001623077690668557,0.15798228659754282,10,0,0.8638412930867795,-1.0,True,0.002551719237006151,1.0997448280762991,0.5023140495867768
aff11_wu100k_m128_seed3,11,98,True,0.007260719818012732,0.9999996901016146,3.098983853482859e-07,0.9999934980091223,M2r,0.3159021262607237,0.9999994240703085,5.75929691724632e-07,0.9999946359562965,M9l,0.3156126346225905,0.27560812975044,11,0.0006123670517396567,0.1579514263814181,9,2,0.924832917223333,-1.0,True,0.0024435480326056047,1.0997556451967394,0.501404958677686
aff11_wu100k_m128_seed3,11,99,True,0.006334799293122634,0.9999997548675232,2.451324766714127e-07,0.9999949877799728,M8r,0.3158516661551871,0.9999984589527344,1.5410472657526627e-06,0.9999951901566805,M10l,0.315663003439235,0.27542527248384185,11,0.0022053101458135095,0.15792614067529503,10,8,0.918518186929074,-1.0,True,0.0027217979353715057,1.0997278202064629,0.5019834710743801
aff11_wu100k_m128_seed3,11,100,True,0.006832122870949727,0.99999931026154,6.897384599692722e-07,0.9999958894301633,M6r,0.3160025118906568,0.9999992386632021,7.613367981763813e-07,0.9999950996203361,M0l,0.3155818893301054,0.27547669036300415,11,0.0008879213914442519,0.15800152391379482,0,6,0.9301578682993226,-1.0,True,0.0021613339374225863,1.0997838666062576,0.5016528925619834
aff11_wu100k_m128_seed3,11,101,True,0.01618212881545561,1.967887242934089e-06,0.999998032112756,4.293442703278382e-07,M3r,7.81376908576616e-07,2.473077161356178e-06,0.9999975269228374,5.658131784949408e-07,M9l,7.34925785071998e-07,0.18724536675519024,10,0.42244617185584826,0.40147327311509956,3,0,0.0011282567393893213,-1.0,False,0.9999862629196808,1.0000013737080322,0.506198347107438
aff11_wu100k_m128_seed3,11,102,True,0.005357986403029721,0.9999978985814337,2.1014185662709384e-06,0.9999937509434016,M0r,0.31596649949614836,0.9999994267800865,5.732199135466765e-07,0.999996936522655,M8l,0.3157573426666373,0.27568714933704835,11,0.002301031942202661,0.15798380632032755,8,0,0.8874871488642829,-1.0,True,0.0026990665247001297,1.09973009334753,0.5012396694214876
aff11_wu100k_m128_seed3,11,103,True,0.00046098387483015763,0.9937755546593895,0.006224445340610685,0.30138991500413376,M10l,0.6849787960867503,0.9929241874407633,0.00707581255923682,0.3010785009056906,M10r,0.6747345986374766,0.18672969492424987,9,0.022317432251371866,0.34451077261373925,1,7,0.08318245255550712,-1.0,False,0.8480478743969718,1.0151952125603025,0.49925619834710744
aff11_wu100k_m128_seed3,11,104,True,0.017870325253851953,3.528932513020689e-06,0.9999964710674853,7.458716530999226e-07,M8r,9.010359815974544e-07,2.2631001225916968e-06,0.9999977368998763,5.460989278003859e-07,M0r,7.176195556716034e-07,0.20182868092840087,10,0.41545308489275434,0.3074000305703994,3,8,0.0002459818350764306,-1.0,False,0.9999861277808985,1.0000013872219102,0.5046280991735537
aff11_wu100k_m128_seed3,11,105,True,0.007059971923150653,0.9999998449206663,1.5507933407468586e-07,0.9999941447550804,M3r,0.31567824101658903,0.9999990155465585,9.84453441432756e-07,0.99999485472087,M10l,0.31566419187111994,0.27557837273362085,11,0.0022127670556221983,0.15783932435458278,10,3,0.9109007781364991,-1.0,True,0.0027972481484134335,1.0997202751851587,0.4948760330578512
aff11_wu100k_m128_seed3,11,106,True,0.013459665236216986,3.2953383947213995e-06,0.9999967046616038,7.518624431260395e-07,M0l,9.054009195071772e-07,3.736776693930586e-06,0.9999962632233044,9.90204528724347e-07,M10l,1.0003181720179531e-06,0.26573456993170397,11,0.4742094227434365,0.1372003036520228,3,7,0.0008493508297484889,1.0,False,0.9999909133920747,1.0000009086607926,0.49082644628099176
aff11_wu100k_m128_seed3,11,107,True,0.007086776004473743,0.9999993865275274,6.134724727380325e-07,0.9999962915104209,M3r,0.31569037897199914,0.9999993831116784,6.168883215734864e-07,0.9999942130240091,M1l,0.3155278684849893,0.2755736558886716,11,0.002522367902186933,0.15784543791688882,1,3,0.892330274440426,-1.0,True,0.0027563839968386596,1.099724361600316,0.4987603305785124
aff11_wu100k_m128_seed3,11,108,True,0.01210090343180944,3.7025824649449862e-06,0.9999962974175337,8.28572354475555e-07,M8l,1.4861520552874733e-06,4.8706657140469465e-06,0.9999951293342845,1.1143009582083046e-06,M5l,1.6604453440048465e-06,0.4845976358585819,10,0.6081524051691191,0.23339161043970974,3,3,0.0018000460470196475,-1.0,False,1.0000056738153904,0.9999994326184609,0.49785123966942146
aff11_wu100k_m128_seed3,11,109,True,0.007632905688414887,0.9999992694729496,7.305270506717359e-07,0.9999939790399388,M2r,0.31589171792344894,0.9999999191839989,8.081600153678264e-08,0.9999963071148623,M7l,0.31551731371054703,0.2756038087060139,11,0.002735545128962244,0.1579462959762695,7,2,0.9287922698238523,-1.0,True,0.0028646853075799126,1.099713531469242,0.5003305785123967
aff11_wu100k_m128_seed3,11,110,True,0.005459886239347727,0.9999993075135029,6.92486496993703e-07,0.9999948733500414,M6r,0.31599507520914993,0.9999994830720027,5.169279971695739e-07,0.999997100977914,M7l,0.3155119198193247,0.2754678745091859,11,0.002010162601551574,0.1579977558448626,7,6,0.9448089413850524,-1.0,True,0.0023767093713434116,1.0997623290628655,0.49785123966942146
aff11_wu100k_m128_seed3,11,111,True,0.005325917286304965,0.9999982482667328,1.7517332673278847e-06,0.9999923552881395,M8r,0.31584454366384007,0.9999971967158641,2.803284135925694e-06,0.9999928980421954,M8l,0.3157584072207339,0.27541026773663624,11,0.0017369629185658947,0.15792274463034034,8,8,0.9112205458164757,-1.0,True,0.0029729507230101433,1.0997027049276988,0.49892561983471073
aff11_wu100k_m128_seed3,11,112,True,0.006633557008364498,0.9999996476886975,3.523113024822087e-07,0.9999951246906504,M5r,0.31586549540911796,0.9999996592499129,3.4075008735795615e-07,0.9999917812096027,M2l,0.31561611533890294,0.2754605274165582,11,0.002242310436386032,0.1579329673363507,2,5,0.8727877688742829,-1.0,True,0.003024916178637391,1.0996975083821363,0.4975206611570248
aff11_wu100k_m128_seed3,11,113,True,0.007492707613273983,0.999999603920396,3.960796042328049e-07,0.999997154740764,M1r,0.31606437523443803,0.9999991291414965,8.708585034440686e-07,0.999995792728552,M9l,0.31560311278751507,0.27559234158317647,11,0.0013658097049647213,0.15803233117422055,9,1,0.9110560713552835,-1.0,True,0.002113458312624462,1.0997886541687376,0.5017355371900827
aff11_wu100k_m128_seed3,11,114,True,0.004863265225047958,0.9999996905418032,3.094581969461364e-07,0.9999952123273418,M4r,0.31618298926040256,0.9999991205760431,8.794239568809988e-07,0.9999895154998568,M9l,0.31561132221588695,0.2757377217645253,11,0.0009154723761030422,0.15809156539526417,9,4,0.8783495065272564,-1.0,True,0.0028192225511171182,1.0997180777448883,0.5010743801652893
aff11_wu100k_m128_seed3,11,115,True,0.007628118553578786,0.9999993174686295,6.825313706701506e-07,0.9999960658384329,M4r,0.31617433991249727,0.9999995438081309,4.561918690741267e-07,0.9999961503102589,M7l,0.3155374942939309,0.27573934372197006,11,0.0017033430564002972,0.15808726900727857,7,4,0.9383928028536178,-1.0,True,0.002346407151444976,1.0997653592848555,0.498595041322314
aff11_wu100k_m128_seed3,11,116,True,0.0013168006039147135,0.9758806860016144,0.024119313998385485,0.3736057789677542,M4r,0.5399740333029892,0.9838091843070844,0.016190815692915677,0.36944342708837036,M8l,0.5762864977514722,0.2758269138449593,11,0.013383151064256783,0.15804493905680556,10,4,0.13319899724702217,-1.0,False,0.7663215263378477,1.0233678473662153,0.5001652892561983
aff11_wu100k_m128_seed3,11,117,True,0.007951871638872642,0.9999996167462963,3.832537034553557e-07,0.9999953873422366,M3r,0.31567011623800834,0.9999980263725191,1.973627481175155e-06,0.9999934665693578,M2l,0.31560772215347627,0.2755697551078786,11,0.0015183997796384885,0.15783527052409443,2,3,0.933757182695005,-1.0,True,0.0025634587028223604,1.0997436541297179,0.5008264462809917
aff11_wu100k_m128_seed3,11,118,True,0.00800138236480335,0.9999994988938903,5.011061096021578e-07,0.9999962844110714,M0r,0.3159722961308448,0.9999988291504198,1.1708495803518487e-06,0.9999965343543039,M2l,0.315613703082005,0.2756894753401906,11,0.0019549395422134093,0.15798646648803272,2,0,0.9195452366613887,-1.0,True,0.0023207811549045524,1.0997679218845096,0.49727272727272726
aff11_wu100k_m128_seed3,11,119,True,0.005972572664926661,0.9999997154207666,2.845792338992957e-07,0.9999952314776375,M1r,0.31608270303369307,0.9999983518150489,1.6481849509783036e-06,0.9999862800153163,M9l,0.315624437403255,0.27560269525424036,11,0.0011777919488625184,0.1580415854701693,9,1,0.8843716751266031,-1.0,True,0.003215104128720117,1.099678489587128,0.4994214876033058
aff11_wu100k_m128_seed3,11,120,True,0.006429055131882916,0.9999988874683022,1.1125316981248285e-06,0.9999954737863185,M10r,0.31585936929729896,0.999999534807809,4.6519219117027237e-07,0.9999958663925154,M5l,0.3158914250588269,0.27552100178551175,11,0.0005871759485472634,0.1579297692404893,5,10,0.9157685897017864,-1.0,True,0.0020904438659961333,1.0997909556134002,0.5002479338842976
aff11_wu100k_m128_seed3,11,121,True,0.008377210860582499,0.9999994233113337,5.766886663918863e-07,0.9999962410774109,M5r,0.31586037901166125,0.9999984792547917,1.5207452082642669e-06,0.999995416949188,M8l,0.3157492792624157,0.27546859251070305,11,0.0017899502062528672,0.15793042401224408,8,5,0.9382444033202395,-1.0,True,0.002334240467687283,1.0997665759532311,0.4949586776859504
aff11_wu100k_m128_seed3,11,122,True,0.008891358541400777,0.999999088447565,9.115524349403132e-07,0.9999958295557143,M0r,0.315957766309606,0.9999996524016815,3.475983186347844e-07,0.9999964919123436,M7l,0.31551035833868835,0.2756814396251526,11,0.0018849052681270161,0.15797924466229643,7,0,0.9192778628484286,-1.0,True,0.0023074627670630907,1.099769253723294,0.49867768595041323
aff11_wu100k_m128_seed3,11,123,True,0.015338703939717589,3.222766950591929e-06,0.9999967772330485,7.806689871259562e-07,M10l,1.0191008150250472e-06,4.290703594533632e-06,0.9999957092964048,8.054753833889239e-07,M8r,1.5079670683423315e-06,0.2726229634595196,11,0.26893264634758174,0.19754651412124308,8,4,0.000984636309026707,-1.0,False,1.0000091713954047,0.9999990828604595,0.5096694214876033
aff11_wu100k_m128_seed3,11,124,True,0.006260955462368495,0.999997634465904,2.365534096453224e-06,0.9999908312665463,M5r,0.31585506759283816,0.999999566329219,4.336707808595692e-07,0.9999946488643863,M0l,0.31557571695934805,0.27546418866111544,11,0.0024945890389659296,0.15792814479847567,0,5,0.8796140904624503,-1.0,True,0.003257506171346874,1.0996742493828653,0.5020661157024794
aff11_wu100k_m128_seed3,11,125,True,0.006452168559189379,0.9999995443405005,4.5565949949058986e-07,0.9999964352941999,M1r,0.3160601142883231,0.9999975495974822,2.4504025178431247e-06,0.9999943891207074,M1l,0.31553163396374095,0.2755912183852567,11,0.0019408372576913977,0.15803005504589793,1,1,0.904036277173054,-1.0,True,0.0025876701750965347,1.0997412329824905,0.498099173553719
aff11_wu100k_m128_seed3,11,126,True,0.00687878596320195,0.999998933016658,1.0669833421707553e-06,0.9999954319047596,M1r,0.31607194842177794,0.9999992685536768,7.314463233975523e-07,0.999994542341294,M0l,0.31559339846397977,0.2755999538199484,11,0.0024483215231012436,0.15803610876988383,0,1,0.884501936097778,-1.0,True,0.002795780560400586,1.09972042194396,0.49925619834710744
aff11_wu100k_m128_seed3,11,127,True,0.008457636537377739,0.9999996228973538,3.7710264644176286e-07,0.9999961313248495,M10r,0.3158667995576072,0.999999388822011,6.111779891704653e-07,0.999996906943841,M2l,0.31561311547605436,0.2755295290588116,11,0.0007741839474323597,0.15793352546862358,2,10,0.9318239937724159,-1.0,True,0.0019029524835895099,1.0998097047516413,0.49991735537190085
aff11_wu100k_m128_seed4,11,0,True,0.005745636063397736,0.9999990240005853,9.759994151781392e-07,0.9999965782982823,M7r,0.3481301359703666,0.9999994032142886,5.967857111526094e-07,0.9999952635780249,M2l,0.3482286893498351,0.2720569857468934,11,0.000931984669034842,0.17406533936795607,2,7,0.9057803400271077,-1.0,True,0.002093402618617828,1.0997906597381382,0.5035537190082645
aff11_wu100k_m128_seed4,11,1,True,0.005172366796415868,0.9999997906208343,2.093791653323086e-07,0.999996311144246,M2r,0.3477631636263255,0.9999984632089943,1.5367910056102978e-06,0.9999928409223644,M5l,0.34813656852189767,0.27218756093942303,11,0.0009406245016887718,0.1738817012569418,5,2,0.8682972601057299,-1.0,True,0.002389145231472581,1.0997610854768525,0.49991735537190085
aff11_wu100k_m128_seed4,11,2,True,0.0067647141876420935,0.9999990396815767,9.603184232533473e-07,0.9999970109118691,M4r,0.34770372557042234,0.9999988692899391,1.1307100611328563e-06,0.9999949198606548,M5l,0.34812100294100595,0.2721172148547517,11,0.0018127295715972852,0.17385215746635338,5,4,0.9122633145741035,-1.0,True,0.0023453647487814487,1.0997654635251217,0.5027272727272727
aff11_wu100k_m128_seed4,11,3,True,0.006538655706643849,0.9999989079164536,1.0920835464933214e-06,0.9999942271401913,M9r,0.3479033766356487,0.9999992057311459,7.94268854428168e-07,0.9999959201836081,M0l,0.34791725509514054,0.2721722540312895,11,0.002314641913966291,0.17395192779324736,0,9,0.8970519239090615,-1.0,True,0.002787993336880757,1.0997212006663117,0.4994214876033058
aff11_wu100k_m128_seed4,11,4,True,0.00832986391500612,0.9999998629717739,1.370282258700503e-07,0.9999974289586708,M3r,0.3478549227355438,0.9999994402703654,5.59729635043798e-07,0.9999974248433113,M0l,0.3478910980067596,0.2721966787395688,11,0.0025466282821048525,0.17392757216810692,0,3,0.9305099674836219,-1.0,True,0.002448599981495709,1.0997551400018502,0.501404958677686
aff11_wu100k_m128_seed4,11,5,True,0.007880904812606046,0.9999994129179715,5.870820285090307e-07,0.9999971065982641,M2r,0.34777650302771357,0.999999020467096,9.795329045024682e-07,0.9999967765653484,M4l,0.34799724417496225,0.2721913017077413,11,0.001593366976139116,0.17388833897373407,4,2,0.9191832352392111,-1.0,True,0.0020488118863435647,1.099795118811366,0.4993388429752066
aff11_wu100k_m128_seed4,11,6,True,0.007604742437136166,0.9999996118188134,3.8818118680605777e-07,0.9999966250103783,M3r,0.3478583636416127,0.9999997191487494,2.808512506010531e-07,0.9999969271611936,M9l,0.34796893360954995,0.2721914252378916,11,0.0014028345157280889,0.1739293215641288,9,3,0.9119975759309416,-1.0,True,0.002047603679461319,1.099795239632054,0.5006611570247934
aff11_wu100k_m128_seed4,11,7,True,0.00885961456127309,0.9999992061518553,7.938481445452595e-07,0.9999943801421821,M2r,0.34776521800939936,0.9999994918506803,5.081493197571183e-07,0.9999967415593097,M8l,0.34804427180735475,0.272190870445957,11,0.0007409963378252328,0.17388297208906903,8,2,0.9487256505638255,-1.0,True,0.002127927477182963,1.0997872072522816,0.49611570247933884
aff11_wu100k_m128_seed4,11,8,True,0.006398507606744825,0.9999997036107615,2.963892384717361e-07,0.9999965614268997,M5r,0.3478962162659997,0.9999993026493742,6.97350625916795e-07,0.9999958635326042,M6l,0.3480953551010025,0.27219777182625104,11,0.0017470789034903745,0.17394839643418752,6,5,0.9401504666742668,-1.0,True,0.0022883122289965503,1.0997711687771003,0.4993388429752066
aff11_wu100k_m128_seed4,11,9,True,0.007453340303036031,0.9999972407076394,2.7592923608737977e-06,0.9999937286637145,M4r,0.34767788297552776,0.999999634170813,3.6582918722517736e-07,0.9999945181066653,M9l,0.34796149293005724,0.2721537632778928,11,0.003369137481640611,0.1738396132018898,9,4,0.9185986607994933,-1.0,True,0.003444430082327244,1.0996555569917674,0.4994214876033058
aff11_wu100k_m128_seed4,11,10,True,0.007548785588303246,0.9999994506564079,5.493435917716974e-07,0.9999948799195951,M9r,0.34791271117790545,0.9999994788428807,5.211571195109821e-07,0.9999958322524379,M2l,0.34820852921714573,0.27218209872205656,11,0.0018332018928199061,0.17395645407245514,2,9,0.9489845610166875,-1.0,True,0.0024860619186660724,1.0997513938081336,0.5009917355371901
aff11_wu100k_m128_seed4,11,11,True,0.007297226223404101,0.9999994465982686,5.534017317005633e-07,0.999996544255341,M3r,0.347862479562986,0.9999993082506992,6.917493008616826e-07,0.999996601078705,M4l,0.3479670616036887,0.272181167460425,11,0.002971012818677073,0.17393141292613287,4,3,0.9044483997649067,-1.0,True,0.0028018272736567602,1.0997198172726343,0.49727272727272726
aff11_wu100k_m128_seed4,11,12,True,0.0059079864778415385,0.9999989245292187,1.0754707816673753e-06,0.9999957176710494,M4r,0.34768140706082035,0.9999997812952021,2.1870479792488963e-07,0.9999958392674573,M4l,0.347963770826538,0.2721103819077284,11,0.004225362767039711,0.17384094219557103,4,4,0.8575424785587475,-1.0,True,0.0036859107959196654,1.099631408920408,0.5016528925619834
aff11_wu100k_m128_seed4,11,13,True,0.006971129920711338,0.9999991878877423,8.121122577447553e-07,0.9999961445531224,M4r,0.34769950013619133,0.9999985633694237,1.4366305765704452e-06,0.9999953241752664,M3l,0.34780694396883294,0.2721355601889405,11,0.0037594341843374722,0.17385014568968388,3,4,0.9246658363622667,-1.0,True,0.0034684382592427587,1.0996531561740757,0.4966115702479339
aff11_wu100k_m128_seed4,11,14,True,0.0067703295447291475,0.9999984199134303,1.5800865694415481e-06,0.9999950566741572,M7r,0.3481160216653751,0.9999982401744495,1.7598255504131092e-06,0.9999899970792798,M6l,0.3480818155190659,0.2720407494977001,11,0.0007470127339902978,0.17405830032037845,6,7,0.9265941167754671,-1.0,True,0.002790182374504174,1.0997209817625497,0.4977685950413223
aff11_wu100k_m128_seed4,11,15,True,0.007661262401419516,0.9999995822996659,4.17700334362061e-07,0.9999966583575377,M3r,0.34788489903676495,0.9999995366774878,4.6332251219612826e-07,0.9999967715715646,M7l,0.34796676553249956,0.27221316889501573,11,0.001800792820932617,0.17394268425132706,7,3,0.9234959627319265,-1.0,True,0.0021556277481267704,1.0997844372251875,0.5005785123966943
aff11_wu100k_m128_seed4,11,16,True,0.008948313512528826,0.9999985048614698,1.4951385301771145e-06,0.9999964796005631,M7r,0.3481047490684082,0.9999993875516383,6.12448362036656e-07,0.999995830312237,M0l,0.3478966557197655,0.27203929865539106,11,0.0005976846717678301,0.17405268890695194,0,7,0.9525658973677519,-1.0,True,0.0020195637168382344,1.0997980436283163,0.4983471074380165
aff11_wu100k_m128_seed4,11,17,True,0.007603299503344307,0.9999992092838036,7.907161965765826e-07,0.9999963435078651,M0r,0.34776973709014775,0.9999985594247562,1.440575243986744e-06,0.9999957536180524,M6l,0.34809636821158363,0.27196448234096393,11,0.0012184178240015517,0.17388522200106013,6,0,0.9409963932463185,-1.0,True,0.002130718383998736,1.0997869281616002,0.4932231404958678
aff11_wu100k_m128_seed4,11,18,True,0.006312254928287427,0.9999978706984303,2.1293015696783465e-06,0.999992578063078,M9r,0.3478682949922786,0.9999991490116892,8.509883107497828e-07,0.9999967453041345,M7l,0.3479859527068825,0.2721605158569062,11,0.002590166890511011,0.1739344302068875,7,9,0.8962340923788714,-1.0,True,0.002982642481141117,1.099701735751886,0.49925619834710744
aff11_wu100k_m128_seed4,11,19,True,0.00793289071482335,0.9999998386206143,1.6137938571704198e-07,0.999997085880521,M4r,0.3476971234137265,0.9999995712092973,4.2879070308229896e-07,0.9999957649069815,M7l,0.3479733560578018,0.2721346546040413,11,0.0023110522123693405,0.17384879296394182,7,4,0.9402544799567835,-1.0,True,0.0025114362346539717,1.0997488563765347,0.5015702479338843
aff11_wu100k_m128_seed4,11,20,True,0.006257432876545194,0.9999987963534461,1.2036465539183186e-06,0.999994654642748,M9r,0.34787270568958395,0.999999336882477,6.631175230036591e-07,0.9999954565039546,M10l,0.34817189617715183,0.27219373958943976,11,0.0030928706110396175,0.1739366137201106,10,9,0.9151599788663213,-1.0,True,0.0031201952721012236,1.09968798047279,0.5007438016528926
aff11_wu100k_m128_seed4,11,21,True,0.007529174145677773,0.9999995478901942,4.5210980600824473e-07,0.9999970344229484,M7r,0.3481429754598045,0.9999996263131772,3.736868226751174e-07,0.9999954788648803,M1l,0.3480129173099413,0.27204865677470613,11,0.0008821127024458681,0.17407166339812968,1,7,0.9313143136933598,-1.0,True,0.0020487055633719394,1.099795129443663,0.498099173553719
aff11_wu100k_m128_seed4,11,22,True,0.007316029355050726,0.9999994946969295,5.053030705705926e-07,0.9999950608058622,M5r,0.3479039111004993,0.9999991543406487,8.45659351482322e-07,0.9999940355578625,M1l,0.3479715810774872,0.27221270383649504,11,0.001872195880678706,0.17395223682500957,1,5,0.940810264946763,-1.0,True,0.002648774344419094,1.0997351225655583,0.49793388429752067
aff11_wu100k_m128_seed4,11,23,True,0.005194491151703711,0.9999988190055791,1.1809944210262112e-06,0.9999965735767005,M2r,0.3477758786737039,0.9999992460167619,7.539832375133884e-07,0.9999952460251662,M1l,0.3480292552610762,0.2721950302959743,11,0.0007057588795430741,0.1738882050159612,1,2,0.8690610793878278,-1.0,True,0.0020415307153451552,1.0997958469284657,0.502809917355372
aff11_wu100k_m128_seed4,11,24,True,0.007713488591803274,0.9999993906494852,6.093505147836854e-07,0.999997104084653,M5r,0.34788361895202563,0.9999992214075101,7.785924899183505e-07,0.9999939595968579,M10l,0.34815718208495594,0.2722053250348053,11,0.0020246404724312728,0.17394208498821712,10,5,0.9326878925275558,-1.0,True,0.0025154722918593244,1.099748452770814,0.49578512396694213
aff11_wu100k_m128_seed4,11,25,True,0.007569429754189884,0.9999995662859641,4.3371403604348616e-07,0.9999952351434406,M9r,0.3478875667368141,0.9999983233606216,1.676639378467424e-06,0.9999951496666095,M8l,0.3480727637258947,0.2721858319427581,11,0.0007774145764362853,0.17394396590229713,8,9,0.9117826240967596,-1.0,True,0.0022101893180096863,1.0997789810681988,0.5014876033057851
aff11_wu100k_m128_seed4,11,26,True,0.006717477355084032,0.9999989613247812,1.038675219117685e-06,0.9999963033590356,M0r,0.3477696669391649,0.9999996736093777,3.263906221851438e-07,0.9999968699807651,M7l,0.3479644643842821,0.271962768634149,11,0.0007896812416880881,0.173885167369786,7,0,0.9085021674618704,-1.0,True,0.001904660640692381,1.0998095339359308,0.4954545454545455
aff11_wu100k_m128_seed4,11,27,True,0.007660940505863922,0.9999991865521525,8.134478473566175e-07,0.9999952990462058,M5r,0.3479128263546619,0.9999991387296366,8.612703633029976e-07,0.9999939660340628,M2l,0.3482235949282174,0.27220631279241986,11,0.0016477498080154902,0.17395676386047698,2,5,0.9267849798137314,-1.0,True,0.002543283521675596,1.0997456716478324,0.498595041322314
aff11_wu100k_m128_seed4,11,28,True,0.008642014306664083,0.9999991561519374,8.438480626927123e-07,0.9999956168317671,M4r,0.3476970221461633,0.9999989510538557,1.0489461443218945e-06,0.9999972984467049,M1l,0.3480074501314761,0.27214655870180593,11,0.002129291933749442,0.17384863829867808,1,4,0.9504678199929912,-1.0,True,0.002403455889861333,1.0997596544110135,0.5001652892561983
aff11_wu100k_m128_seed4,11,29,True,0.005247595502957617,0.999999813981079,1.8601892098529482e-07,0.9999958736423855,M0r,0.34776367641776146,0.9999983418011568,1.658198843303925e-06,0.9999949474330273,M0l,0.34791788198092777,0.27193187764451915,11,0.0007333875196428923,0.17388216254864555,0,0,0.8985384658786888,-1.0,True,0.002183328717150665,1.0997816671282852,0.5009090909090909
aff11_wu100k_m128_seed4,11,30,True,0.007486981066766292,0.9999992469810252,7.530189751762378e-07,0.999995340264962,M5r,0.3479079505602778,0.9999990387577607,9.612422390744409e-07,0.9999959162711691,M7l,0.3479797389168871,0.27219302423779934,11,0.0026433663366067913,0.1739542970444064,7,5,0.940950186135393,-1.0,True,0.002816212675082002,1.0997183787324916,0.5007438016528926
aff11_wu100k_m128_seed4,11,31,True,0.0064537275100664945,0.9999985561336,1.4438663994236294e-06,0.9999912122976766,M9r,0.3479256019855011,0.9999988638165916,1.136183408370362e-06,0.9999919019268159,M9l,0.3479787733062096,0.2721868751416969,11,0.0028167912115679705,0.17396289406995363,9,9,0.8818953503594581,-1.0,True,0.003473601021705682,1.0996526398978295,0.49950413223140494
aff11_wu100k_m128_seed4,11,32,True,0.005710088081864757,0.9999974091769916,2.5908230081778467e-06,0.9999944665063454,M7r,0.34811585584223287,0.9999979165432535,2.0834567466882465e-06,0.9999946253671719,M1l,0.34798842996402923,0.27204267701881,11,0.0005860704690005058,0.1740584671533124,1,7,0.8977339895566732,-1.0,True,0.0023034411847579913,1.0997696558815242,0.5027272727272727
aff11_wu100k_m128_seed4,11,33,True,0.015672355651349827,0.0007147479134805753,0.999285252086519,0.00021513426308347942,M9l,0.00038798995787046945,0.0003994185206472334,0.9996005814793527,6.237061650028397e-05,M10r,0.00012623399765215266,0.48527926003063715,11,0.5300489732861426,0.3673037496901418,10,7,0.0009275172252374972,-1.0,False,0.9997790005080822,1.0000220999491918,0.5065289256198348
aff11_wu100k_m128_seed4,11,34,True,0.0068414509298750014,0.9999989135912186,1.0864087813983148e-06,0.9999968117145602,M3r,0.34786642626493297,0.9999988345399837,1.1654600162295973e-06,0.9999950162728606,M3l,0.3478343295366367,0.2721886352086982,11,0.0029785813195391565,0.1739335034893717,3,3,0.9019402624086459,-1.0,True,0.0029477760219885824,1.0997052223978014,0.49446280991735536
aff11_wu100k_m128_seed4,11,35,True,0.009003202476237983,0.999999899698667,1.0030133285986987e-07,0.9999968494953922,M2r,0.34777334814221317,0.9999986242976032,1.3757023968547662e-06,0.99999582738704,M3l,0.3478438045881683,0.27218691104920895,11,0.0009144413058975231,0.17388661118057988,3,2,0.9549618902443016,-1.0,True,0.0020301055951814167,1.0997969894404818,0.49768595041322317
aff11_wu100k_m128_seed4,11,36,True,0.006699765271135481,0.9999994069554357,5.930445644647626e-07,0.999996988293676,M2r,0.34777272444349,0.9999996778207654,3.2217923494233476e-07,0.9999968803142195,M0l,0.3478938056720922,0.27218468101310095,11,0.0008053704746248704,0.1738865867366989,0,2,0.9149378890124398,-1.0,True,0.0018271948676778609,1.0998172805132322,0.4985123966942149
aff11_wu100k_m128_seed4,11,37,True,0.009530450219630528,0.9999998154534455,1.8454655439279765e-07,0.9999960293998592,M5r,0.3478970536702875,0.9999995948085328,4.0519146723737205e-07,0.9999963242223113,M4l,0.3479979774737348,0.2721899884588748,11,0.002120588817327025,0.17394881597487571,4,5,0.942396920794908,-1.0,True,0.002474609592193262,1.0997525390407807,0.4966115702479339
aff11_wu100k_m128_seed4,11,38,True,0.006509632439936583,0.9999992793029339,7.206970664997086e-07,0.9999967180021277,M7r,0.34813138266877613,0.9999997784696094,2.215303906576057e-07,0.9999957251483219,M7l,0.34797043398760924,0.27206594079551766,11,0.0005623952382069602,0.17406588937508843,7,7,0.8778373031089408,-1.0,True,0.001938641337103491,1.0998061358662896,0.4994214876033058
aff11_wu100k_m128_seed4,11,39,True,0.02038662832709801,0.0017546213582421187,0.9982453786417578,0.0003205812641389891,M10l,0.0006953177902801244,0.0005947605845339636,0.9994052394154651,0.00014665905708498734,M10r,0.00021972282490742172,0.3515162530988479,11,0.44725340495711086,0.18915999646260176,10,7,0.0006791863351037344,-1.0,False,0.9998377651345174,1.0000162234865484,0.49363636363636365
aff11_wu100k_m128_seed4,11,40,True,0.00656342590674731,0.9999995283717359,4.716282640769886e-07,0.9999966051536341,M7r,0.34811932696163017,0.9999989408853521,1.0591146479682078e-06,0.9999953914331687,M9l,0.3479949184473679,0.2720494184412265,11,0.0012572908355558137,0.17405982909038564,9,7,0.8778117306600113,-1.0,True,0.002176587419191392,1.099782341258081,0.5011570247933884
aff11_wu100k_m128_seed4,11,41,True,0.015352259303395984,0.0008098201568773337,0.9991901798431222,0.00022862235436096925,M9l,0.00040229253675633876,0.0002520789269546703,0.9997479210730446,5.1894382205366594e-05,M0r,6.628039013195941e-05,0.47727399730930153,11,0.6488605425559275,0.3567637232048851,9,0,0.0008167972098900956,-1.0,False,1.0000218655170523,0.9999978134482947,0.4987603305785124
aff11_wu100k_m128_seed4,11,42,True,0.0064907313591584795,0.9999995187729145,4.812270854615192e-07,0.9999966777300895,M2r,0.3477834150261775,0.9999992800122269,7.199877729344647e-07,0.9999959045926281,M6l,0.34808533957445736,0.2721980176399117,11,0.0010415516096867227,0.17389184179513928,6,2,0.9222286878009599,-1.0,True,0.002030574326419683,1.099796942567358,0.498099173553719
aff11_wu100k_m128_seed4,11,43,True,0.006998544059288596,0.9999982274916588,1.7725083413450218e-06,0.9999960557382842,M4r,0.3476744187433163,0.9999984882737224,1.5117262777073271e-06,0.9999961700785929,M4l,0.34797950212842244,0.2721336905090255,11,0.0031607798174825667,0.17383772012732404,4,4,0.9121328595820789,-1.0,True,0.003024383632170979,1.0996975616367828,0.5006611570247934
aff11_wu100k_m128_seed4,11,44,True,0.007745928390687091,0.9999994956180833,5.043819164929664e-07,0.9999963004444041,M5r,0.3479005232961673,0.9999994402587528,5.597412472214485e-07,0.9999955304289208,M9l,0.347983390591519,0.2721972695413539,11,0.001795642702444912,0.17395052966037516,9,5,0.926582823810077,-1.0,True,0.002406821340917676,1.099759317865908,0.49702479338842975
aff11_wu100k_m128_seed4,11,45,True,0.01598372124720398,0.0007754090034408919,0.9992245909965586,0.0001316529031174829,M5l,0.00019954114774171065,0.0005441284707853504,0.9994558715292146,0.00013628142526318703,M3l,0.00016006714476850682,0.2555166684011862,11,0.3695296394753545,0.22627318574540844,8,8,0.0008571106117248187,1.0,False,1.0000459962434887,0.999995400375651,0.49272727272727274
aff11_wu100k_m128_seed4,11,46,True,0.007177286477559742,0.9999993916713774,6.083286222934643e-07,0.9999954281561224,M5r,0.34788351456541494,0.9999999249934672,7.500653306162349e-08,0.9999976419735404,M6l,0.348081201463693,0.27221221093706977,11,0.0014105345775487221,0.17394206126338946,6,5,0.9298957570262044,-1.0,True,0.002095383776873723,1.0997904616223122,0.5012396694214876
aff11_wu100k_m128_seed4,11,47,True,0.007567314050693438,0.999999815794633,1.842053669317273e-07,0.9999971523071411,M2r,0.3477648184389276,0.9999984277596522,1.5722403476660952e-06,0.9999942983634956,M10l,0.34819928345292517,0.27217778766816586,11,0.0013130586400123057,0.17388231847247196,10,2,0.9378345138821723,-1.0,True,0.0022676364626660348,1.0997732363537334,0.4971900826446281
aff11_wu100k_m128_seed4,11,48,True,0.006417807940809382,0.999998928737715,1.0712622850296655e-06,0.9999966911390562,M3r,0.3478704948480799,0.9999995016665741,4.983334259826724e-07,0.9999958651579303,M2l,0.34822387233985297,0.27218180444951673,11,0.002493392601700356,0.17393551730473256,2,3,0.8798466428799182,-1.0,True,0.0026220367917611505,1.099737796320824,0.501404958677686
aff11_wu100k_m128_seed4,11,49,True,0.007620810580565274,0.9999985778351482,1.4221648518073581e-06,0.9999969146557309,M7r,0.34812282623148416,0.999998813463649,1.1865363509429591e-06,0.9999961338717415,M3l,0.3478380679395119,0.2720375822080845,11,0.001020929570269023,0.17406177160070901,3,7,0.9167215311970545,-1.0,True,0.0019568423500225833,1.099804315764998,0.498099173553719
aff11_wu100k_m128_seed4,11,50,True,0.005341676481586481,0.999999436942891,5.630571089155715e-07,0.999992521847759,M5r,0.34788111010726347,0.9999987342166715,1.2657833284072986e-06,0.9999942102671047,M1l,0.34801233861157943,0.2722084765424609,11,0.0033626658429931713,0.1739409513289929,1,5,0.876119124268496,-1.0,True,0.0035184541598796736,1.099648154584012,0.5046280991735537
aff11_wu100k_m128_seed4,11,51,True,0.006709546045052612,0.9999987862634521,1.213736548113611e-06,0.9999943918432225,M0r,0.34775402517561393,0.9999997441883359,2.558116642023841e-07,0.9999981182570038,M0l,0.34789584854650685,0.2719746448416291,11,0.0006521845195749613,0.1738774159355083,0,0,0.9387536196844742,-1.0,True,0.0020119361831173648,1.0997988063816881,0.4988429752066116
aff11_wu100k_m128_seed4,11,52,True,0.006717688328831086,0.9999996071989468,3.928010535767595e-07,0.9999967819514668,M0r,0.347778511284591,0.9999989485462173,1.0514537825269928e-06,0.999995309049502,M2l,0.3482180255829465,0.2719139227426677,11,0.0017324540633883328,0.17388943078044333,2,0,0.9265404328728456,-1.0,True,0.0023011085258355895,1.0997698891474164,0.5003305785123967
aff11_wu100k_m128_seed4,11,53,True,0.006158360123327052,0.9999993833454767,6.166545232388693e-07,0.9999958052918068,M9r,0.34787692221714545,0.9999996324383834,3.675616167113064e-07,0.9999962284947382,M8l,0.34803977296587024,0.2721996735408232,11,0.002020025164057607,0.17393871626694882,8,9,0.8736964576249077,-1.0,True,0.0024955062620648574,1.0997504493737935,0.49768595041322317
aff11_wu100k_m128_seed4,11,54,True,0.008436472572501118,0.9999993303205945,6.6967940537395e-07,0.9999972331531533,M4r,0.3477058438969567,0.9999996002852123,3.99714787715022e-07,0.9999965042262604,M6l,0.3480699603420525,0.27216160477673,11,0.0019766080300895415,0.17385313963121024,6,4,0.9367328894617998,-1.0,True,0.0022545439468507015,1.0997745456053152,0.4971900826446281
aff11_wu100k_m128_seed4,11,55,True,0.01939587852613916,2.737278150104176e-06,0.999997262721849,5.417699368187664e-07,M0r,7.688973106098539e-07,4.194502727803061e-06,0.9999958054972714,9.761702062477732e-07,M5l,1.5521622442737913e-06,0.40312423805278363,10,0.4450549874903521,0.15571083757908777,9,8,0.00018717244954586274,1.0,False,1.000031042370608,0.9999968957629393,0.5100826446280992
aff11_wu100k_m128_seed4,11,56,True,0.006435614291333302,0.9999995372740794,4.627259205667077e-07,0.9999964159418013,M3r,0.34785860586959366,0.9999997737249215,2.26275078636436e-07,0.9999939817956178,M6l,0.34808732608209847,0.2721891085251846,11,0.0019052859507842058,0.17392954974709568,6,3,0.9201440000718003,-1.0,True,0.0025420272314963075,1.0997457972768503,0.49785123966942146
aff11_wu100k_m128_seed4,11,57,True,0.006833674220788529,0.9999984880750048,1.5119249951430444e-06,0.9999953971086031,M3r,0.34784121488646075,0.999999574746069,4.252539302929147e-07,0.9999954230902978,M6l,0.34809175729760766,0.27218735682017026,11,0.0017826235019796405,0.17392102248532487,6,3,0.9142704893568264,-1.0,True,0.002425633059919312,1.0997574366940082,0.5009917355371901
aff11_wu100k_m128_seed4,11,58,True,0.006873355135981146,0.9999990227051668,9.772948329549503e-07,0.9999964701701957,M0r,0.3477631724877219,0.9999982594517522,1.7405482478651945e-06,0.9999950673441368,M10l,0.34815164882178895,0.27195962892999265,11,0.0015449750544562321,0.17388192358016372,10,0,0.9135111515215321,-1.0,True,0.0023181960496814614,1.0997681803950319,0.5015702479338843
aff11_wu100k_m128_seed4,11,59,True,0.008120669444478817,0.9999997533590128,2.466409874274104e-07,0.999997195203241,M4r,0.34770131040277197,0.9999996803168203,3.196831797664867e-07,0.9999975439621258,M0l,0.3479167422060318,0.27213145388137383,11,0.0023958061781858093,0.17385094690120484,0,4,0.9352009657260305,-1.0,True,0.0023768200033752233,1.0997623179996625,0.5020661157024794
aff11_wu100k_m128_seed4,11,60,True,0.006705981695317709,0.9999996266086139,3.733913860404402e-07,0.9999974705638446,M2r,0.3477695835914765,0.9999997751678923,2.2483210752411826e-07,0.9999944907060737,M6l,0.34808858443012136,0.27217990682283527,11,0.0007185005796685293,0.17388496451392738,6,2,0.9459600494419595,-1.0,True,0.002039872662245782,1.0997960127337754,0.5027272727272727
aff11_wu100k_m128_seed4,11,61,True,0.0062400135570904736,0.9999992258588662,7.741411338332129e-07,0.9999966861555478,M0r,0.34775080345121573,0.9999993810140132,6.189859868899909e-07,0.9999957928056559,M1l,0.34801793377483736,0.27196962988294243,11,0.0006086124679822794,0.17387568017394683,1,0,0.9109287545399829,-1.0,True,0.0019510974359011372,1.09980489025641,0.5030578512396694
aff11_wu100k_m128_seed4,11,62,True,0.00942576438529017,0.9999995916560905,4.08343909478644e-07,0.9999962483335517,M4r,0.3476964219243696,0.9999996184583864,3.815416138201654e-07,0.9999954743907807,M2l,0.34822304904008416,0.27213563568219185,11,0.002647787873894716,0.17384838997004654,2,4,0.9519485784938363,-1.0,True,0.0027693012240905795,1.099723069877591,0.4988429752066116
aff11_wu100k_m128_seed4,11,63,True,0.006609588225789009,0.9999987427112441,1.257288755857187e-06,0.9999959235414111,M7r,0.34812175654119054,0.9999988929448463,1.1070551535337909e-06,0.9999939512396475,M5l,0.34812608174973786,0.27205889501084873,11,0.0010136366991251406,0.17406116680356204,5,7,0.9057990918906192,-1.0,True,0.002344350652409822,1.099765564934759,0.5025619834710744
aff11_wu100k_m128_seed4,11,64,True,0.008632000773401562,0.9999994902991642,5.097008358476042e-07,0.9999969657225799,M3r,0.347871224811484,0.9999994741003256,5.258996744701538e-07,0.9999959528388732,M8l,0.34804525737962616,0.27219425367272787,11,0.001719816219890182,0.17393581320285564,8,3,0.9364913833648206,-1.0,True,0.002238011038602612,1.0997761988961394,0.4988429752066116
aff11_wu100k_m128_seed4,11,65,True,0.009594424556260885,0.9999978472529911,2.1527470088231026e-06,0.9999934473163958,M9r,0.34788102677599814,0.9999997188715354,2.8112846471129413e-07,0.9999973044339173,M1l,0.3480035884688512,0.2721875726327202,11,0.0025867991704326583,0.17394107733171518,1,9,0.9610691175622555,-1.0,True,0.002855719214603889,1.0997144280785398,0.49702479338842975
aff11_wu100k_m128_seed4,11,66,True,0.02138604347657857,0.0013953004751952084,0.9986046995248046,0.00024041883428858272,M5r,0.0004232515314280252,0.00042248378265743184,0.9995775162173418,7.91413695928391e-05,M2l,0.0001386368266698637,0.28331648284778743,11,0.5298962506627588,0.3857461472697173,5,9,0.0006004950499986867,-1.0,False,0.9998296778226002,1.00001703221774,0.4983471074380165
aff11_wu100k_m128_seed4,11,67,True,0.007902025315172173,0.9999993169853111,6.830146889926131e-07,0.9999975482105103,M7r,0.3481477924044435,0.9999991195462304,8.804537697870008e-07,0.9999954450175377,M2l,0.3482118727161388,0.2720386743486598,11,0.0006626922571028185,0.17407409378451225,2,7,0.9416621334707894,-1.0,True,0.0018952686957996385,1.0998104731304204,0.4975206611570248
aff11_wu100k_m128_seed4,11,68,True,0.00657995842305461,0.9999991236706659,8.763293342623042e-07,0.9999952620438666,M9r,0.3479216740535897,0.9999991384067246,8.61593275469015e-07,0.9999959075970916,M6l,0.3480885213321324,0.27217928608564457,11,0.0030727050788151005,0.1739612277760625,6,9,0.9486219639806193,-1.0,True,0.0029760739989899095,1.099702392600101,0.5032231404958678
aff11_wu100k_m128_seed4,11,69,True,0.01675746668300834,0.000873407646135511,0.9991265923538637,0.00024634654638457917,M6l,0.0005385919375014626,0.0004986559675878113,0.9995013440324115,0.00010724893372983858,M7l,0.00016128867924276112,0.314330673937322,11,0.4411230863225933,0.41454167834814437,10,5,0.0007304156664255202,1.0,False,1.0000380144842638,0.9999961985515735,0.503801652892562
aff11_wu100k_m128_seed4,11,70,True,0.007913388641429006,0.999996512218336,3.4877816641823762e-06,0.9999938419492216,M0r,0.34776271359913846,0.9999997360890556,2.639109445765874e-07,0.9999965330643162,M9l,0.3479756275832523,0.27195222873003905,11,0.0006576783681854588,0.17388211329441447,9,0,0.9280753344309656,-1.0,True,0.002234766509448221,1.0997765233490548,0.4994214876033058
aff11_wu100k_m128_seed4,11,71,True,0.006229800332066992,0.9999987719554322,1.2280445679437683e-06,0.9999958307182889,M3r,0.34789145631740165,0.9999978082358364,2.191764163828607e-06,0.9999943976722907,M4l,0.3479802923410587,0.2722191951765546,11,0.0030138667880000303,0.17394619788549243,4,3,0.8838363987538126,-1.0,True,0.003092899791042215,1.0996907100208955,0.5002479338842976
aff11_wu100k_m128_seed4,11,72,True,0.014773359695399392,0.0016018669657820376,0.9983981330342169,0.0004198576863636911,M5r,0.0007065420329743395,0.000403279879702384,0.9995967201202974,8.575004253838174e-05,M5r,0.00011676963060486522,0.26722802337111645,11,0.5662454155870954,0.35727451423697093,9,2,0.0006586348698585181,-1.0,False,1.0001398710494689,0.9999860128950532,0.5041322314049587
aff11_wu100k_m128_seed4,11,73,True,0.01011033504634751,0.9999994975572843,5.024427158151117e-07,0.999998101374536,M7r,0.34812195391863615,0.9999994684141499,5.315858500199438e-07,0.9999975593160912,M10l,0.348164081942796,0.27205433687007763,11,0.0007299753835863106,0.17406116558361664,10,7,0.9625824966838639,-1.0,True,0.001532290745323654,1.0998467709254676,0.49421487603305786
aff11_wu100k_m128_seed4,11,74,True,0.005731842290794752,0.9999967050719898,3.294928010985416e-06,0.9999916306193106,M0r,0.34777714998675574,0.9999988653903911,1.1346096088372294e-06,0.9999951411810319,M6l,0.3480901424611852,0.2719162421311141,11,0.001161485756746029,0.17388923274346094,6,0,0.9337534394933101,-1.0,True,0.002676825142065948,1.0997323174857931,0.5037190082644628
aff11_wu100k_m128_seed4,11,75,True,0.0066952286450981365,0.9999978449127088,2.1550872913549014e-06,0.9999942096436303,M7r,0.3481340480468781,0.9999996736901152,3.2630988480976473e-07,0.9999954423704674,M9l,0.34797547329760337,0.2720566560026682,11,0.0004062446119437856,0.17406748491131482,9,7,0.8698038049201157,-1.0,True,0.002278396893908669,1.099772160310609,0.4984297520661157
aff11_wu100k_m128_seed4,11,76,True,0.006272531542310976,0.9999976548301638,2.3451698362127263e-06,0.9999961163672599,M7r,0.3481132748874103,0.9999988031537739,1.1968462259465985e-06,0.9999966926397974,M3l,0.3478607664971808,0.2720580096204263,11,0.001053989367059118,0.1740571036274445,3,7,0.9126296541024491,-1.0,True,0.0020186364992588464,1.0997981363500742,0.5011570247933884
aff11_wu100k_m128_seed4,11,77,True,0.00870201846369791,0.9999996942015712,3.05798429123463e-07,0.999996508044259,M3r,0.3478715417212911,0.9999996021684158,3.978315841852957e-07,0.999996666452213,M1l,0.34800272959027706,0.27218851297143404,11,0.0021974267101806514,0.17393597920824333,1,3,0.9609590606629396,-1.0,True,0.0024306957965163738,1.0997569304203483,0.4969421487603306
aff11_wu100k_m128_seed4,11,78,True,0.0060231906689655855,0.9999996352231885,3.647768111711731e-07,0.9999966439345039,M5r,0.3479154202615598,0.999998756385251,1.243614749273949e-06,0.9999953552937196,M0l,0.34792287162778507,0.27219785380628947,11,0.0013808531253848267,0.17395793158695025,0,5,0.906372620019439,-1.0,True,0.0022051001129884304,1.0997794899887012,0.502396694214876
aff11_wu100k_m128_seed4,11,79,True,0.00582836003657138,0.9999970776656822,2.922334317741164e-06,0.9999881230357115,M5r,0.34788835706722415,0.9999985374302841,1.4625697159864388e-06,0.9999947886512507,M3l,0.34783096608434166,0.2722070283122594,11,0.0021781772450743335,0.17394499362538587,3,5,0.9118166284364001,-1.0,True,0.0032742638908548915,1.0996725736109147,0.5024793388429752
aff11_wu100k_m128_seed4,11,80,True,0.007797231881793735,0.9999988593840504,1.1406159492377675e-06,0.9999957631276857,M9r,0.34790082645570924,0.9999995678438311,4.3215616902777643e-07,0.9999955837092395,M10l,0.34816989367801116,0.27219286375268914,11,0.0027199788871545946,0.1739506183181965,10,9,0.9537556322031562,-1.0,True,0.0028001247971886126,1.0997199875202812,0.5013223140495868
aff11_wu100k_m128_seed4,11,81,True,0.006632207570913459,0.9999997876760538,2.1232394631781884e-07,0.9999963649384628,M5r,0.3478867572656877,0.9999997740329569,2.2596704299531127e-07,0.9999975511797282,M0l,0.34789759397001335,0.27220493895649334,11,0.0019677831258827316,0.17394360299320427,0,5,0.9248876595456658,-1.0,True,0.002227348201299928,1.0997772651798698,0.4980165289256198
aff11_wu100k_m128_seed4,11,82,True,0.005560697221817711,0.9999993933323369,6.066676631226878e-07,0.9999963339908668,M3r,0.34786516033682796,0.9999989128682045,1.0871317953072809e-06,0.9999950132501089,M5l,0.34811794301523435,0.27220102079489006,11,0.0011223081075936677,0.17393283718759245,5,3,0.8629623588860124,-1.0,True,0.00212709967083784,1.0997872900329162,0.5009090909090909
aff11_wu100k_m128_seed4,11,83,True,0.00629589806303795,0.9999990093239485,9.906760515306515e-07,0.9999965144289921,M4r,0.3476814179891175,0.9999989958171052,1.0041828948285162e-06,0.9999945692493667,M3l,0.347843785268525,0.27212344059237087,11,0.003214374715533949,0.17384095765726357,3,4,0.8704268789049394,-1.0,True,0.003127925446537133,1.0996872074553465,0.5027272727272727
aff11_wu100k_m128_seed4,11,84,True,0.00582982080973383,0.9999989258588315,1.0741411683763794e-06,0.9999961128023851,M3r,0.3478647600539134,0.9999991196491725,8.803508275925465e-07,0.999996543249794,M5l,0.34813779213124846,0.2721896817947411,11,0.0011572162216918805,0.17393268058452838,5,3,0.855969174311191,-1.0,True,0.002063350269421102,1.099793664973058,0.4990909090909091
aff11_wu100k_m128_seed4,11,85,True,0.006480024531355702,0.9999995636250198,4.363749798819837e-07,0.9999940087936257,M9r,0.34787919615088814,0.9999975262638786,2.473736121171733e-06,0.9999936215147306,M3l,0.34780031009729445,0.27217158208147285,11,0.0017707723759809422,0.17393939452068485,3,9,0.9347697568113432,-1.0,True,0.0027924078363495046,1.099720759216365,0.5030578512396694
aff11_wu100k_m128_seed4,11,86,True,0.007104420355286749,0.9999996400478607,3.599521394066947e-07,0.9999967789899281,M7r,0.34813261983456734,0.999999723872588,2.7612741227399886e-07,0.9999965626809275,M8l,0.3480554588494846,0.27206028754295236,11,0.0004863853157494654,0.17406654765947763,8,7,0.9263240395781235,-1.0,True,0.0018320363853743312,1.0998167963614627,0.4988429752066116
aff11_wu100k_m128_seed4,11,87,True,0.005446493065068224,0.9999994384861927,5.615138073967267e-07,0.9999965271939716,M2r,0.34777700203975703,0.999999345810379,6.541896213170144e-07,0.9999963422462449,M10l,0.34815898889148267,0.27220108404485416,11,0.0016614087856994947,0.17388858251167974,10,2,0.8972764651371575,-1.0,True,0.0022148685545040434,1.0997785131445494,0.5031404958677685
aff11_wu100k_m128_seed4,11,88,True,0.006422769337424126,0.9999991189262113,8.810737887921631e-07,0.9999963877598029,M9r,0.3478938840795314,0.9999995136933935,4.863066066894772e-07,0.9999966344886198,M6l,0.34808369786605475,0.2721820307668766,11,0.003226311998754073,0.17394706317036598,6,9,0.947451295693901,-1.0,True,0.0029362336007775682,1.0997063766399224,0.4974380165289256
aff11_wu100k_m128_seed4,11,89,True,0.008474223989276119,0.9999992936554143,7.063445859771033e-07,0.9999973722637067,M0r,0.347769207872815,0.9999994155442528,5.844557473774432e-07,0.9999966192334522,M4l,0.3479746997256881,0.27193701219730837,11,0.0014499669017053335,0.17388481427036376,4,0,0.9459778914739995,-1.0,True,0.0019646773514506695,1.099803532264855,0.4974380165289256
aff11_wu100k_m128_seed4,11,90,True,0.0073114064042429355,0.9999987044090916,1.2955909086674924e-06,0.9999952731838557,M9r,0.3478516016279177,0.9999980810344957,1.9189655044910076e-06,0.9999949906926747,M4l,0.3479781383995972,0.27217339067976676,11,0.0035792975074575993,0.17392601533629068,4,9,0.9245990990846465,-1.0,True,0.0033717811769463416,1.0996628218823052,0.5022314049586777
aff11_wu100k_m128_seed4,11,91,True,0.0068840911926847026,0.9999992729223459,7.270776538207792e-07,0.9999964012956118,M3r,0.347876546487396,0.9999995979042492,4.020957505159973e-07,0.9999960722375427,M3l,0.3478512298765033,0.2721975180003831,11,0.0021156358276956983,0.17393856622938259,3,3,0.9112292807337995,-1.0,True,0.0023779111909015063,1.0997622088809096,0.5028925619834711
aff11_wu100k_m128_seed4,11,92,True,0.006210092341251136,0.9999970944747695,2.905525230641768e-06,0.9999943817557646,M0r,0.3477832093530538,0.9999993209659531,6.790340466213745e-07,0.9999933583591825,M1l,0.3479834247360101,0.2719245465809741,11,0.001679555228640734,0.17389214847623413,1,0,0.9209333428098908,-1.0,True,0.0027130792015959727,1.0997286920798406,0.4987603305785124
aff11_wu100k_m128_seed4,11,93,True,0.0072155867670266995,0.9999992753802479,7.24619751962118e-07,0.9999971942251361,M7r,0.3481270096949047,0.9999997338148039,2.661851963042155e-07,0.9999957491458583,M6l,0.3480926573317426,0.2720444719965791,11,0.0015306237692133634,0.17406366622292002,6,7,0.9417826068068246,-1.0,True,0.002145550550705986,1.0997854449449296,0.5016528925619834
aff11_wu100k_m128_seed4,11,94,True,0.005648350819416464,0.9999994626814509,5.373185491383039e-07,0.9999957734363542,M9r,0.3478683269523124,0.9999992363287882,7.636712114780482e-07,0.9999942145374429,M2l,0.34822894866703197,0.2721721637400339,11,0.0026986755606626892,0.17393419118487652,2,9,0.9228826823827422,-1.0,True,0.002934668161409894,1.0997065331838591,0.5014876033057851
aff11_wu100k_m128_seed4,11,95,True,0.008607028321596133,0.99999972506511,2.749348899364529e-07,0.999997435472383,M2r,0.3477672973038242,0.9999997417141202,2.582858799653991e-07,0.9999952744032716,M7l,0.3479729297614069,0.272190424221894,11,0.0006254634160335786,0.1738837855914997,7,2,0.9438896801291805,-1.0,True,0.0019348025083837758,1.0998065197491618,0.5020661157024794
aff11_wu100k_m128_seed4,11,96,True,0.006880223702620235,0.9999998018023298,1.9819767003640993e-07,0.9999962463868218,M5r,0.34789395286768804,0.999998690951637,1.3090483631222462e-06,0.9999942320602708,M3l,0.34785101442824123,0.2722067204604099,11,0.001781403787543089,0.17394717496586978,3,5,0.9322935359949782,-1.0,True,0.0024991899262082145,1.0997500810073795,0.49735537190082646
aff11_wu100k_m128_seed4,11,97,True,0.006753817954371668,0.9999995346565623,4.6534343786303365e-07,0.9999962001436886,M0r,0.3477696928555794,0.9999997772875537,2.2271244652037392e-07,0.999995910954705,M2l,0.3482061926530844,0.2719649683249942,11,0.001997094991360186,0.173885104270307,2,0,0.9388330588393989,-1.0,True,0.002322394785586211,1.0997677605214413,0.4984297520661157
aff11_wu100k_m128_seed4,11,98,True,0.006510999023770472,0.9999988352592576,1.1647407425029055e-06,0.9999951856621546,M9r,0.3478890051615992,0.9999984769245683,1.523075431965145e-06,0.9999954530630614,M0l,0.347901359541657,0.27218067028353166,11,0.0023044517329587153,0.17394454716608326,0,9,0.9398565860396942,-1.0,True,0.0027303856122699727,1.099726961438773,0.4997520661157025
aff11_wu100k_m128_seed4,11,99,True,0.005885363418969788,0.9999979144742734,2.085525726191857e-06,0.9999933454091466,M2r,0.3477755143547379,0.9999990801319352,9.198680650608863e-07,0.9999974867086996,M0l,0.3479202224308349,0.27220018982671557,11,0.0007362577313844603,0.17388850754054147,0,2,0.9011218551384866,-1.0,True,0.002173655619231363,1.0997826344380766,0.502809917355372
aff11_wu100k_m128_seed4,11,100,True,0.008861214498373921,0.9999995024793294,4.975206706441014e-07,0.9999973297714212,M5r,0.34790084479192573,0.9999994870635724,5.129364278149014e-07,0.9999963724845731,M8l,0.3480348892949091,0.272205133630339,11,0.0006824877665463902,0.17395069294264529,8,5,0.9382657050367982,-1.0,True,0.0017625067882590618,1.0998237493211742,0.49818181818181817
aff11_wu100k_m128_seed4,11,101,True,0.007665734559133225,0.9999993493612334,6.506387668035733e-07,0.9999968822814433,M4r,0.34771233424526954,0.9999994090613276,5.909386722008626e-07,0.9999968556974093,M10l,0.3481672153236119,0.27215733587649765,11,0.002730448676558721,0.17385657683551772,10,4,0.9256452257878728,-1.0,True,0.0026642674962229908,1.0997335732503775,0.4965289256198347
aff11_wu100k_m128_seed4,11,102,True,0.00586877205787242,0.9999992906099685,7.09390031608601e-07,0.9999950589414438,M7r,0.3481335152941713,0.9999998454781768,1.5452182347259484e-07,0.9999964554500105,M8l,0.34802863724948463,0.2720383806008855,11,0.0019967157770551538,0.17406694143043172,8,7,0.8573463348570227,-1.0,True,0.0025037255155031224,1.0997496274484497,0.5019834710743801
aff11_wu100k_m128_seed4,11,103,True,0.005693686000136353,0.9999995690470802,4.3095291965263415e-07,0.9999958905893902,M4r,0.3477016212908882,0.9999994996627531,5.003372469316636e-07,0.9999942347158065,M8l,0.3480457654954392,0.2721151638557321,11,0.0011796391306987423,0.1738509325234442,8,4,0.8505288937909686,-1.0,True,0.002372779725703861,1.0997627220274298,0.49958677685950414
aff11_wu100k_m128_seed4,11,104,True,0.009212903211953912,0.9999983698056374,1.6301943626498745e-06,0.9999959353792859,M7r,0.34814185564631156,0.9999990621178357,9.37882164447003e-07,0.9999966627053938,M4l,0.34799111950718453,0.272064287594125,11,0.0016135391403184457,0.17407134085130332,4,7,0.940227824834631,-1.0,True,0.002264342482209395,1.099773565751779,0.49925619834710744
aff11_wu100k_m128_seed4,11,105,True,0.008011045217924765,0.9999998331074516,1.668925484678136e-07,0.9999966701613903,M0r,0.34776591697691744,0.9999998276051505,1.7239484944019591e-07,0.9999967374943797,M8l,0.34804576708933427,0.2719438002939991,11,0.0010785660655399465,0.17388320844799143,8,0,0.9350686277888033,-1.0,True,0.001935700182435838,1.0998064299817565,0.4966115702479339
aff11_wu100k_m128_seed4,11,106,True,0.006972856401698251,0.9999986656774518,1.3343225485045203e-06,0.9999933873068638,M7r,0.3481192721639616,0.9999992288897379,7.711102622747374e-07,0.99999313522385,M7l,0.3479842347404506,0.2720479313473239,11,0.00106689172253527,0.17406004863896363,7,7,0.9059848504888434,-1.0,True,0.002683284800481492,1.0997316715199517,0.5019834710743801
aff11_wu100k_m128_seed4,11,107,True,0.007346245606935448,0.9999995581107374,4.418892623667921e-07,0.9999957485736358,M4r,0.34768537034318686,0.9999997675269535,2.3247304649045966e-07,0.9999956579206624,M8l,0.34804729134998597,0.2720962241182982,11,0.0013932570208314342,0.1738429565183232,8,4,0.8925584160229526,-1.0,True,0.0022425748526859815,1.0997757425147316,0.5002479338842976
aff11_wu100k_m128_seed4,11,108,True,0.009814070296712704,0.9999996692236313,3.3077636855722635e-07,0.9999976867574173,M2r,0.3477773634273929,0.9999997450952385,2.549047616682334e-07,0.9999966831221349,M2l,0.3482236840824799,0.2721979882602244,11,0.0010366414048864473,0.1738888747612019,2,2,0.959714247776163,-1.0,True,0.0018096283017694649,1.099819037169823,0.4971900826446281
aff11_wu100k_m128_seed4,11,109,True,0.005291283281279039,0.9999994468502311,5.531497685467075e-07,0.9999931468985492,M5r,0.3478651519551755,0.9999994318752033,5.681247969151971e-07,0.9999955271054785,M2l,0.3482237231636055,0.2722117901519537,11,0.0026523451014976037,0.1739328808586658,2,5,0.9011652244424755,-1.0,True,0.003002221659976222,1.0996997778340023,0.5029752066115702
aff11_wu100k_m128_seed4,11,110,True,0.006058507157810715,0.9999998756755997,1.2432440007857003e-07,0.9999956832993996,M4r,0.3476717366186921,0.9999978980362617,2.101963738104744e-06,0.9999931859036861,M10l,0.3481841455992279,0.2721306770810249,11,0.002358873379193027,0.17383600365534957,10,4,0.8837877089613289,-1.0,True,0.002936718091553719,1.0997063281908446,0.5014876033057851
aff11_wu100k_m128_seed4,11,111,True,0.005537667447050181,0.9999998873715709,1.1262842880491005e-07,0.9999969691524911,M0r,0.3477483684908157,0.999999591309649,4.0869035066369324e-07,0.9999935940589905,M7l,0.3479787837969638,0.27194765987436703,11,0.0006054958514966299,0.173874261929201,7,0,0.8872890747059706,-1.0,True,0.0022008499438314864,1.099779915005617,0.5052892561983471
aff11_wu100k_m128_seed4,11,112,True,0.006721771430610854,0.9999995767220348,4.232779651934027e-07,0.9999971034427311,M0r,0.34775472176586264,0.9999990481286816,9.518713184434754e-07,0.9999949276415332,M5l,0.34812467480647363,0.2719328628129569,11,0.0015595762809665103,0.17387759745569395,5,0,0.931474603869016,-1.0,True,0.0022451878609535425,1.0997754812139047,0.4980165289256198
aff11_wu100k_m128_seed4,11,113,True,0.007638767953608369,0.999999581996664,4.180033359068611e-07,0.99999671872614,M3r,0.3478644084144499,0.9999997107866926,2.89213307303129e-07,0.9999947302342427,M2l,0.34822407035711983,0.27220511394418584,11,0.001875418398852632,0.1739324079891768,2,3,0.9179444164159745,-1.0,True,0.0024249169032415172,1.099757508309676,0.49619834710743804
aff11_wu100k_m128_seed4,11,114,True,0.006372678328445316,0.9999991032151253,8.967848746963844e-07,0.9999967575465352,M0r,0.3477809281644372,0.999999118176015,8.818239847791771e-07,0.9999970008109852,M10l,0.3481634153790261,0.27194039002333265,11,0.002834306250107177,0.1738907549847884,10,0,0.9304740366121794,-1.0,True,0.0026628468752953704,1.0997337153124702,0.49925619834710744
aff11_wu100k_m128_seed4,11,115,True,0.00769760785026136,0.999999369399936,6.306000641364131e-07,0.9999965345162759,M2r,0.34776660871835574,0.9999995803560585,4.196439415667518e-07,0.999997086260356,M1l,0.3479662387574984,0.2721823738355467,11,0.0007422404559058358,0.17388360744710415,1,2,0.9471095493159226,-1.0,True,0.001814991503742515,1.0998185008496255,0.4980165289256198
aff11_wu100k_m128_seed4,11,116,True,0.0066311139375974625,0.9999987926940354,1.2073059650074812e-06,0.9999957042053357,M9r,0.3478821270315444,0.9999994414640221,5.585359780303077e-07,0.9999958786928799,M9l,0.3480020689438114,0.2721851352039122,11,0.0025226243304665324,0.1739414667313069,9,9,0.8768687146017566,-1.0,True,0.0027369461962824145,1.0997263053803716,0.49892561983471073
aff11_wu100k_m128_seed4,11,117,True,0.006030241905805424,0.9999993318579778,6.681420222144416e-07,0.9999969717797277,M2r,0.3477651149631806,0.9999993462464469,6.537535530414883e-07,0.9999943479167629,M5l,0.3481453605895772,0.2721968047053829,11,0.0013871464644083684,0.17388266350644319,5,2,0.8931733868294687,-1.0,True,0.002295546628721755,1.099770445337128,0.500495867768595
aff11_wu100k_m128_seed4,11,118,True,0.006556254098590438,0.9999998162200341,1.837799658956401e-07,0.9999941564435214,M9r,0.3479000839887568,0.9999996778834955,3.2211650409652925e-07,0.9999960759942631,M7l,0.34795839790212557,0.27216359415798813,11,0.0029810808579436654,0.17394972216190063,7,9,0.9055214511833483,-1.0,True,0.003050351047731614,1.0996949648952268,0.5028925619834711
aff11_wu100k_m128_seed4,11,119,True,0.007357198498703232,0.9999992009740283,7.990259717499374e-07,0.9999962076586643,M9r,0.3478952325811755,0.9999977590245297,2.240975470413066e-06,0.9999931161189503,M3l,0.3478394620677803,0.2721825496112072,11,0.0026964802695740478,0.17394804775272585,3,9,0.9298703222950048,-1.0,True,0.0030496330096883525,1.0996950366990312,0.49818181818181817
aff11_wu100k_m128_seed4,11,120,True,0.009547229128553346,0.9999996401804777,3.598195223492827e-07,0.9999963312200535,M3r,0.3478872633748842,0.9999990643518938,9.356481062854489e-07,0.9999965528355196,M10l,0.34817463190932424,0.2722021284689797,11,0.0013973593227061326,0.1739438171001876,10,3,0.9546686584403615,-1.0,True,0.002110615887315727,1.0997889384112685,0.4934710743801653
aff11_wu100k_m128_seed4,11,121,True,0.006295121401194332,0.9999990270585988,9.729414014139058e-07,0.9999922768254393,M9r,0.34789213626898874,0.9999984208202827,1.5791797171311625e-06,0.9999924246852735,M4l,0.3479846836501293,0.2721871466264761,11,0.0038706456146132824,0.1739458536462328,4,9,0.8986606725522155,-1.0,True,0.003942895712323299,1.0996057104287678,0.49892561983471073
aff11_wu100k_m128_seed4,11,122,True,0.009219316969465163,0.9999993823714075,6.176285923627551e-07,0.9999977683413303,M0r,0.3477755580906662,0.9999996641502595,3.358497401485427e-07,0.9999964281500279,M3l,0.3478526351995337,0.2719315923741388,11,0.0007836588222099243,0.1738879624315357,3,0,0.9580943466578676,-1.0,True,0.0017772728371525976,1.0998222727162847,0.4987603305785124
aff11_wu100k_m128_seed4,11,123,True,0.0067102567187338905,0.9999988291804504,1.1708195498175845e-06,0.9999952782506965,M5r,0.34787487200638867,0.9999992657166257,7.342833741388381e-07,0.9999958303582258,M5l,0.34813097584176644,0.2722058363097338,11,0.0012834318343082237,0.17393780964844305,5,5,0.923930746667559,-1.0,True,0.002288658811135888,1.0997711341188863,0.5001652892561983
aff11_wu100k_m128_seed4,11,124,True,0.005502624104612816,0.9999994789751232,5.21024877194259e-07,0.9999956088416044,M5r,0.347873674261389,0.9999980540297431,1.945970256946583e-06,0.9999922906833787,M10l,0.3481682954630533,0.27222028551803373,11,0.0023562526486243496,0.17393713614361916,10,5,0.9117035780724945,-1.0,True,0.0029188045547224187,1.0997081195445275,0.5016528925619834
aff11_wu100k_m128_seed4,11,125,True,0.007519107904358233,0.9999997064392826,2.935607172091435e-07,0.9999967746511627,M2r,0.347764695264506,0.9999996647282334,3.3527176648646284e-07,0.9999963147503709,M9l,0.3479848214636768,0.27219254649842844,11,0.0010337106183557234,0.17388252355189668,9,2,0.9334352040890874,-1.0,True,0.001985064516446752,1.099801493548355,0.5000826446280991
aff11_wu100k_m128_seed4,11,126,True,0.006018222184978691,0.9999993778799753,6.22120024852261e-07,0.9999974716815899,M2r,0.34778651085428963,0.9999990550331178,9.449668820634027e-07,0.999996199796879,M4l,0.34798677393403044,0.272197636891122,11,0.0010293481665906929,0.17389352424845378,4,2,0.8853863060918494,-1.0,True,0.0018814642210631222,1.0998118535778936,0.5033884297520661
aff11_wu100k_m128_seed4,11,127,True,0.018999487411372782,3.0849271130172836e-06,0.9999969150728852,6.16437360247078e-07,M0r,8.471115156121028e-07,4.524708531732368e-06,0.9999954752914674,1.2394658299944088e-06,M5l,1.6903546199818208e-06,0.3984950432921921,10,0.5468972452119012,0.16215957059725009,0,10,0.00019092844417502327,-1.0,False,0.99999541973039,1.000000458026961,0.48760330578512395
aff11_wu100k_m128_seed5,11,0,True,0.0021826796407052075,0.986839081535614,0.013160918464385855,0.3045297235150453,M8l,0.3001222369305405,0.9862161606723954,0.013783839327604646,0.4143898889311357,M5l,0.5661893791250966,0.2763489060537343,10,0.6557835106113575,0.15218243023815353,5,0,0.1904423355615203,1.0,False,1.1816636008670875,0.9818336399132911,0.5009090909090909
aff11_wu100k_m128_seed5,11,1,True,0.009494839019269107,0.9999993941035298,6.058964701841932e-07,0.9999946014709841,M1r,0.2666254422124289,0.9999993070755767,6.929244233384082e-07,0.9999943666548824,M5l,0.26662757322998193,0.28051191096609723,11,0.0022196896413237944,0.13331290722069283,5,1,0.9385757269698344,-1.0,True,0.002771255997995174,1.0997228744002006,0.49760330578512396
aff11_wu100k_m128_seed5,11,2,True,0.009006062395107428,0.9999974128936578,2.5871063418762003e-06,0.9999941285252856,M4r,0.26659498585674424,0.9999969351737539,3.0648262459733667e-06,0.9999931801381627,M6l,0.26665800871918455,0.28068476747143745,11,0.0006882675495565283,0.1332978908027941,6,4,0.9319128647347439,-1.0,True,0.0024930017613317675,1.0997506998238669,0.5028925619834711
aff11_wu100k_m128_seed5,11,3,True,0.007432223351171093,0.9999996270021027,3.729978973279461e-07,0.9999970010180299,M5r,0.26664833266743376,0.9999990308136549,9.691863449793626e-07,0.9999938947635945,M1l,0.2664976920007657,0.2803155947357591,11,0.0008201442099037185,0.1333242512431151,1,5,0.9433762511593019,-1.0,True,0.0022249232196729874,1.0997775076780325,0.4984297520661157
aff11_wu100k_m128_seed5,11,4,True,0.008521690027268285,0.9999994778911481,5.221088522339935e-07,0.999994831448286,M10r,0.26677767038133643,0.9999993238759541,6.761240456862332e-07,0.9999933797885813,M4l,0.2664916148179923,0.28020898029524305,11,0.00222893683574193,0.13338899763189224,4,10,0.9217029464273584,-1.0,True,0.002898669941707519,1.0997101330058294,0.5003305785123967
aff11_wu100k_m128_seed5,11,5,True,0.0024713883215287964,0.999997006883546,2.9931164540384404e-06,0.9999923738734952,M3r,0.2668048424347805,0.9999922129885681,7.787011431965705e-06,0.9999754033040826,M10l,0.266709308908991,0.2807612902328694,11,0.000832844868180211,0.13340305604053546,10,3,0.889195486166074,-1.0,True,0.004064377235656139,1.0995935622764346,0.5002479338842976
aff11_wu100k_m128_seed5,11,6,True,0.003892540859639854,0.9999967641670363,3.235832963496396e-06,0.9999905660674806,M2r,0.26683885722157585,0.9999997435857142,2.5641428572781066e-07,0.9999859291956683,M7l,0.26648411200322364,0.2804041595363012,11,0.002525065877141214,0.13341990652525088,7,2,0.7764421228154199,-1.0,True,0.0038854108266179947,1.099611458917338,0.5042148760330578
aff11_wu100k_m128_seed5,11,7,True,0.00884246854732155,0.9999979792387661,2.020761233791924e-06,0.9999929042494441,M9r,0.266701631429509,0.9999991817922905,8.182077093048024e-07,0.9999958025159857,M1l,0.2664783243625321,0.2804391348411971,11,0.002686181439065377,0.1333514330865547,1,9,0.9259914759255583,-1.0,True,0.00291445985911912,1.0997085540140883,0.5026446280991735
aff11_wu100k_m128_seed5,11,8,True,0.00764079376670193,0.9999991052833254,8.94716674736176e-07,0.9999907291740177,M6r,0.2664964137519138,0.9999994842494437,5.157505568997557e-07,0.9999942729566896,M2l,0.2666951798617144,0.28051123648924686,11,0.002928101015157854,0.1332483434913289,2,6,0.9435895837434967,-1.0,True,0.003401825006321695,1.099659817499368,0.4988429752066116
aff11_wu100k_m128_seed5,11,9,True,0.0020338909344621062,0.0003779507521805063,0.9996220492478202,9.777821138625831e-05,M3r,0.00018211911919813393,0.0002853790171459035,0.9997146209828556,4.423471481582525e-05,M2r,7.805669275045639e-05,0.34129097822245336,11,0.39878279591218085,0.22998087198016998,0,4,0.002551923600046764,1.0,False,1.0000859559848243,0.9999914044015178,0.4897520661157025
aff11_wu100k_m128_seed5,11,10,True,0.003579384070861513,0.9999944095341396,5.590465860304522e-06,0.9999783588792687,M3r,0.26680359905522794,0.9999965892219148,3.410778085582494e-06,0.9999851188703345,M10l,0.2667215524059476,0.28075367220656294,11,0.0024259048568834873,0.1334022902154485,10,3,0.8813234876722437,-1.0,True,0.004492723395923447,1.0995507276604077,0.5002479338842976
aff11_wu100k_m128_seed5,11,11,True,0.008817643315343454,0.9999986935941149,1.3064058851655591e-06,0.9999942074291817,M2r,0.2668406346953161,0.999999661856538,3.381434621848744e-07,0.9999965434593361,M5l,0.26662602913403655,0.2804043861803158,11,0.0020949301949118168,0.13342067591626744,5,2,0.9429550789704412,-1.0,True,0.0026247432124361504,1.0997375256787563,0.4988429752066116
aff11_wu100k_m128_seed5,11,12,True,0.0166446885134654,2.5550995344801573e-05,0.9999744490046559,4.708176196946583e-06,M1r,8.429746563934667e-06,4.2189279148903156e-05,0.9999578107208515,7.4821659723675665e-06,M7l,1.31861689959948e-05,0.33922077533244877,11,0.5594962869950202,0.1896019599895984,1,0,0.0007711836529258247,1.0,False,1.0000101835911626,0.9999989816408837,0.48363636363636364
aff11_wu100k_m128_seed5,11,13,True,0.009671670263514943,0.9999975347766568,2.465223343520365e-06,0.9999936842392939,M9r,0.2666950871760285,0.9999996100831565,3.8991684381894266e-07,0.9999932047821984,M8l,0.266646849176441,0.2804393268105001,11,0.003033392769936183,0.13334810007079112,8,9,0.9445134364546609,-1.0,True,0.003300114537378445,1.099669988546262,0.4993388429752066
aff11_wu100k_m128_seed5,11,14,True,0.003435762647041826,0.9999974264484643,2.5735515355963877e-06,0.9999883084573101,M5r,0.26662989151182304,0.9999980140792729,1.985920727033363e-06,0.9999921816063647,M1l,0.2664848776770085,0.28029259059788136,11,0.0007488009155593757,0.13331548547545777,1,5,0.822809213225459,-1.0,True,0.003165268687341192,1.099683473131266,0.500495867768595
aff11_wu100k_m128_seed5,11,15,True,0.008243176702808379,0.9999977107523955,2.289247604505148e-06,0.9999919027352058,M7r,0.2672005354535868,0.9999980616854385,1.938314561400783e-06,0.9999934791847956,M6l,0.26663705312525415,0.28019606296335603,11,0.002345271962974298,0.13360084440588832,6,7,0.9376739850775401,-1.0,True,0.003129437000210181,1.099687056299979,0.49983471074380165
aff11_wu100k_m128_seed5,11,16,True,0.009511527249255629,0.9999992982567498,7.017432501419355e-07,0.9999925616881025,M3r,0.26680986674330104,0.9999995549211894,4.450788106008416e-07,0.9999921512133216,M2l,0.26669653726370457,0.2807479590327467,11,0.0014742692192061665,0.13340501926818918,2,3,0.931575133896751,-1.0,True,0.0029561270621066625,1.0997043872937895,0.49818181818181817
aff11_wu100k_m128_seed5,11,17,True,0.008422765818972774,0.9999989485726597,1.05142734050945e-06,0.9999939531295325,M7r,0.26720143005454267,0.9999995402802843,4.5971971569370565e-07,0.9999945512897509,M7l,0.26649211896844693,0.28019174403349256,11,0.003029612064920073,0.13360106165852156,7,7,0.9486484357195526,-1.0,True,0.0031744674928847767,1.0996825532507113,0.4988429752066116
aff11_wu100k_m128_seed5,11,18,True,0.007723842935530525,0.9999996873213249,3.1267867524122877e-07,0.9999953632369842,M5r,0.2666358361537161,0.9999993827113219,6.172886778413438e-07,0.9999928330280634,M4l,0.2664983431182502,0.28030578358175656,11,0.002785136330094527,0.13331806685104486,4,5,0.9131833475331225,-1.0,True,0.003147274012555527,1.0996852725987443,0.4971074380165289
aff11_wu100k_m128_seed5,11,19,True,0.008325536612928638,0.9999974324856303,2.567514369538306e-06,0.9999946008589713,M5r,0.2666469031473441,0.9999991165756816,8.83424318338962e-07,0.999994550395046,M0l,0.2666062358898145,0.28030412741672334,11,0.0007773919039742138,0.13332387037949073,0,5,0.9430545032240442,-1.0,True,0.0023873941235896755,1.0997612605876412,0.49735537190082646
aff11_wu100k_m128_seed5,11,20,True,0.009408235530190226,0.9999980689096788,1.931090321156251e-06,0.9999934312739674,M9r,0.26669236865459095,0.9999992319943178,7.680056821981471e-07,0.9999928317734496,M2l,0.2666951874195944,0.28043779027960725,11,0.0016979312125999138,0.13334681779908183,2,9,0.9554633050667541,-1.0,True,0.002856138013135764,1.0997143861986864,0.4982644628099174
aff11_wu100k_m128_seed5,11,21,True,0.009824329175645127,0.9999996302242471,3.697757528339624e-07,0.9999964571956522,M4r,0.26659632962438573,0.9999991324060055,8.675939940683921e-07,0.9999948459406149,M8l,0.2666367839688617,0.2806683490596702,11,0.0015320214906734012,0.1332983099547465,8,4,0.9565587579267594,-1.0,True,0.0023747555352587016,1.099762524446474,0.4952066115702479
aff11_wu100k_m128_seed5,11,22,True,0.008393232537748766,0.999998677624636,1.322375364288114e-06,0.9999900934363737,M7r,0.2672012559128653,0.9999992341068613,7.658931389697384e-07,0.9999967373186228,M0l,0.2666069756335543,0.2801989050746983,11,0.0012112035108169605,0.13360050993864334,0,7,0.9279792685582259,-1.0,True,0.002647725009180081,1.0997352274990817,0.5009917355371901
aff11_wu100k_m128_seed5,11,23,True,0.007726047869505825,0.9999992182678548,7.817321453108143e-07,0.9999933088017798,M7r,0.26721659452267105,0.9999989341264928,1.0658735072293572e-06,0.9999947015771262,M1l,0.26648945039007693,0.2801917956831888,11,0.003600029317169944,0.13360842639339743,1,7,0.9389857286347659,-1.0,True,0.003562073193220348,1.0996437926806781,0.5013223140495868
aff11_wu100k_m128_seed5,11,24,True,0.005826294678070485,0.9999995253731031,4.746268968632604e-07,0.999995575484592,M2r,0.2668346594571602,0.9999993848043476,6.151956523938543e-07,0.999993698025983,M4l,0.26649191217265533,0.28040657888516346,11,0.0014330738656997961,0.13341761080018735,4,2,0.8815055098320984,-1.0,True,0.0025428535940780457,1.0997457146405922,0.502396694214876
aff11_wu100k_m128_seed5,11,25,True,0.008611197903472586,0.9999988243805765,1.175619423627602e-06,0.9999945607829696,M1r,0.26662766363489404,0.9999993518066401,6.481933597286141e-07,0.9999952599744127,M4l,0.2664792772735156,0.2804973684529373,11,0.0017188732810164075,0.1333139221585291,4,1,0.9310059274393578,-1.0,True,0.002583778664020073,1.0997416221335976,0.49867768595041323
aff11_wu100k_m128_seed5,11,26,True,0.008972592179805446,0.9999984960510109,1.5039489892594041e-06,0.999994508456478,M10r,0.26678824490548964,0.9999999033091187,9.669088128804134e-08,0.9999946197898287,M8l,0.2666347300613946,0.2802131591476743,11,0.0007172788298986037,0.13339432205295637,8,10,0.9454129653888715,-1.0,True,0.002380691436005121,1.0997619308563995,0.4962809917355372
aff11_wu100k_m128_seed5,11,27,True,0.009687569976198384,0.9999989022403631,1.097759636954923e-06,0.9999958877252169,M4r,0.2666043570219557,0.9999988660589135,1.1339410865305724e-06,0.9999945081461198,M0l,0.26660680705491646,0.280672673747387,11,0.001388782576124151,0.13330234022181614,0,4,0.9371209608712003,-1.0,True,0.002381488130330708,1.0997618511869671,0.5003305785123967
aff11_wu100k_m128_seed5,11,28,True,0.007686694217808661,0.9999980844052273,1.915594772612596e-06,0.9999946521597863,M3r,0.26680399605252275,0.9999995096702895,4.903297107228855e-07,0.9999962041539205,M4l,0.26649002560992563,0.2807442961554393,11,0.00192326246651805,0.13340224213791382,4,3,0.9116481813390084,-1.0,True,0.0025098617779014953,1.0997490138222101,0.5020661157024794
aff11_wu100k_m128_seed5,11,29,True,0.0071335756543881535,0.9999965484806007,3.451519399062337e-06,0.9999915593285842,M6r,0.26649019797138285,0.9999984370282896,1.5629717106085948e-06,0.9999949906437334,M4l,0.2664875587540574,0.2805182979212413,11,0.0012458969977298547,0.13324538378863357,4,6,0.9124866995058787,-1.0,True,0.0027226963674461344,1.0997277303632556,0.4988429752066116
aff11_wu100k_m128_seed5,11,30,True,0.0036432728691204934,0.9999994983795903,5.016204095961025e-07,0.9999946799620723,M1r,0.2666381049997466,0.999998034192171,1.9658078290017095e-06,0.9999957447119124,M4l,0.2664956959583472,0.28050454304644706,11,0.002340321083931913,0.13331907387196895,4,1,0.819869674470597,-1.0,True,0.0027360427549263395,1.0997263957245074,0.5020661157024794
aff11_wu100k_m128_seed5,11,31,True,0.009026059211429604,2.7166689511139706e-05,0.9999728333104908,4.315114653814657e-06,M1r,8.915644720973557e-06,0.00012329588673556192,0.999876704113266,1.8782205127669314e-05,M6r,3.860841517890759e-05,0.4162493506075573,11,1.347913330363503,0.1899918824852357,9,0,0.0014255617230139975,1.0,False,1.0000520032036377,0.9999947996796362,0.45355371900826447
aff11_wu100k_m128_seed5,11,32,True,0.004519261370869964,0.9999946548033756,5.3451966244816065e-06,0.9999887324055469,M5r,0.2666332346898623,0.999999106748107,8.932518929166977e-07,0.9999951215778661,M9l,0.26659012210282584,0.2803106862569243,11,0.0019357448315748585,0.1333173851238781,9,5,0.8773309924990836,-1.0,True,0.0031506420827171018,1.0996849357917284,0.501900826446281
aff11_wu100k_m128_seed5,11,33,True,0.023288468565261587,4.172381209357171e-06,0.9999958276187898,7.752203899883439e-07,M2l,1.1443103501040566e-06,2.5864056842294407e-06,0.9999974135943143,5.083544459485739e-07,M6l,8.590146606908508e-07,0.38851596199516525,11,0.2819172818725313,0.1303756646866082,7,10,0.00014678354088027792,-1.0,False,0.9999755263774947,1.0000024473622504,0.4968595041322314
aff11_wu100k_m128_seed5,11,34,True,0.005335829371935755,0.999999007012653,9.929873471768715e-07,0.9999862826015239,M3r,0.2668066235766674,0.9999982201570143,1.7798429855623446e-06,0.9999932040365676,M4l,0.266484373820696,0.2807459346871306,11,0.004840507720633953,0.1334034068992674,4,3,0.8289055791500922,-1.0,True,0.004755326212447898,1.0995244673787552,0.4991735537190083
aff11_wu100k_m128_seed5,11,35,True,0.009272712406926674,0.9999991910086787,8.089913211154711e-07,0.9999937657338167,M2r,0.266834248168467,0.9999998338149964,1.6618500385659202e-07,0.9999942328536027,M8l,0.2666407360972102,0.2804102218641912,11,0.0017059585331444188,0.1334175305078728,8,2,0.947894538857268,-1.0,True,0.0026932008141430388,1.0997306799185858,0.495702479338843
aff11_wu100k_m128_seed5,11,36,True,0.009670125415638728,0.9999993259841198,6.740158803019912e-07,0.9999947899804505,M3r,0.26680754131364953,0.999999795001314,2.0499868621973662e-07,0.9999955729224891,M9l,0.26658204939610847,0.28074741547939697,11,0.0015777169075652927,0.13340382091520675,9,3,0.9385535988449575,-1.0,True,0.002464362576241083,1.0997535637423757,0.5011570247933884
aff11_wu100k_m128_seed5,11,37,True,0.006684713524687803,0.9999987885724755,1.2114275244547731e-06,0.9999912061178852,M4r,0.26660727881765733,0.9999966244452629,3.3755547368823255e-06,0.999990038439173,M3l,0.26693539232391283,0.2806783945266941,11,0.0007586580229687211,0.13330395912284806,3,4,0.9232359593504409,-1.0,True,0.003064705976608627,1.099693529402339,0.5010743801652893
aff11_wu100k_m128_seed5,11,38,True,0.009665350647791915,0.9999984958063459,1.504193654113893e-06,0.9999937185263932,M4r,0.26660470099236017,0.9999991971366099,8.028633900908782e-07,0.9999955773295105,M7l,0.26651630361178585,0.2806711604087106,11,0.0013069470459187108,0.13330262868263973,7,4,0.9499313436017646,-1.0,True,0.002472996000062566,1.0997527003999936,0.4960330578512397
aff11_wu100k_m128_seed5,11,39,True,0.007130659417910284,0.9999990760035632,9.239964366120029e-07,0.9999946987395435,M1r,0.26663714277075345,0.999998974249817,1.0257501829602678e-06,0.999993973344901,M3l,0.2669308946221905,0.2805005304612259,11,0.0009284775210183081,0.13331869558992263,3,1,0.9243490878626637,-1.0,True,0.0024200137040361123,1.0997579986295962,0.5016528925619834
aff11_wu100k_m128_seed5,11,40,True,0.003634198279422,0.999999442520485,5.574795150676407e-07,0.9999886330531389,M2r,0.26684280872944127,0.9999995003938448,4.996061548831173e-07,0.999991601991103,M0l,0.266607614943687,0.28040910488622817,11,0.0011141860519496675,0.13342145166450228,0,2,0.766275394016274,-1.0,True,0.0032519392948106283,1.0996748060705188,0.5001652892561983
aff11_wu100k_m128_seed5,11,41,True,0.013500849619656929,0.0004911400995650035,0.9995088599004359,0.00014356076717226678,M10l,0.00019998660122528639,0.0007175936536180527,0.999282406346382,0.00021098203986695446,M8r,0.00029455845877125964,0.2945843456329796,11,0.33457868055784995,0.23525021153163173,8,5,0.0011555062805246622,1.0,False,1.0000107822198854,0.9999989217780115,0.4525619834710744
aff11_wu100k_m128_seed5,11,42,True,0.00875665938980964,0.9999991577514761,8.422485242653585e-07,0.9999958785552365,M10r,0.26679095891578486,0.9999990500657305,9.499342695766697e-07,0.9999959176295996,M9l,0.2665898853857481,0.28021593339480233,11,0.0008978460450016821,0.1333955956658899,9,10,0.9320831744894085,-1.0,True,0.00211064550245032,1.0997889354497552,0.5034710743801653
aff11_wu100k_m128_seed5,11,43,True,0.008068959119003637,0.9999990905778434,9.094221565382421e-07,0.9999965109512184,M10r,0.26677909761023877,0.9999981550613384,1.8449386620004406e-06,0.9999936389360582,M1l,0.266476538976028,0.28021326456554463,11,0.0013220870931699253,0.13338964896787342,1,10,0.9358157890741772,-1.0,True,0.0024055061875976895,1.0997594493812406,0.5039669421487604
aff11_wu100k_m128_seed5,11,44,True,0.008929317291173171,0.9999993490207146,6.50979285415238e-07,0.9999942356040229,M5r,0.26663546299141944,0.9999984649651922,1.535034808131854e-06,0.9999922951344854,M8l,0.26664166056269945,0.28029293408886247,11,0.001719777216786257,0.1333179441991989,8,5,0.9481336233773597,-1.0,True,0.0028657749574006863,1.0997134225042597,0.49735537190082646
aff11_wu100k_m128_seed5,11,45,True,0.003476020821864041,0.9999981406135987,1.8593864014152325e-06,0.9999899806321815,M6r,0.2665157756428331,0.999998974970714,1.0250292860387946e-06,0.9999802970783441,M9l,0.2665986194209237,0.2805073795197683,11,0.0011039865449531492,0.13325782886511245,9,6,0.8457436892777048,-1.0,True,0.00391455547066508,1.099608544452933,0.4971074380165289
aff11_wu100k_m128_seed5,11,46,True,0.0042387118290729865,0.9999980849474891,1.9150525111640066e-06,0.9999928303356739,M1r,0.26661855637776444,0.9999971811288154,2.818871184605012e-06,0.9999887159755781,M9l,0.2665791602274766,0.280510385525741,11,0.002511745618953543,0.13330965817852425,9,1,0.8561123538951523,-1.0,True,0.003471798474671673,1.0996528201525326,0.49785123966942146
aff11_wu100k_m128_seed5,11,47,True,0.00929382007225014,0.9999979986237515,2.0013762483526705e-06,0.9999936458040011,M3r,0.2668228705999179,0.9999990184641933,9.815358068909441e-07,0.9999940065097908,M1l,0.2664758407026738,0.28075804953368705,11,0.002171680025837243,0.13341168105378365,1,3,0.9490061945495176,-1.0,True,0.0029167098602591733,1.099708329013974,0.4997520661157025
aff11_wu100k_m128_seed5,11,48,True,0.008835965054636167,0.9999981606336783,1.8393663218772354e-06,0.9999913992955319,M9r,0.26671422109742077,0.9999987582826854,1.2417173145430763e-06,0.999994653826477,M0l,0.2666072315563476,0.2804448571565868,11,0.0015259667394047364,0.13335784890146632,0,9,0.9331097676133633,-1.0,True,0.0028461123789995167,1.0997153887620998,0.5022314049586777
aff11_wu100k_m128_seed5,11,49,True,0.007919288482569491,0.9999996575359086,3.424640918572805e-07,0.9999967417911219,M10r,0.26677935324675117,0.999998797641566,1.2023584340675711e-06,0.9999948570354182,M0l,0.2665883071749647,0.28021756124828895,11,0.0024868479576143567,0.13338974988028124,0,10,0.9423544665019519,-1.0,True,0.002686018861397908,1.0997313981138601,0.5009090909090909
aff11_wu100k_m128_seed5,11,50,True,0.004243546617908666,0.9999974870521019,2.5129478983794504e-06,0.9999940743129838,M5r,0.26665963452255836,0.9999996357866905,3.642133098093426e-07,0.999993057265565,M6l,0.2666447914612792,0.2802983278877516,11,0.0027477988670439528,0.13333022733382568,6,5,0.8164037305774763,-1.0,True,0.0031843249660413178,1.0996815675033957,0.5007438016528926
aff11_wu100k_m128_seed5,11,51,True,0.010066318798147279,0.9999992433110599,7.566889399533629e-07,0.9999953868853604,M4r,0.2666129051187833,0.9999989697610425,1.0302389579236493e-06,0.9999939355006255,M2l,0.2666974190990006,0.28066956254530806,11,0.0015919921690745193,0.1333064434871405,2,4,0.9450064774375744,-1.0,True,0.0025684177475208333,1.099743158225248,0.4987603305785124
aff11_wu100k_m128_seed5,11,52,True,0.0049344734719468306,0.9999988505964311,1.1494035689685966e-06,0.9999912204073799,M9r,0.26669459877377444,0.9999954722347332,4.527765267012536e-06,0.9999814943932437,M9l,0.2665898839082246,0.2804365322843646,11,0.001008174131563836,0.13334782825950556,9,9,0.8122750301509921,-1.0,True,0.0037306728319612048,1.0996269327168038,0.49900826446280994
aff11_wu100k_m128_seed5,11,53,True,0.00737343933496855,0.999998970241225,1.0297587753882178e-06,0.9999928940073749,M2r,0.26683879698841373,0.9999973793146629,2.620685336959043e-06,0.999990776082963,M3l,0.2669507811221579,0.2804073309550289,11,0.000788799584972902,0.1334199479594735,3,2,0.91224089308009,-1.0,True,0.0028307695583951477,1.0997169230441604,0.5007438016528926
aff11_wu100k_m128_seed5,11,54,True,0.008611062372072533,0.9999995100613506,4.899386493683943e-07,0.9999955713209219,M4r,0.26660875569010006,0.9999988683404506,1.131659549561625e-06,0.9999955107822467,M1l,0.26648433017870743,0.28067107063438357,11,0.001314586130902494,0.13330459571986492,1,4,0.9506517856296924,-1.0,True,0.0022858049806866562,1.0997714195019312,0.4988429752066116
aff11_wu100k_m128_seed5,11,55,True,0.00848379906440197,0.9999980852904248,1.914709575233647e-06,0.999993780440035,M10r,0.2667808887960447,0.9999993189383375,6.810616625467355e-07,0.9999950439710438,M6l,0.2666550807672457,0.2802049010820998,11,0.002285012359792666,0.13339055838963218,6,10,0.9095025744914389,-1.0,True,0.0028136406862393506,1.099718635931376,0.503305785123967
aff11_wu100k_m128_seed5,11,56,True,0.01365002967573599,8.314195094990645e-05,0.9999168580490514,1.775477771073969e-05,M5l,4.257236347465299e-05,0.00011892907517841806,0.999881070924823,1.7870600172849295e-05,M6r,3.4715715032728084e-05,0.4240758732410086,11,0.525639454215516,0.3828901650318901,3,4,0.0004199536541696616,1.0,False,0.9999748683102917,1.0000025131689707,0.44867768595041324
aff11_wu100k_m128_seed5,11,57,True,0.008985618786591982,0.9999995464449541,4.5355504591255986e-07,0.9999948392241035,M2r,0.266828322278143,0.9999993325584142,6.674415858293274e-07,0.9999933033670069,M2l,0.2666997847170007,0.28040450859054605,11,0.0017073060050558253,0.13341445409702074,2,2,0.9324845991883709,-1.0,True,0.002721266642708932,1.099727873335729,0.49619834710743804
aff11_wu100k_m128_seed5,11,58,True,0.009964072741117873,0.9999982556460725,1.7443539275587237e-06,0.9999937841390607,M1r,0.26662048213619677,0.9999985400637154,1.4599362845980793e-06,0.9999942925347064,M7l,0.2665056137691266,0.2805055072749948,11,0.0020465788346370546,0.1333103486309372,7,1,0.9484937015548857,-1.0,True,0.0028199206694484577,1.0997180079330553,0.49727272727272726
aff11_wu100k_m128_seed5,11,59,True,0.006460782131560186,0.9999981639936607,1.8360063392163895e-06,0.9999913358106728,M3r,0.26682298543482885,0.9999993459738773,6.540261226617999e-07,0.9999950787192056,M3l,0.2669489353505039,0.2807513160859167,11,0.00174382524870927,0.13341181732143065,3,3,0.9166086752015463,-1.0,True,0.002895543368055597,1.0997104456631943,0.5023140495867768
aff11_wu100k_m128_seed5,11,60,True,0.009884220976289968,0.9999996767339401,3.232660597930823e-07,0.9999947663672564,M3r,0.2668101862037441,0.9999982324857288,1.7675142713917765e-06,0.9999940858947537,M5l,0.266630964352605,0.28074176296428827,11,0.000944240668403835,0.13340515226126332,5,3,0.9364834576536024,-1.0,True,0.002448058526418921,1.099755194147358,0.49950413223140494
aff11_wu100k_m128_seed5,11,61,True,0.008864727155081362,0.9999992548587507,7.451412491648639e-07,0.9999955723806033,M5r,0.26664263286892353,0.9999994504512917,5.495487085815753e-07,0.9999956060031687,M2l,0.2667021120809763,0.2803038094863955,11,0.0014726172991671213,0.1333214809492348,2,5,0.9545623065194906,-1.0,True,0.002344598882509892,1.0997655401117492,0.49578512396694213
aff11_wu100k_m128_seed5,11,62,True,0.016539981634572123,0.00020209748402963686,0.9997979025159708,4.054160286061088e-05,M0r,8.812047450484148e-05,4.898938445473493e-05,0.9999510106155453,8.011620083601848e-06,M7l,1.7332932799533968e-05,0.455342209349234,10,0.744451396993117,0.24185817968349507,7,4,0.0004483120010946444,-1.0,False,1.000004850743673,0.9999995149256325,0.4686776859504132
aff11_wu100k_m128_seed5,11,63,True,0.004248877942443468,0.9999932975529373,6.702447062747057e-06,0.9999871529376566,M3r,0.26680219358244084,0.9999969854455231,3.014554477010762e-06,0.9999865095875851,M3l,0.266916096919773,0.28075923840729716,11,0.004488259819323782,0.1334022827051609,3,3,0.8189967251126506,-1.0,True,0.004846592002531551,1.0995153407997467,0.5006611570247934
aff11_wu100k_m128_seed5,11,64,True,0.0102910683570189,0.9999984109404948,1.589059505025228e-06,0.9999900421663911,M3r,0.2668140752110772,0.9999982308839745,1.7691160255165628e-06,0.9999932482978396,M8l,0.2666449398852623,0.28074759091284135,11,0.0013763140675036607,0.1334072160861173,8,3,0.9511141245111153,-1.0,True,0.0030611222376165665,1.0996938877762383,0.4985123966942149
aff11_wu100k_m128_seed5,11,65,True,0.0041612057844222445,0.9999987671393454,1.2328606550096405e-06,0.9999959062688777,M10r,0.26679764172338905,0.9999982290435661,1.7709564339849827e-06,0.9999942249558227,M3l,0.26694008857964585,0.28023349722837165,11,0.0040459630025038214,0.1333990915528821,3,10,0.8852698014823267,-1.0,True,0.003586186493241197,1.0996413813506758,0.4982644628099174
aff11_wu100k_m128_seed5,11,66,True,0.0021891150607613197,0.0005224116858410533,0.9994775883141598,8.964758756388564e-05,M7r,0.00029873393019902206,0.00011007504611440981,0.9998899249538861,1.8830079410792504e-05,M5r,3.8802754639915775e-05,0.5560505762330026,11,0.6154064162493732,0.26690784275407387,8,6,0.004070208379362869,1.0,False,1.0000906936857628,0.9999909306314239,0.4919834710743802
aff11_wu100k_m128_seed5,11,67,True,0.009111339668628683,0.9999972161467717,2.7838532282253712e-06,0.9999930789616295,M9r,0.2667290716271232,0.9999994143259796,5.856740204590052e-07,0.9999932571267658,M9l,0.26658904627457103,0.2804458563469453,11,0.003261356458815128,0.13336495916259997,9,9,0.9387993405947109,-1.0,True,0.003523569378425497,1.0996476430621576,0.5046280991735537
aff11_wu100k_m128_seed5,11,68,True,0.00854039005678097,0.9999979953021194,2.004697880573509e-06,0.999993060372974,M5r,0.2666372170875644,0.9999996402918963,3.59708103364317e-07,0.9999955746046919,M9l,0.26658643931916826,0.2803053566133408,11,0.0011933251754578762,0.13331905099190858,9,5,0.9419069925219927,-1.0,True,0.002473667101706502,1.0997526332898293,0.49958677685950414
aff11_wu100k_m128_seed5,11,69,True,0.007770536991497096,0.9999991343185193,8.656814809308716e-07,0.9999962912606468,M5r,0.2666289842968732,0.9999994477664729,5.522335271533368e-07,0.9999943552188802,M6l,0.2666638284510462,0.2802816302976179,11,0.0006836940133871064,0.13331475227572642,6,5,0.9140571016034232,-1.0,True,0.002214061248472571,1.0997785938751528,0.5015702479338843
aff11_wu100k_m128_seed5,11,70,True,0.00931102249983736,0.9999996800094979,3.1999050227424096e-07,0.9999955044583313,M4r,0.2666023296994804,0.9999995874027707,4.1259722929487486e-07,0.9999970520733298,M4l,0.2664924599437612,0.2806732691438143,11,0.002469878057481249,0.1333012104844135,4,4,0.9449201511947347,-1.0,True,0.002573251427232075,1.099742674857277,0.498099173553719
aff11_wu100k_m128_seed5,11,71,True,0.0017549576497580058,0.99999618243386,3.817566139881705e-06,0.9999867881936616,M9r,0.26673405787085863,0.9999974721463589,2.5278536410166855e-06,0.9999861429681859,M10l,0.26670456632934236,0.28041722042435335,11,0.001515761319651705,0.13336783632034802,10,9,0.8392332998720807,-1.0,True,0.003768649379447362,1.0996231350620553,0.49950413223140494
aff11_wu100k_m128_seed5,11,72,True,0.009236955337239032,0.9999984796189626,1.5203810373408552e-06,0.9999930887678835,M9r,0.2667000346094711,0.999999086534443,9.13465556991055e-07,0.999993518533998,M5l,0.26663430564609264,0.28043215531863924,11,0.0016640776897234506,0.13335034512121136,5,9,0.9219038868818132,-1.0,True,0.002809994112876964,1.0997190005887123,0.500495867768595
aff11_wu100k_m128_seed5,11,73,True,0.009240399661386952,0.9999995109269108,4.890730891980534e-07,0.9999956348349814,M1r,0.26662088767398845,0.999999172194471,8.27805528895594e-07,0.9999952779927479,M0l,0.26659322022132853,0.280502374336121,11,0.002314733859857929,0.13331046468365557,0,1,0.952510562417242,-1.0,True,0.002675718079559403,1.0997324281920442,0.5007438016528926
aff11_wu100k_m128_seed5,11,74,True,0.0016105985665792381,0.9486714868292885,0.051328513170711396,0.2928706297946501,M8l,0.8759111381724386,0.9971907366430751,0.0028092633569250357,0.9568070739822732,M2l,0.28372065469368485,0.2225133309058368,10,1.2473585349650342,0.4615619636208811,2,0,0.31494653977241927,1.0,False,1.288247975649607,0.9711752024350393,0.4991735537190083
aff11_wu100k_m128_seed5,11,75,True,0.009878111443898632,0.9999973886574285,2.611342571469185e-06,0.9999924102859681,M9r,0.2667004856111291,0.9999988630283798,1.1369716200465265e-06,0.9999929088137978,M7l,0.26650215569128066,0.2804364854400863,11,0.0022631438921912857,0.13335086134390248,7,9,0.9430225742588724,-1.0,True,0.0031085846427682845,1.0996891415357233,0.49991735537190085
aff11_wu100k_m128_seed5,11,76,True,0.009059593913751997,0.9999986276437632,1.3723562369732172e-06,0.9999929110982166,M1r,0.26663657273020414,0.9999995848278809,4.1517211928085647e-07,0.9999978044393096,M9l,0.2665812748490835,0.28049910491904,11,0.0024419084717082636,0.13331845783362675,9,1,0.9510152560328025,-1.0,True,0.0026366575996369488,1.0997363342400364,0.5011570247933884
aff11_wu100k_m128_seed5,11,77,True,0.006079107616439477,0.999999138288604,8.617113960426286e-07,0.9999940310025475,M6r,0.2664928725936872,0.9999990160769517,9.83923048554937e-07,0.9999932892048392,M3l,0.26693137276661627,0.2805032477114582,11,0.0010349626657210273,0.13324656744117733,3,6,0.8998244027819936,-1.0,True,0.002568390235108641,1.0997431609764892,0.5019834710743801
aff11_wu100k_m128_seed5,11,78,True,0.004738458839506178,0.9999981825953497,1.8174046501000622e-06,0.9999880782001508,M3r,0.266814305825392,0.9999979545611305,2.0454388695004247e-06,0.9999878970956084,M0l,0.26661385545524574,0.2807411897903731,11,0.0011256441748964646,0.13340729731968246,0,3,0.7957524140858435,-1.0,True,0.0034705002098207025,1.099652949979018,0.498595041322314
aff11_wu100k_m128_seed5,11,79,True,0.008797469147359162,0.9999985116987434,1.48830125678221e-06,0.9999954018422488,M10r,0.26679181157808096,0.9999991155826815,8.844173184482058e-07,0.9999955318547615,M7l,0.26653463699302826,0.28021780711387745,11,0.0009367197417081875,0.13339615356198206,7,10,0.9533069954090851,-1.0,True,0.0021740399324170177,1.0997825960067582,0.498099173553719
aff11_wu100k_m128_seed5,11,80,True,0.005575569782159454,0.9999986918356134,1.308164386466863e-06,0.9999913440273759,M3r,0.26681174222537724,0.999997431334333,2.5686656670148906e-06,0.999992783529375,M9l,0.26658716790981735,0.2807404145855197,11,0.0008137028822117911,0.1334058623324158,9,3,0.8996490527831827,-1.0,True,0.002875678844344746,1.0997124321155656,0.498099173553719
aff11_wu100k_m128_seed5,11,81,True,0.009354237305672504,0.9999991710164283,8.289835717578831e-07,0.9999916389655799,M5r,0.2666260238163862,0.9999994230982668,5.769017330125023e-07,0.9999929040663824,M7l,0.26649669922145586,0.28028844047147805,11,0.001176718765119882,0.13331339536029982,7,5,0.9491900110779891,-1.0,True,0.0028551582114054886,1.099714484178859,0.4956198347107438
aff11_wu100k_m128_seed5,11,82,True,0.004522077458790451,0.9999988648603663,1.1351396336786164e-06,0.9999927900947042,M4r,0.2666046098135532,0.9999992820195545,7.179804456534855e-07,0.9999952691606733,M9l,0.266597978798964,0.28067247943851803,11,0.0008667875302253413,0.13330231832052836,9,4,0.8739908875976184,-1.0,True,0.0024744015110223986,1.0997525598488975,0.498099173553719
aff11_wu100k_m128_seed5,11,83,True,0.006874500445505048,0.9999996053057423,3.946942576613411e-07,0.9999956492661667,M3r,0.2668037047108495,0.9999990284011175,9.715988823515777e-07,0.9999944028243752,M6l,0.2666343305370987,0.28072568698664574,11,0.0009921274282694967,0.13340200969165478,6,3,0.8792647911033404,-1.0,True,0.002322553232490347,1.0997677446767515,0.4971900826446281
aff11_wu100k_m128_seed5,11,84,True,0.008347767846728322,0.9999989056419435,1.0943580566423912e-06,0.9999886827686496,M7r,0.267196367526514,0.9999990315191385,9.684808617398685e-07,0.9999893364274385,M2l,0.2666949887170783,0.2802147016555758,11,0.002006693789695321,0.13359850931634912,2,7,0.9389285691562816,-1.0,True,0.0036035360788654242,1.0996396463921134,0.5002479338842976
aff11_wu100k_m128_seed5,11,85,True,0.0034289443929555563,0.9999974545210287,2.5454789710552453e-06,0.9999852114588816,M9r,0.2666875161115655,0.9999955549488216,4.445051178690144e-06,0.9999789135880772,M10l,0.26672359927330763,0.2804425828662668,11,0.0024458002351227456,0.13334461690912308,10,9,0.9106021610807558,-1.0,True,0.004589431123495633,1.0995410568876505,0.5004132231404959
aff11_wu100k_m128_seed5,11,86,True,0.008652729111081637,0.9999990779416748,9.220583253766727e-07,0.999995693884467,M9r,0.2667133579859181,0.9999993089927605,6.910072397207017e-07,0.9999952901920085,M6l,0.26666943735177,0.28043744689573985,11,0.002247877216662466,0.13335710329131356,6,9,0.9251991486252718,-1.0,True,0.0025789749169753432,1.0997421025083025,0.506198347107438
aff11_wu100k_m128_seed5,11,87,True,0.023310398254867738,5.096654796553108e-06,0.9999949033452024,9.750742867022849e-07,M6r,1.4681100739638542e-06,2.678114385228665e-06,0.9999973218856136,5.396936033572403e-07,M9l,9.759651352875892e-07,0.3960851973056535,11,0.3441212269702307,0.20306956567823442,8,3,0.00014803339124575126,-1.0,False,1.000025086182339,0.9999974913817661,0.5039669421487604
aff11_wu100k_m128_seed5,11,88,True,0.008531150664203152,0.9999996706305109,3.2936948907719095e-07,0.9999918128050087,M2r,0.26682779844012056,0.9999988201630453,1.1798369548178354e-06,0.9999948888162314,M7l,0.2665150766520148,0.28042651146819203,11,0.001760932056678165,0.13341429767076343,7,2,0.9288435258207349,-1.0,True,0.0028615163720477413,1.0997138483627955,0.49793388429752067
aff11_wu100k_m128_seed5,11,89,True,0.008356119532983732,0.999998506467654,1.4935323459408258e-06,0.9999934575607521,M7r,0.26720232161224317,0.9999995173421521,4.826578479973773e-07,0.9999927406589764,M5l,0.2666286576209004,0.2801976167832586,11,0.0022493006646295867,0.13360147649550586,5,7,0.9402067255084595,-1.0,True,0.0030714794952326225,1.0996928520504767,0.49702479338842975
aff11_wu100k_m128_seed5,11,90,True,0.00907087818858386,0.9999978991738125,2.1008261875143236e-06,0.9999932638357062,M1r,0.2666337778237255,0.9999993978697932,6.021302069496575e-07,0.9999953120047881,M1l,0.2664849892715144,0.28049989116664714,11,0.0018339435548464015,0.13331725140405862,1,1,0.9494217523392974,-1.0,True,0.002712203750753512,1.0997287796249247,0.4997520661157025
aff11_wu100k_m128_seed5,11,91,True,0.011254555583102026,0.00015295925207262255,0.9998470407479289,2.8883420249223422e-05,M0r,6.257600046452876e-05,0.00013421452066695694,0.9998657854793345,2.2749060893864754e-05,M8l,3.752709451069947e-05,0.43088119403709124,10,0.7509370780258847,0.17808556541193088,4,7,0.0013396336281635546,-1.0,False,1.0000093728426636,0.9999990627157335,0.4877685950413223
aff11_wu100k_m128_seed5,11,92,True,0.007727682614983929,0.9999997745455564,2.2545444352050452e-07,0.9999933805860102,M6r,0.26649884334034457,0.9999989480045169,1.051995483144793e-06,0.9999951025734227,M7l,0.2665096339520462,0.28050923091700103,11,0.0018083175012122937,0.13324927372615114,7,6,0.9462731275509658,-1.0,True,0.0026783203747936636,1.0997321679625207,0.49677685950413225
aff11_wu100k_m128_seed5,11,93,True,0.009960317302310952,0.9999989853234995,1.0146765004657566e-06,0.9999942703502464,M1r,0.2666298776641509,0.9999982422465342,1.757753465784769e-06,0.9999935707086617,M2l,0.2666876518108876,0.28049964416839485,11,0.0015270484156747026,0.13331496672119753,2,1,0.9543320108426937,-1.0,True,0.0026795371072466374,1.0997320462892755,0.4971900826446281
aff11_wu100k_m128_seed5,11,94,True,0.0023996582826737705,0.0003579594880991802,0.9996420405119009,6.541775847713558e-05,M3r,0.0001742603457297635,0.00010273115931939447,0.9998972688406808,1.8084191515295852e-05,M5l,3.566509956093743e-05,0.33578197964445045,11,0.5466491387472192,0.28947332317175134,4,8,0.00285649738464921,-1.0,False,0.9998472206846192,1.0000152779315379,0.49165289256198347
aff11_wu100k_m128_seed5,11,95,True,0.003719050035930995,0.9999970294142221,2.9705857780025697e-06,0.9999883068825827,M4r,0.26659940604118776,0.999996781268203,3.218731796873989e-06,0.9999913871518089,M3l,0.266920666410799,0.28064364633885847,11,0.0012241153381535137,0.13330001858562934,3,4,0.8055899481674293,-1.0,True,0.0032949671786510377,1.0996705032821348,0.5009090909090909
aff11_wu100k_m128_seed5,11,96,True,0.008818638784669043,0.9999986533149663,1.3466850335629235e-06,0.9999915868774073,M2r,0.2668310087080766,0.9999988083800843,1.1916199155054367e-06,0.9999960848477405,M1l,0.2664805726572354,0.28040731663866386,11,0.0008292378213653014,0.13341583132088575,1,2,0.9497884800929982,-1.0,True,0.0025376893315085802,1.099746231066849,0.49950413223140494
aff11_wu100k_m128_seed5,11,97,True,0.009110857246826344,0.9999990378880302,9.62111969648326e-07,0.9999963131031602,M5r,0.2666429017659756,0.9999996285392431,3.7146075716980534e-07,0.9999954422697087,M5l,0.2666285768456262,0.28030777305240473,11,0.0011343005244617214,0.13332169713932643,5,5,0.9525276040197194,-1.0,True,0.0021796765382152365,1.0997820323461782,0.49619834710743804
aff11_wu100k_m128_seed5,11,98,True,0.0036979568285259753,0.9999993376116855,6.623883143570592e-07,0.99999425927228,M4r,0.2665993671337916,0.999998636580168,1.363419831931802e-06,0.9999941087678728,M1l,0.26648000772254377,0.2806657047642594,11,0.002185676848914071,0.13329982655338135,1,4,0.8417043088080153,-1.0,True,0.0029263912845344793,1.0997073608715464,0.501404958677686
aff11_wu100k_m128_seed5,11,99,True,0.009021526109906612,0.999999269667809,7.303321911214937e-07,0.9999952652225499,M10r,0.26677911099849966,0.9999992889366188,7.110633811147685e-07,0.9999946063461992,M2l,0.2667107279339928,0.28021186016424987,11,0.00165309118342272,0.1333896771673149,2,10,0.9387443614981072,-1.0,True,0.0025283293816286355,1.099747167061837,0.498099173553719
aff11_wu100k_m128_seed5,11,100,True,0.008732079878279172,0.9999990334809582,9.66519041825357e-07,0.9999935956047777,M2r,0.2668388736095295,0.9999993080120793,6.919879208059387e-07,0.9999944413318385,M6l,0.266655682334785,0.28041229650877536,11,0.0018768316723333357,0.13341986703671047,6,2,0.920135742215921,-1.0,True,0.0027564279638476806,1.0997243572036153,0.502809917355372
aff11_wu100k_m128_seed5,11,101,True,0.007767612289389383,0.9999984768711825,1.523128817691022e-06,0.9999947616913966,M6r,0.2665030895703929,0.9999994237035159,5.762964840070565e-07,0.999993229302677,M8l,0.2666468068878303,0.28051161349681275,11,0.002426851757524303,0.13325173723595135,8,6,0.9414673489211088,-1.0,True,0.003017291640924622,1.0996982708359073,0.4990909090909091
aff11_wu100k_m128_seed5,11,102,True,0.009608826406971999,0.9999988656849405,1.1343150592502495e-06,0.9999956914437871,M2r,0.26681841028122066,0.9999995886744202,4.1132558012418347e-07,0.9999965441457108,M9l,0.2665914598803944,0.28041907759642437,11,0.0024541125307066232,0.13340955523342618,9,2,0.9324279904161462,-1.0,True,0.002566309703086485,1.0997433690296914,0.49793388429752067
aff11_wu100k_m128_seed5,11,103,True,0.00189488903226405,0.9985929711167539,0.0014070288832460896,0.3785258580324126,M8r,0.5042008558205687,0.9863857298223383,0.01361427017766164,0.6778539277564535,M8l,0.42621759063787773,0.2804920537254022,11,0.8316068256245783,0.1333265057331194,8,0,0.2619797903972339,1.0,False,1.256753678047567,0.9743246321952433,0.498595041322314
aff11_wu100k_m128_seed5,11,104,True,0.003831704035437335,0.9999969614947586,3.0385052416870835e-06,0.9999912628582338,M10r,0.2667912704523296,0.9999954953813815,4.504618618311399e-06,0.9999890418015663,M1l,0.26649207289917404,0.2802204486489317,11,0.0026213960784157945,0.13339621724979037,1,10,0.7686626325519209,-1.0,True,0.003653319421222136,1.0996346680578781,0.49900826446280994
aff11_wu100k_m128_seed5,11,105,True,0.007409822119841114,0.9999992893034325,7.106965677530332e-07,0.9999945838465917,M9r,0.2667003594142254,0.9999995080500651,4.919499351554912e-07,0.9999919210173214,M3l,0.2669193026621637,0.28043507606564366,11,0.004451057492166574,0.13335049908872346,3,9,0.9162303606916593,-1.0,True,0.004060693095705866,1.0995939306904294,0.5020661157024794
aff11_wu100k_m128_seed5,11,106,True,0.009200269177263137,0.9999995080844909,4.919155092684731e-07,0.9999960981645558,M10r,0.2667910817758044,0.9999991222790016,8.777209989034495e-07,0.999993780428369,M5l,0.2666274435411727,0.28021106272176677,11,0.001661299354798599,0.13339554693634112,5,10,0.9359979755372971,-1.0,True,0.0025560580931364117,1.0997443941906861,0.49785123966942146
aff11_wu100k_m128_seed5,11,107,True,0.004545861201800081,0.999996740342196,3.259657804015404e-06,0.999992249554123,M4r,0.2666079386021765,0.9999993061233554,6.938766447723109e-07,0.9999954128703485,M6l,0.26665373058935604,0.2806809295176356,11,0.0031882540311498142,0.13330449326946742,6,4,0.8165637536033112,-1.0,True,0.003366537697671789,1.099663346230233,0.5009090909090909
aff11_wu100k_m128_seed5,11,108,True,0.005090826801351647,0.9999989004779534,1.099522046723673e-06,0.9999954683504632,M10r,0.26679560730539337,0.9999978281084546,2.1718915452227197e-06,0.9999910738160647,M9l,0.2665922325605869,0.28021699300765174,11,0.0011363959344345043,0.13339806638273738,9,10,0.8152054724759948,-1.0,True,0.0026825803327687465,1.0997317419667232,0.49760330578512396
aff11_wu100k_m128_seed5,11,109,True,0.008107367128556546,0.9999980620579779,1.9379420223817504e-06,0.9999889849532322,M3r,0.26681154258648815,0.9999991773585515,8.22641448691589e-07,0.9999964222459211,M0l,0.266619379832643,0.2807610469262042,11,0.0016324323252225304,0.13340590034713787,0,3,0.9061252716335346,-1.0,True,0.002932091308866634,1.0997067908691136,0.4997520661157025
aff11_wu100k_m128_seed5,11,110,True,0.005660681179358394,0.9999994128108769,5.871891228233703e-07,0.9999962203278668,M9r,0.2667025236187107,0.9999978821910162,2.117808983966428e-06,0.9999934435251642,M4l,0.26648523065014057,0.28044094732205227,11,0.003673832521262974,0.13335164874654917,4,9,0.8744412770567577,-1.0,True,0.0034682590706847836,1.0996531740929314,0.4984297520661157
aff11_wu100k_m128_seed5,11,111,True,0.009999446978689468,0.9999992910897874,7.089102125130177e-07,0.9999949015208407,M4r,0.2666034494142291,0.9999971214608812,2.878539118935065e-06,0.9999937656100297,M9l,0.26658795706998517,0.2806715364059324,11,0.001846336548164552,0.1333017224614016,9,4,0.9540536772728743,-1.0,True,0.0027057089917907444,1.0997294291008213,0.502809917355372
aff11_wu100k_m128_seed5,11,112,True,0.008228757456628025,0.9999994725427452,5.274572546190049e-07,0.9999942855069984,M2r,0.2668335467559334,0.9999993395886838,6.604113163573781e-07,0.9999947436774388,M0l,0.26660442391054606,0.28042064903954067,11,0.0021322338793364165,0.13341718053809878,0,2,0.9175010054271676,-1.0,True,0.002785510573582212,1.099721448942642,0.4980165289256198
aff11_wu100k_m128_seed5,11,113,True,0.007941722555534946,0.9999980787275045,1.9212724953600737e-06,0.999993841827185,M7r,0.26718465542810543,0.9999993972067658,6.02793234165166e-07,0.9999951495191124,M4l,0.2664918002117917,0.28020035092381335,11,0.0017267961746834815,0.133592544592806,4,7,0.9360984342430615,-1.0,True,0.0026479991213082124,1.0997352000878693,0.5015702479338843
aff11_wu100k_m128_seed5,11,114,True,0.009042137451263548,0.9999994338438613,5.661561387563982e-07,0.9999954039490379,M1r,0.26662333443924036,0.9999995468308555,4.5316914483828897e-07,0.999995378791757,M6l,0.26665097789831055,0.28050179208197723,11,0.0009653966441435528,0.13331153530725218,6,1,0.9596160346335025,-1.0,True,0.0022640397328563856,1.0997735960267143,0.5017355371900827
aff11_wu100k_m128_seed5,11,115,True,0.008508374300083159,0.9999985749911002,1.4250088997853909e-06,0.999993564199953,M7r,0.2671944940310317,0.9999992933865574,7.066134426978585e-07,0.9999923805243358,M8l,0.2666364544503983,0.2802042323065435,11,0.002563580614452136,0.13359740814453236,8,7,0.9424600839389149,-1.0,True,0.003188008276427352,1.0996811991723574,0.4994214876033058
aff11_wu100k_m128_seed5,11,116,True,0.009444271326327665,0.9999992051657071,7.948342928805906e-07,0.9999944030210004,M1r,0.2666316968402981,0.9999996281305911,3.7186940888896333e-07,0.9999927195755823,M8l,0.26663031273668614,0.28050704742837157,11,0.0034996690504486283,0.13331604511515124,8,1,0.9567878015929785,-1.0,True,0.00357239875058607,1.0996427601249412,0.5
aff11_wu100k_m128_seed5,11,117,True,0.010271157172195993,0.9999996452432295,3.54756770466295e-07,0.9999958334156674,M4r,0.266615970575597,0.9999991669826116,8.330173885276739e-07,0.9999962462991849,M5l,0.2666263444662167,0.28066131297181945,11,0.0013832331141263882,0.1333080933098962,5,4,0.9554306875454691,-1.0,True,0.002204610403239596,1.0997795389596758,0.49636363636363634
aff11_wu100k_m128_seed5,11,118,True,0.002384974385042183,0.0005270895831245154,0.9994729104168759,7.934034696144162e-05,M7l,0.0002928809665107968,0.00024584156986967733,0.9997541584301308,4.4924690420920006e-05,M2r,7.082331829518717e-05,0.2201709740582675,11,0.5158742026555726,0.2428853180943686,6,2,0.0024097960618494675,1.0,False,1.0000089661410845,0.9999991033858916,0.4905785123966942
aff11_wu100k_m128_seed5,11,119,True,0.009605363086483468,0.9999991151935768,8.848064230730159e-07,0.9999949758869745,M7r,0.26720561128606723,0.9999991662411877,8.3375881244083e-07,0.9999951908471862,M9l,0.2665959358412368,0.2801852439686738,11,0.0025170892756954926,0.13360294606543985,9,7,0.93683427026498,-1.0,True,0.0028850417970200217,1.0997114958202978,0.5011570247933884
aff11_wu100k_m128_seed5,11,120,True,0.007279782904332671,0.9999992902284497,7.097715506151523e-07,0.9999895818384099,M6r,0.2665168006427479,0.9999983687068378,1.6312931619041543e-06,0.9999947578697288,M5l,0.2666284311830031,0.28050411820880355,11,0.0022832287601380805,0.13325821150031092,5,6,0.9392181805953281,-1.0,True,0.0031407484214666893,1.0996859251578535,0.49867768595041323
aff11_wu100k_m128_seed5,11,121,True,0.009839322206880665,0.999998663622665,1.3363773351340532e-06,0.9999948447243256,M3r,0.2668130561101802,0.99999984376132,1.5623868005375417e-07,0.999996269799766,M7l,0.2665152571044938,0.2807468869093616,11,0.002096830414715045,0.1334066124754897,7,3,0.9417394130473861,-1.0,True,0.002568391852007874,1.0997431608147992,0.49793388429752067
aff11_wu100k_m128_seed5,11,122,True,0.0034264188609950835,0.9999949839825213,5.016017478798214e-06,0.9999811817229238,M4r,0.26660840037680267,0.9999980999037099,1.9000962901039656e-06,0.999979095827094,M10l,0.2666980202917554,0.2806749759661344,11,0.0009433792426009279,0.13330513695169302,10,4,0.9149477047033227,-1.0,True,0.004533610278044488,1.0995466389721955,0.4994214876033058
aff11_wu100k_m128_seed5,11,123,True,0.0040877110020196275,0.999998652460078,1.3475399220124721e-06,0.9999919998760666,M5r,0.26663992070564807,0.9999980800669547,1.9199330451704048e-06,0.9999895710968809,M4l,0.26650533159972467,0.28029714999973443,11,0.0015937522738112123,0.13332000010213674,4,5,0.8403985808219309,-1.0,True,0.003224953881894383,1.0996775046118106,0.5011570247933884
aff11_wu100k_m128_seed5,11,124,True,0.007240647179374749,0.9999962417461438,3.7582538563232447e-06,0.9999886017103033,M6r,0.2664853012890907,0.999998615676793,1.3843232068950414e-06,0.999994288896887,M6l,0.2666417483402323,0.2805002536371439,11,0.0014699042585568697,0.13324314839296997,6,6,0.9333368331394499,-1.0,True,0.0030888504033376326,1.0996911149596662,0.5013223140495868
aff11_wu100k_m128_seed5,11,125,True,0.004704829604760284,0.9999991567443354,8.432556648476868e-07,0.9999943576106445,M3r,0.266802415701628,0.9999989598701506,1.0401298492295332e-06,0.9999873924246889,M2l,0.2666911079666122,0.28074690085278003,11,0.001087451542354303,0.13340114233292555,2,3,0.8364809787391302,-1.0,True,0.0030842317704245655,1.0996915768229576,0.5040495867768595
aff11_wu100k_m128_seed5,11,126,True,0.007703426024613843,0.9999986896290963,1.3103709038133886e-06,0.9999929784323983,M6r,0.2665012350275164,0.9999991398450998,8.601548998987523e-07,0.9999959663163405,M9l,0.26659183987312957,0.28050554020958723,11,0.0016920419296334564,0.13325053626815767,9,6,0.9481818220998479,-1.0,True,0.0026023083738203716,1.0997397691626178,0.5021487603305785
aff11_wu100k_m128_seed5,11,127,True,0.01857123370733357,5.2160821840771905e-05,0.9999478391781602,9.2778476586628e-06,M9l,1.3674381380656305e-05,0.00021041052479214685,0.9997895894752081,3.7767255006510414e-05,M1l,5.550218519183449e-05,0.5574056390054127,10,1.2528274554609384,0.16466157873369308,9,10,0.0006209673333800211,1.0,False,1.0000277956930652,0.9999972204306936,0.4743801652892562
aff11_wu_m128_seed2,11,0,True,0.008807564159230853,0.9999978253464228,2.1746535770430345e-06,0.9999888859820718,M10r,0.38973655846014255,0.9999994794374668,5.205625328388062e-07,0.9999849950791322,M0l,0.3900470141678034,0.2631680489771401,11,0.0023772743188065727,0.19486917242743887,0,10,0.9385157583011998,-1.0,True,0.0039150352544177975,1.0996084964745583,0.4994214876033058
aff11_wu_m128_seed2,11,1,True,0.004496798465912611,0.9999967567120939,3.243287906195571e-06,0.9999758707216622,M3r,0.3893447796140567,0.999998638185838,1.3618141620091274e-06,0.999972892993612,M7l,0.38993317787636494,0.2634393182406056,11,0.005316486741334048,0.19467419686081977,7,3,0.9265690755994754,-1.0,True,0.0061239305014408755,1.0993876069498558,0.5025619834710744
aff11_wu_m128_seed2,11,2,True,0.0059326510864134525,0.9999993302159932,6.697840067044179e-07,0.9999919865178901,M5r,0.3894431049147486,0.999997510040824,2.489959176073552e-06,0.999987448471526,M8l,0.3899784516550588,0.2630963625864661,11,0.0027223449297017048,0.19472196619379403,8,5,0.9146400690750045,-1.0,True,0.0036573034278391614,1.0996342696572161,0.500495867768595
aff11_wu_m128_seed2,11,3,True,0.010185625102436589,0.9999987644552049,1.235544795333024e-06,0.9999893498796444,M2r,0.389771481367522,0.9999992258337727,7.741662274453322e-07,0.9999869339494589,M7l,0.3899297714460576,0.2626405947597082,11,0.0009648830974450734,0.19488714674656146,7,2,0.9413628680439715,-1.0,True,0.003479122218289372,1.099652087778171,0.49677685950413225
aff11_wu_m128_seed2,11,4,True,0.006578735994287452,0.999998261909714,1.7380902859795338e-06,0.9999855535174028,M0r,0.3893448374925634,0.9999995442350492,4.557649510466804e-07,0.9999933737067851,M7l,0.3899488049323353,0.26271680378417633,11,0.0017384875797814352,0.19467326797363577,7,0,0.8988534432187771,-1.0,True,0.003389904328758669,1.0996610095671242,0.4974380165289256
aff11_wu_m128_seed2,11,5,True,0.006308251211853815,0.9999974892073114,2.5107926884885e-06,0.9999842319327275,M6r,0.3894853654308496,0.9999978076569678,2.1923430323120016e-06,0.9999890798391169,M7l,0.38996188513128677,0.2627615116679,11,0.001316315795925273,0.19474315163968275,7,6,0.8996549302622595,-1.0,True,0.003780932209512223,1.099621906779049,0.501404958677686
aff11_wu_m128_seed2,11,6,True,0.008864500156826232,0.9999962880395308,3.711960469063064e-06,0.9999897291425213,M5r,0.3894292330571873,0.9999991320511645,8.679488354725688e-07,0.9999903471719922,M1l,0.3899682412006069,0.26310164209042314,11,0.0020276736309485124,0.1947152267492644,1,5,0.9608551972539785,-1.0,True,0.0034152133924681533,1.0996584786607533,0.5002479338842976
aff11_wu_m128_seed2,11,7,True,0.0006843092040278352,0.9130988941181669,0.08690110588183335,0.5919425149416945,M2r,0.39694948066653746,0.9327043738633599,0.06729562613664006,0.6713810578442436,M0l,0.39693005804972004,0.2627123347301805,11,0.05645101382592317,0.19502716653701269,0,2,0.20242284295913193,-1.0,True,0.6069229909222607,1.0393077009077742,0.5000826446280991
aff11_wu_m128_seed2,11,8,True,0.009515318528613897,0.9999982997734859,1.7002265141701074e-06,0.9999843535217376,M2r,0.38977164531191805,0.999998521767015,1.4782329852210568e-06,0.9999926251379831,M0l,0.39006334037037077,0.2626330748309143,11,0.0015823843483343805,0.1948871175452731,0,2,0.9516633946621584,-1.0,True,0.003513150464150002,1.099648684953585,0.5011570247933884
aff11_wu_m128_seed2,11,9,True,0.010201875817457011,0.9999981815080465,1.8184919536395026e-06,0.9999916384467609,M10r,0.3897610520166628,0.9999995995528997,4.0044710014576413e-07,0.9999919857617421,M8l,0.3899816742208749,0.26316987742627673,11,0.001615437882784421,0.19488147570041708,8,10,0.9454054912696745,-1.0,True,0.0030935217127615296,1.0996906478287236,0.5008264462809917
aff11_wu_m128_seed2,11,10,True,0.006705465584172171,0.9999997037161569,2.962838433790069e-07,0.9999893774716179,M8r,0.38942069427110415,0.9999989840200555,1.0159799443722792e-06,0.9999895724709958,M7l,0.389944858466275,0.26240779850908386,11,0.002928577790238762,0.19471131117097654,7,8,0.8872344419256718,-1.0,True,0.00379836584663821,1.0996201634153362,0.4965289256198347
aff11_wu_m128_seed2,11,11,True,0.0091053757360748,0.9999989104498214,1.089550178870416e-06,0.9999865550576619,M0r,0.3893298243555118,0.9999974742626392,2.525737360914341e-06,0.9999869610389048,M10l,0.3899581807218007,0.26272182946531125,11,0.002862154990644413,0.19466559618396728,10,0,0.9585144716179811,-1.0,True,0.004120434972421394,1.0995879565027582,0.49785123966942146
aff11_wu_m128_seed2,11,12,True,0.008701495895268365,0.9999985978344467,1.4021655532792096e-06,0.9999865041416461,M10r,0.3897489181240303,0.9999996057774799,3.9422251985788325e-07,0.9999938276623304,M7l,0.38994465766392494,0.26317594157811186,11,0.001482625097571564,0.19487592765927408,7,10,0.9323736822204592,-1.0,True,0.003226086098291344,1.0996773913901707,0.501404958677686
aff11_wu_m128_seed2,11,13,True,0.008833541937001352,0.9999990638572384,9.361427617928185e-07,0.9999907713092087,M0r,0.3893174607241914,0.9999994202283071,5.797716927053676e-07,0.9999938535906477,M7l,0.38995786453218156,0.2627174899582926,11,0.0017596494386789014,0.19465965181551464,7,0,0.9408289720173283,-1.0,True,0.003044063512691324,1.099695593648731,0.5018181818181818
aff11_wu_m128_seed2,11,14,True,0.005972070003659356,0.9999976061769249,2.393823075130108e-06,0.9999825636113701,M0r,0.38933336254085943,0.9999976761862845,2.3238137154618993e-06,0.9999847935498942,M1l,0.3899582615305516,0.26273254924895595,11,0.0012571428299598178,0.1946675934700452,1,0,0.8889371962698193,-1.0,True,0.004109078973934012,1.0995890921026066,0.49925619834710744
aff11_wu_m128_seed2,11,15,True,0.009211611091258457,0.9999987399935326,1.2600064672341642e-06,0.9999796320224286,M7r,0.3897914877065123,0.9999978200617247,2.1799382751447136e-06,0.9999892090404308,M2l,0.38922744109408797,0.2625371978067768,11,0.0015421097588208933,0.19489738419287633,2,7,0.956652223635807,-1.0,True,0.004056631999441314,1.0995943368000556,0.49644628099173554
aff11_wu_m128_seed2,11,16,True,0.013506700655947662,0.0001177189722244363,0.9998822810277742,2.09791430657553e-05,M8r,4.1096378194865684e-05,0.0002106165548976297,0.9997893834451007,4.1394770570838404e-05,M1l,5.837981101337028e-05,0.2338215349021491,11,0.5106563630399932,0.13716418702920607,5,3,0.00037545506368283604,-1.0,False,1.0000485382092257,0.9999951461790774,0.47793388429752065
aff11_wu_m128_seed2,11,17,True,0.008275896315002564,0.9999977344321944,2.2655678056078698e-06,0.9999881574240295,M0r,0.38934455351582004,0.9999993286582831,6.713417169404797e-07,0.9999875413944496,M2l,0.38924422729629554,0.26272237631899087,11,0.0022442439963757253,0.194673362418079,2,0,0.9408401551277318,-1.0,True,0.0038517068135303745,1.0996148293186472,0.5022314049586777
aff11_wu_m128_seed2,11,18,True,0.009867388760693508,0.9999987881211091,1.2118788910467774e-06,0.999991502617924,M4r,0.38958480916771876,0.9999995989553015,4.0104469837006466e-07,0.9999880555221264,M5l,0.390290026631631,0.26287562046489055,11,0.0013155373619780724,0.1947931563096158,5,4,0.9435960062787174,-1.0,True,0.0032689013902319703,1.0996731098609767,0.5018181818181818
aff11_wu_m128_seed2,11,19,True,0.007650743860612533,0.9999959667400931,4.033259907228529e-06,0.9999783287210827,M2r,0.38977536761681464,0.9999990756056927,9.243943076874201e-07,0.9999914232224342,M8l,0.38998884638149944,0.262652155324963,11,0.0022263704556195994,0.19488952356135808,8,2,0.9078442487451891,-1.0,True,0.004150604303404606,1.0995849395696593,0.5020661157024794
aff11_wu_m128_seed2,11,20,True,0.008358176729771148,0.9999990339437758,9.660562242880695e-07,0.9999884987887288,M6r,0.3894711889198295,0.9999983657117144,1.6342882853842583e-06,0.9999885216306915,M2l,0.38924426343240215,0.262767977643571,11,0.002728016648395642,0.19473600624826412,2,6,0.9457477203298179,-1.0,True,0.0039086943897608485,1.099609130561024,0.4994214876033058
aff11_wu_m128_seed2,11,21,True,0.008644409863153847,0.9999961197262036,3.880273796469738e-06,0.999989265838662,M9r,0.3897431851056265,0.9999981661491216,1.8338508784909037e-06,0.9999873756142109,M7l,0.38992679325381424,0.262755620759641,11,0.001651924594293217,0.19487311929729953,7,9,0.9322954619044406,-1.0,True,0.0035699111149889834,1.0996430088885012,0.5003305785123967
aff11_wu_m128_seed2,11,22,True,0.009492468849126337,0.9999995556615249,4.443384753578867e-07,0.9999880194880908,M4r,0.389563520403309,0.9999983553787637,1.6446212365548346e-06,0.9999880110561801,M10l,0.389970247641461,0.2628749285759657,11,0.0013617732168984273,0.1947826315644138,10,4,0.9469097146982836,-1.0,True,0.003557970521674746,1.0996442029478322,0.4968595041322314
aff11_wu_m128_seed2,11,23,True,0.0018331348266670453,0.9888213234186742,0.011178676581326189,0.4889244856382206,M4r,0.5532161358228934,0.9953380897664709,0.004661910233529378,0.35761119644899775,M5l,0.686405183583437,0.2626822323757408,11,0.2333797033736964,0.19480821264626833,5,4,0.12931316420715022,-1.0,True,0.7385236742904517,1.0261476325709549,0.501900826446281
aff11_wu_m128_seed2,11,24,True,0.00843332992584382,0.9999979353147096,2.0646852903832275e-06,0.9999921114012835,M1r,0.3896688799647042,0.99999719785162,2.80214838022897e-06,0.9999907816321112,M1l,0.3899553664361767,0.26258214473150426,11,0.0028861407769629212,0.194835312657144,1,1,0.9473571436564409,-1.0,True,0.0035664594421392407,1.0996433540557862,0.5013223140495868
aff11_wu_m128_seed2,11,25,True,0.009067601920879461,0.999999510707011,4.892929889238821e-07,0.9999889514961362,M4r,0.38955841103220534,0.9999974735483397,2.526451660244441e-06,0.9999920705662182,M7l,0.38994034329726457,0.2628920752731764,11,0.001177037521704617,0.19477994678533417,7,4,0.9356103317080655,-1.0,True,0.003154130656798743,1.09968458693432,0.5015702479338843
aff11_wu_m128_seed2,11,26,True,0.006118340877722726,0.9999990084364018,9.915635982755166e-07,0.9999862608130766,M4r,0.3895612817128064,0.9999993872352678,6.127647324549371e-07,0.9999921722765399,M1l,0.38994893159376015,0.2628807838849502,11,0.0010731258293506312,0.19478161961950397,1,4,0.8717488194037385,-1.0,True,0.003348192506609763,1.099665180749339,0.5
aff11_wu_m128_seed2,11,27,True,0.00397618127923524,0.9999954833939471,4.516606053173569e-06,0.9999856731854914,M6r,0.3894798556625041,0.9999815172964299,1.8482703570116833e-05,0.9999694998273582,M2l,0.3892495732037442,0.26276755432225024,11,0.003860100650626675,0.19474153149610046,2,6,0.871524696794544,-1.0,True,0.005468856672396575,1.0994531143327602,0.49900826446280994
aff11_wu_m128_seed2,11,28,True,0.005894877619224853,0.9999976182559795,2.381744020491436e-06,0.9999876721110348,M4r,0.38957901164795566,0.9999976525993501,2.3474006500678683e-06,0.9999850163222621,M8l,0.3899891776826732,0.2628989811966905,11,0.0032353515276323914,0.1947907656932266,8,4,0.877806019146568,-1.0,True,0.00425822487811496,1.0995741775121886,0.49958677685950414
aff11_wu_m128_seed2,11,29,True,0.010070125710972731,0.9999994694374678,5.305625324756797e-07,0.9999933738884786,M0r,0.38933031634105614,0.9999946735622827,5.326437717552139e-06,0.9999866701877049,M0l,0.3900379105108872,0.2627243900241444,11,0.001405201849835681,0.19466601655682067,0,0,0.9539405082622713,-1.0,True,0.003327960045724178,1.0996672039954276,0.5
aff11_wu_m128_seed2,11,30,True,0.006310754308482417,0.9999982319474836,1.7680525164608894e-06,0.9999893350310947,M1r,0.3896552902657946,0.9999964534823007,3.546517699091024e-06,0.9999833009251,M1l,0.38993370824294993,0.2625654836003773,11,0.001230879043097915,0.1948285056788383,1,1,0.9099831361321855,-1.0,True,0.0037994465146189743,1.099620055348538,0.49760330578512396
aff11_wu_m128_seed2,11,31,True,0.009908668268674418,1.6995777294629783e-05,0.9999830042227041,3.7311942103116238e-06,M4r,5.006547700857785e-06,0.00013761158750192617,0.9998623884124969,2.9779952786137094e-05,M10l,4.5009769225187496e-05,0.1835319258680995,11,1.9230533591857122,0.26384882658015874,5,0,0.0019053211797437877,-1.0,False,1.0000077406345762,0.9999992259365424,0.5086776859504132
aff11_wu_m128_seed2,11,32,True,0.00843855781844734,0.9999982075283019,1.7924716980809114e-06,0.9999883352181568,M7r,0.3897805578487185,0.9999971587420142,2.8412579856730657e-06,0.9999881463790127,M5l,0.3902742348735791,0.26253566715395765,11,0.002256728876871743,0.1948910291085225,5,7,0.9555669583435612,-1.0,True,0.0037381085832547,1.0996261891416743,0.4971900826446281
aff11_wu_m128_seed2,11,33,True,0.009724911233803172,0.9999989440001119,1.0559998880806335e-06,0.9999907456164382,M5r,0.38944029141823533,0.9999989759945105,1.0240054896787103e-06,0.9999820822498121,M10l,0.3899507258016503,0.26309196217172115,11,0.0024866085744976404,0.1947201304385073,10,5,0.9507301077898426,-1.0,True,0.004070609003185893,1.0995929390996815,0.49586776859504134
aff11_wu_m128_seed2,11,34,True,0.008935932540289649,0.9999964852302566,3.5147697432043885e-06,0.99998918763442,M5r,0.3894335942258393,0.9999978693686236,2.1306313761819404e-06,0.9999917536278097,M0l,0.3900578987550213,0.26310071216134145,11,0.0016937298077073172,0.19471749109617784,0,5,0.9460641158090467,-1.0,True,0.0032804880247038364,1.0996719511975297,0.49983471074380165
aff11_wu_m128_seed2,11,35,True,0.0007973360333964962,0.9458190423943701,0.05418095760563001,0.3749654738311523,M6r,0.4063186180554242,0.9480587308457104,0.051941269154289496,0.3305767427335424,M0l,0.3938689730504523,0.26187841638106923,11,0.1417271632318001,0.19482839767277735,0,6,0.11749586742363366,-1.0,True,0.7915822393671357,1.0208417760632864,0.5015702479338843
aff11_wu_m128_seed2,11,36,True,0.005981554269047158,0.9999966308091036,3.3691908964091282e-06,0.9999895377268467,M5r,0.3894275411056594,0.9999970716501864,2.928349813927773e-06,0.9999700292475533,M1l,0.3899562200080179,0.26311511062118337,11,0.002400519252756567,0.1947146158389,1,5,0.9103580662926929,-1.0,True,0.004804031587568226,1.099519596841243,0.4997520661157025
aff11_wu_m128_seed2,11,37,True,0.009230951118170677,0.9999985608416243,1.4391583755699596e-06,0.999983692822033,M1r,0.3896763291188971,0.9999996656319392,3.343680609144184e-07,0.9999904703752686,M8l,0.3899853827286128,0.2625623892587304,11,0.0028742884212275043,0.19483891622833935,8,1,0.9448319967461987,-1.0,True,0.004035881716220955,1.0995964118283779,0.4994214876033058
aff11_wu_m128_seed2,11,38,True,0.00792314940800099,0.9999979018144715,2.0981855286785574e-06,0.999986229374141,M8r,0.38943140349858796,0.9999978447896898,2.1552103101477412e-06,0.9999848668778164,M10l,0.38994905357328463,0.2624025177132242,11,0.001123472692382039,0.19471704425031566,10,8,0.9131085773928892,-1.0,True,0.0037581601176700885,1.099624183988233,0.49925619834710744
aff11_wu_m128_seed2,11,39,True,0.0062736568003287745,0.9999991585472994,8.414527008913952e-07,0.9999898232792468,M8r,0.38941112378832,0.9999984992819655,1.500718034608642e-06,0.9999845890111234,M1l,0.3899680437441856,0.26241523042000714,11,0.00161651114447481,0.19470632098204319,1,8,0.8695289387007874,-1.0,True,0.003637476951601447,1.09963625230484,0.4977685950413223
aff11_wu_m128_seed2,11,40,True,0.005845425024045543,0.9999995812863838,4.187136160337114e-07,0.9999846368420963,M6r,0.3894882348521764,0.9999975707552294,2.42924477033966e-06,0.9999755684817969,M1l,0.38994363536533405,0.26277718887848156,11,0.0024691523843428306,0.19474445431527082,1,6,0.8996976045407085,-1.0,True,0.004762014628053333,1.0995237985371946,0.4987603305785124
aff11_wu_m128_seed2,11,41,True,0.008253458285088666,0.9999989537159814,1.0462840185761949e-06,0.9999923707549657,M1r,0.3896748880146245,0.9999959075457648,4.092454235185066e-06,0.9999884567611186,M5l,0.39026350885941813,0.2625414755348554,11,0.0014324244408476107,0.19483811584125335,5,1,0.9258856839252368,-1.0,True,0.003220499463941309,1.0996779500536058,0.5010743801652893
aff11_wu_m128_seed2,11,42,True,0.008409036472547591,0.999997284950624,2.7150493759611185e-06,0.9999926409995455,M5r,0.38942877785015684,0.9999985488448123,1.4511551878910146e-06,0.9999902180750724,M8l,0.38997744313888544,0.2631040942366093,11,0.0010808579194202935,0.19471510728894348,8,5,0.9377818302636937,-1.0,True,0.0029972354689564965,1.0997002764531043,0.4993388429752066
aff11_wu_m128_seed2,11,43,True,0.00835631729405819,0.9999983691828469,1.630817153307087e-06,0.9999887437836349,M8r,0.38943424887388034,0.9999992170028467,7.829971529892866e-07,0.9999900390286177,M8l,0.38999440199209656,0.26242022921310576,11,0.0023449760465212638,0.19471816281180773,8,8,0.9355260695605073,-1.0,True,0.0035272913412858634,1.0996472708658716,0.4975206611570248
aff11_wu_m128_seed2,11,44,True,0.005313808437585653,0.9999994619598831,5.38040116883552e-07,0.9999907555345428,M2r,0.38977342926716546,0.9999984602608393,1.5397391603791843e-06,0.9999875249265212,M5l,0.3902886185850943,0.2626387868397376,11,0.002934925796016866,0.19488758134840664,5,2,0.8856562078382991,-1.0,True,0.003823141549304661,1.0996176858450695,0.5001652892561983
aff11_wu_m128_seed2,11,45,True,0.008609090791790276,0.9999996973673643,3.0263263556373445e-07,0.9999900659083457,M8r,0.3894152341316949,0.9999993758705978,6.241294020775027e-07,0.9999876787936416,M7l,0.38991406843919824,0.26242752297751304,11,0.001894514222348534,0.1947089703184149,7,8,0.8855547058442319,-1.0,True,0.0034230691703622594,1.0996576930829638,0.5050413223140496
aff11_wu_m128_seed2,11,46,True,0.00894283639992879,0.9999978557238478,2.144276152210034e-06,0.9999886665867079,M1r,0.3896718029527695,0.9999983453901355,1.654609864395617e-06,0.9999840578060841,M10l,0.38995886643233285,0.26255023374997005,11,0.0018051418148913672,0.19483654521316546,10,1,0.9491287882502243,-1.0,True,0.0038681244193294324,1.0996131875580673,0.4966115702479339
aff11_wu_m128_seed2,11,47,True,0.009780613323558805,2.622464813370738e-05,0.9999737753518654,5.535827448251287e-06,M7l,1.1350891568720595e-05,5.802212786682425e-05,0.9999419778721317,1.0900780137794679e-05,M3r,2.1201771961553423e-05,0.37478511227875216,11,0.5895844089286436,0.346065425133912,4,2,0.0007529827796715796,1.0,False,0.9999716329505852,1.0000028367049416,0.5036363636363637
aff11_wu_m128_seed2,11,48,True,0.008619635415016721,0.9999990920492576,9.079507424137423e-07,0.9999870375583776,M6r,0.3894826628956635,0.9999994504748352,5.495251650180431e-07,0.9999896027853431,M1l,0.38996166607198735,0.2627611275896083,11,0.001659023256895352,0.19474158841507333,1,6,0.9451253746070086,-1.0,True,0.00350741730468536,1.0996492582695316,0.4987603305785124
aff11_wu_m128_seed2,11,49,True,0.004248651830083728,0.9999988022378222,1.1977621775511458e-06,0.9999810085218027,M2r,0.389770130096772,0.9999979817847289,2.0182152712530926e-06,0.9999699763273965,M10l,0.38995563629506497,0.2626433732229646,11,0.0017725693414787815,0.19488591164362437,10,2,0.847142465698528,-1.0,True,0.005026215488836511,1.0994973784511164,0.5030578512396694
aff11_wu_m128_seed2,11,50,True,0.009175009114933476,0.999999192115252,8.078847481074727e-07,0.9999846966566129,M4r,0.38956725875361503,0.9999988148263836,1.1851736164598371e-06,0.9999903564962149,M1l,0.3899246382167936,0.26289548072023505,11,0.0015167069806855456,0.1947838379830236,1,4,0.9400223571301908,-1.0,True,0.003650786205580663,1.0996349213794419,0.5014876033057851
aff11_wu_m128_seed2,11,51,True,0.006250940226841254,0.9999973123183559,2.687681644175752e-06,0.9999867383830776,M0r,0.3893481289300152,0.9999952151773497,4.7848226506238645e-06,0.9999858400047863,M8l,0.3899876018514406,0.2627366424509042,11,0.0013854060713331387,0.19467502396568068,8,0,0.8899651440973005,-1.0,True,0.003809549812288099,1.0996190450187713,0.49983471074380165
aff11_wu_m128_seed2,11,52,True,0.008697991381661406,0.9999974848498404,2.5151501596525417e-06,0.9999911358054326,M6r,0.38948273751352264,0.9999973104169387,2.68958306136597e-06,0.9999882384217146,M7l,0.38994796808661625,0.26276798675366003,11,0.0011893641660779349,0.1947421417326558,7,6,0.931963889520143,-1.0,True,0.0032918310905458207,1.0996708168909455,0.4985123966942149
aff11_wu_m128_seed2,11,53,True,0.009685315024805644,0.9999992388872949,7.611127051423887e-07,0.9999940207339233,M5r,0.3894377965807164,0.9999976030501374,2.3969498625259737e-06,0.9999892220987319,M2l,0.3892251735842422,0.2631060597281951,11,0.0019070517221533361,0.19471914948037988,2,5,0.957886038881084,-1.0,True,0.0030870864656984127,1.0996912913534302,0.501404958677686
aff11_wu_m128_seed2,11,54,True,0.0009296121684577417,0.9893065923338731,0.010693407666126715,0.41548141510569475,M8r,0.4682968786535451,0.9999253817496789,7.46182503210623e-05,0.33075031824196044,M5l,0.38979339301364613,0.26223294536881253,11,0.23571554270812156,0.19454638798925566,5,8,0.12321402999028261,-1.0,True,0.7638407159827493,1.023615928401725,0.4965289256198347
aff11_wu_m128_seed2,11,55,True,0.01562909618122941,5.673126888634307e-05,0.9999432687311125,1.0069179054557986e-05,M10l,1.7397774403008065e-05,0.0001751112898781003,0.9998248887101205,2.761336074676582e-05,M5l,5.041652480358945e-05,0.2709521196117052,10,0.9488010622510445,0.21688287136326412,4,8,0.0003032093411588477,1.0,False,0.9999484774409834,1.0000051522559015,0.4622314049586777
aff11_wu_m128_seed2,11,56,True,0.008395096476599721,0.9999989966061049,1.0033938951122564e-06,0.9999899228128124,M4r,0.38956094546712206,0.9999995912198363,4.0878016355410767e-07,0.9999923237275438,M8l,0.38997694594638366,0.2628743282284543,11,0.0024500048791071204,0.19478106649842644,8,4,0.9225079672695022,-1.0,True,0.0034271887620275963,1.0996572811237975,0.5018181818181818
aff11_wu_m128_seed2,11,57,True,0.004735837740244418,0.9999993296025251,6.703974747970633e-07,0.9999906468194356,M1r,0.38966522139488163,0.9999997010161458,2.989838545332715e-07,0.9999910369826601,M0l,0.3900555598378475,0.26255020876475405,11,0.0013529589033273411,0.19483315314687039,0,1,0.8972242165026396,-1.0,True,0.0031387867400463473,1.0996861213259952,0.5011570247933884
aff11_wu_m128_seed2,11,58,True,0.006756044858302568,0.9999996295909239,3.7040907602002844e-07,0.9999830616630918,M7r,0.3897676729391048,0.9999995041194435,4.958805566200973e-07,0.9999911880638845,M7l,0.38993011043295167,0.2625576099586867,11,0.0008911588028591742,0.19488526683729468,7,7,0.8987034579192269,-1.0,True,0.0036122357354066454,1.0996387764264592,0.5041322314049587
aff11_wu_m128_seed2,11,59,True,0.013138774921929577,3.627495314830148e-05,0.9999637250468502,6.752556445767808e-06,M6r,1.3501894074958366e-05,8.021760943745136e-05,0.999919782390561,2.040513832732218e-05,M2l,2.0477440629250566e-05,0.31812796965761997,11,0.8909633365535342,0.2740242365295504,10,0,0.0007834986488607173,-1.0,False,0.9999600384030461,1.0000039961596952,0.4671900826446281
aff11_wu_m128_seed2,11,60,True,0.008002226025188698,0.9999992762634438,7.237365561110537e-07,0.9999906525526867,M2r,0.3897741909962774,0.9999976376295427,2.362370456961894e-06,0.9999869617592017,M5l,0.3902482002243343,0.2626442363646345,11,0.004551713683509479,0.19488801149703291,5,2,0.9195238698704575,-1.0,True,0.004598162479857833,1.0995401837520142,0.5014876033057851
aff11_wu_m128_seed2,11,61,True,0.004340102391605184,0.9999992383887205,7.616112796638442e-07,0.9999823044110714,M5r,0.38945055208638274,0.999993039203776,6.960796224366698e-06,0.9999726592933845,M0l,0.39006414463652334,0.26310285546112894,11,0.004181552449054227,0.19472491217322963,0,5,0.8918084225284535,-1.0,True,0.0055410224419802645,1.099445897755802,0.5001652892561983
aff11_wu_m128_seed2,11,62,True,0.008856532574107302,0.9999984409893284,1.5590106716469628e-06,0.9999837167011965,M7r,0.38977291297495054,0.9999983276962777,1.6723037218583945e-06,0.999982774933841,M10l,0.38996170958664783,0.26255336241822846,11,0.0019999980868795277,0.19488789689089123,10,7,0.9480819198994603,-1.0,True,0.004322804266304226,1.0995677195733697,0.4915702479338843
aff11_wu_m128_seed2,11,63,True,0.009522561639040236,0.9999995457501559,4.542498441910174e-07,0.9999847683970614,M9r,0.389779040086543,0.9999986755732493,1.3244267506658e-06,0.9999917682729688,M0l,0.3900621562477486,0.26275053257621084,11,0.001211872417021271,0.19488983166484156,0,9,0.951747691046187,-1.0,True,0.003492009965007278,1.0996507990034994,0.49793388429752067
aff11_wu_m128_seed2,11,64,True,0.009274747816558593,0.9999986224955849,1.3775044151606385e-06,0.9999809273081092,M10r,0.38975861317933785,0.9999989727593736,1.0272406261952784e-06,0.999988873342448,M2l,0.38923909080503843,0.2631689127692422,11,0.002928413440408657,0.1948807700400892,2,10,0.9418088984870929,-1.0,True,0.004355948599092884,1.0995644051400908,0.5010743801652893
aff11_wu_m128_seed2,11,65,True,0.004462211336966311,0.9999976463184511,2.3536815489188923e-06,0.9999790905774357,M3r,0.38934111733921634,0.9999991516984403,8.483015598236359e-07,0.9999914166110543,M8l,0.38997229929339566,0.2634290958617354,11,0.002529017385195108,0.19467284763841025,8,3,0.9295277403764245,-1.0,True,0.004030704867114098,1.0995969295132886,0.4982644628099174
aff11_wu_m128_seed2,11,66,True,0.003976951026113596,0.9999991281665793,8.718334205490084e-07,0.9999865806550567,M0r,0.3893424580197329,0.9999989874469086,1.012553091600101e-06,0.9999781175468785,M2l,0.3892615083299372,0.26272106095464537,11,0.0032351379793923293,0.19467168602830853,2,0,0.8560319236346946,-1.0,True,0.004823635953549881,1.0995176364046448,0.5001652892561983
aff11_wu_m128_seed2,11,67,True,0.005011695402329195,0.9999982069972101,1.793002790078238e-06,0.9999870547083768,M10r,0.38974032328719344,0.9999937770958303,6.222904169702202e-06,0.9999732373455458,M5l,0.3903043932178286,0.26317066988960264,11,0.0029193569716514634,0.19487155541234605,5,10,0.8500632199695897,-1.0,True,0.004738711223640612,1.0995261288776357,0.49950413223140494
aff11_wu_m128_seed2,11,68,True,0.009245406645743883,0.9999993499729444,6.500270557834949e-07,0.999987136590875,M6r,0.3894898933200078,0.9999982601819951,1.7398180046931077e-06,0.9999919013032164,M5l,0.3902730274076437,0.2627744728742642,11,0.002662972410602217,0.19474558807709091,5,6,0.9586467263719762,-1.0,True,0.0037624483767500416,1.099623755162325,0.49892561983471073
aff11_wu_m128_seed2,11,69,True,0.006721618355763373,0.9999976959814985,2.3040185015868803e-06,0.9999896027988439,M5r,0.3894455133348695,0.9999971870700975,2.8129299026838546e-06,0.9999884517093202,M7l,0.38994123124091157,0.26310629720926343,11,0.0023899384215929132,0.19472335734117704,7,5,0.9230290166525775,-1.0,True,0.0036342069245487493,1.099636579307545,0.49793388429752067
aff11_wu_m128_seed2,11,70,True,0.009380867334123553,0.9999986506457991,1.3493542009608609e-06,0.9999897741755444,M4r,0.3895620173739302,0.9999965118194045,3.4881805955983825e-06,0.9999876965592086,M2l,0.3892313045349785,0.2628789911592841,11,0.001882945668904026,0.19478214560123863,2,4,0.9494781239714402,-1.0,True,0.003547070496772066,1.0996452929503229,0.4997520661157025
aff11_wu_m128_seed2,11,71,True,0.006538965965384125,0.9999976092280756,2.390771924067021e-06,0.9999897576484025,M10r,0.38976074866645527,0.9999991192286098,8.807713904340956e-07,0.9999901425665291,M7l,0.3899216714739151,0.263178668320273,11,0.002368871199743939,0.1948815841305536,7,10,0.8756948816188733,-1.0,True,0.003485861168378245,1.0996514138831621,0.5002479338842976
aff11_wu_m128_seed2,11,72,True,0.0043005722517714525,0.9999986822301382,1.3177698619717333e-06,0.9999818002631433,M1r,0.3896645282409825,0.9999904274119015,9.572588098321827e-06,0.9999742094544521,M2l,0.38925984329579283,0.2625540897601961,11,0.00401264125501088,0.1948324749428574,2,1,0.8750208480237563,-1.0,True,0.005556374182590478,1.0994443625817412,0.4990909090909091
aff11_wu_m128_seed2,11,73,True,0.004590361893707737,0.9999977806341366,2.2193658630718972e-06,0.9999703668598412,M3r,0.38934003455021887,0.9999992922325648,7.077674353291746e-07,0.999986584014347,M1l,0.38996947612759514,0.26345072369160116,11,0.005282027343617587,0.19467239091256022,1,3,0.9335433202116764,-1.0,True,0.005727831192095814,1.0994272168807906,0.49983471074380165
aff11_wu_m128_seed2,11,74,True,0.008458933666115843,0.9999979181557103,2.081844289796551e-06,0.9999909259234828,M10r,0.38973446119093164,0.9999985929723653,1.407027634579735e-06,0.9999881347307524,M5l,0.3902812176144689,0.26317320034210434,11,0.002992303900771867,0.1948683435212436,5,10,0.9397487310887754,-1.0,True,0.00377641629397519,1.0996223583706026,0.5008264462809917
aff11_wu_m128_seed2,11,75,True,0.018857604597312776,7.953041109732555e-06,0.9999920469588893,1.820377087073589e-06,M7l,2.6937149909041917e-06,3.2450074875560704e-05,0.9999675499251228,5.364328184384567e-06,M7r,7.950884477470002e-06,0.3677001137764548,10,0.8794711724035708,0.3311094369367098,3,2,0.00015862435530326433,1.0,False,0.999941384132845,1.0000058615867156,0.5006611570247934
aff11_wu_m128_seed2,11,76,True,0.005997615516686281,0.9999972984560379,2.701543962551162e-06,0.9999790912805561,M2r,0.3897740188059036,0.9999970358071116,2.9641928887462987e-06,0.9999771906992067,M1l,0.38994807355096106,0.26264518998305036,11,0.0014918734298411448,0.1948886258405479,1,2,0.9003136082010257,-1.0,True,0.004725133498509439,1.099527486650149,0.4985123966942149
aff11_wu_m128_seed2,11,77,True,0.005515890064522179,0.9999975414056148,2.458594385281366e-06,0.9999840628024379,M9r,0.3897567611738672,0.9999974718613808,2.5281386191168745e-06,0.9999836053012344,M1l,0.389969839667523,0.26275491948219454,11,0.0013160044969120655,0.19487913249586433,1,9,0.8707352932160134,-1.0,True,0.004045425164588942,1.0995954574835411,0.5006611570247934
aff11_wu_m128_seed2,11,78,True,0.008992251721514185,0.9999985136338838,1.4863661161009996e-06,0.999991872669851,M0r,0.3893228042240406,0.9999990875277788,9.124722212675101e-07,0.9999833943595026,M1l,0.38993628220074517,0.26273963325765903,11,0.0016542316734046852,0.19466233832039018,1,0,0.9335450233924204,-1.0,True,0.003593053925400822,1.09964069460746,0.5032231404958678
aff11_wu_m128_seed2,11,79,True,0.004951515334134627,0.9999973778270069,2.6221729932486205e-06,0.9999847603045816,M1r,0.3896862274099818,0.9999905516552429,9.448344757174664e-06,0.9999758219846193,M5l,0.39028065192232975,0.2625515045052503,11,0.0026975308858880774,0.19484432270108804,5,1,0.901849443758366,-1.0,True,0.004708877149041719,1.0995291122850956,0.4977685950413223
aff11_wu_m128_seed2,11,80,True,0.00480877069366265,0.999998129730306,1.8702696943324175e-06,0.9999880140714363,M5r,0.38944370641655235,0.9999991770597962,8.229402039790978e-07,0.9999868125138834,M5l,0.3902888038450544,0.26308652327374,11,0.001964384072185146,0.19472196559599486,5,5,0.9001484224392996,-1.0,True,0.003799461713549455,1.099620053828645,0.5000826446280991
aff11_wu_m128_seed2,11,81,True,0.010125583804881374,0.9999994578710767,5.421289232778923e-07,0.9999923230733173,M4r,0.3895766224123496,0.9999980101050275,1.989894972594801e-06,0.999989250545761,M0l,0.3900453469534343,0.2628863039493864,11,0.0009427296248316135,0.1947891570728222,0,4,0.941835429255789,-1.0,True,0.003046683065175518,1.0996953316934825,0.4983471074380165
aff11_wu_m128_seed2,11,82,True,0.014830115220780175,9.465652264581325e-05,0.9999053434773532,1.4922109928444081e-05,M5r,2.8299758466208535e-05,0.00014097632193032177,0.9998590236780687,2.3943649704728708e-05,M1r,4.968676580490501e-05,0.28973160612463483,11,0.37215493590662097,0.20834337155377217,0,10,0.0005516482811823029,1.0,False,0.99996588527491,1.0000034114725092,0.4971074380165289
aff11_wu_m128_seed2,11,83,True,0.008815126034861304,0.9999955987056717,4.401294328588457e-06,0.9999888734497961,M5r,0.38944423551257484,0.999998809093405,1.190906595119486e-06,0.9999937558275551,M7l,0.38995085680910674,0.2630983288275312,11,0.0020808263572146954,0.19472285504526177,7,5,0.9303221976088252,-1.0,True,0.0032433424064343625,1.0996756657593565,0.49991735537190085
aff11_wu_m128_seed2,11,84,True,0.008234136847844528,0.9999992875383795,7.124616204662181e-07,0.9999919502879283,M0r,0.3893231478345233,0.9999975021292744,2.4978707258434392e-06,0.9999897241315183,M8l,0.3899682222647812,0.2627302766406657,11,0.0010721334211488754,0.19466219248931185,8,0,0.934820545887171,-1.0,True,0.003022632608557742,1.099697736739144,0.49991735537190085
aff11_wu_m128_seed2,11,85,True,0.004385477766116891,0.9999919395627443,8.060437255642112e-06,0.9999770957716494,M7r,0.38977413966728547,0.9999875354555949,1.2464544404991164e-05,0.9999610806269524,M0l,0.39005263371942717,0.2625567044525553,11,0.0013063428720094235,0.194889042234394,0,7,0.8657672262836105,-1.0,True,0.005557871654654629,1.0994442128345345,0.5031404958677685
aff11_wu_m128_seed2,11,86,True,0.0035961592750890095,0.9999975892331542,2.4107668457391677e-06,0.9999629111301706,M3r,0.3893506771251137,0.99999949658201,5.034179900197787e-07,0.9999910569281703,M1l,0.3899278874777445,0.2634251442466664,11,0.0045526800220534605,0.1946768358061734,1,3,0.8814079144968116,-1.0,True,0.005666554588116182,1.0994333445411884,0.49983471074380165
aff11_wu_m128_seed2,11,87,True,0.003926282145267042,0.9999974911917566,2.508808243194823e-06,0.999977119290552,M8r,0.3894074814681272,0.9999957745732839,4.225426716039535e-06,0.9999809721723533,M10l,0.38992768604729494,0.262421753549204,11,0.0024135599981974626,0.19470523283315133,10,8,0.8470905906119346,-1.0,True,0.004737458957734697,1.0995262541042266,0.5018181818181818
aff11_wu_m128_seed2,11,88,True,0.00970219211219183,0.9999991783520885,8.216479113545965e-07,0.9999883821512431,M0r,0.389324133220593,0.9999988667247679,1.1332752319766824e-06,0.9999905401178167,M5l,0.39027656027470453,0.2627114487638731,11,0.0013911620380604734,0.19466277277237531,5,0,0.9620240922341387,-1.0,True,0.0033686093607177684,1.0996631390639282,0.4996694214876033
aff11_wu_m128_seed2,11,89,True,0.008637854016473549,0.9999978323851931,2.1676148065777687e-06,0.9999887676569458,M8r,0.38941778845598285,0.9999985930934874,1.4069065124510492e-06,0.9999897405232221,M1l,0.38993720914985647,0.26241841386881193,11,0.0015598834085001599,0.19471019447248947,1,8,0.9155874771155854,-1.0,True,0.003333006238227116,1.099666699376177,0.5027272727272727
aff11_wu_m128_seed2,11,90,True,0.015080899483155956,7.361507324871291e-05,0.9999263849267502,1.1357675826973713e-05,M0r,2.6225323437721488e-05,0.00026874721143536716,0.9997312527885633,5.2909331796020744e-05,M5l,8.245894437033569e-05,0.272892829911941,11,1.3385134528273437,0.36431248836256347,0,0,0.00026833559753889626,-1.0,False,0.9999305903042651,1.0000069409695733,0.47454545454545455
aff11_wu_m128_seed2,11,91,True,0.010959121518370432,0.9999992862669154,7.137330849881405e-07,0.9999915598417726,M10r,0.38974647214230373,0.9999992885174477,7.114825521864401e-07,0.9999926214751939,M1l,0.3899353502717393,0.26317980478554476,11,0.0025796196816285605,0.1948740505722741,1,10,0.9664088287562291,-1.0,True,0.0033677834904425443,1.0996632216509556,0.5030578512396694
aff11_wu_m128_seed2,11,92,True,0.009146388611637657,0.9999969546390307,3.0453609694806237e-06,0.999989223936183,M9r,0.3897770155257634,0.9999976894922027,2.310507797353612e-06,0.9999850225418103,M2l,0.38922469797673054,0.26275900606691416,11,0.0028539838013900373,0.19488968602305626,2,9,0.9429355790686809,-1.0,True,0.004133714300336047,1.0995866285699663,0.5004132231404959
aff11_wu_m128_seed2,11,93,True,0.004670080471460024,0.999998870464075,1.1295359248842114e-06,0.9999817506740099,M7r,0.3897807715934625,0.9999991658509186,8.341490811473317e-07,0.9999810758280718,M5l,0.3902996190956455,0.26254903962627113,11,0.0017505747701672234,0.19489163167902268,5,7,0.8640442666621098,-1.0,True,0.004460882259808955,1.099553911774019,0.5026446280991735
aff11_wu_m128_seed2,11,94,True,0.008129401676072106,0.9999993715135207,6.284864796045414e-07,0.9999885590334884,M1r,0.3896691439261829,0.9999976371947268,2.362805273393188e-06,0.9999904550174789,M0l,0.3900561437534373,0.26255229789703866,11,0.0014672097745393716,0.19483492794538115,0,1,0.936200975687973,-1.0,True,0.003380175007003445,1.0996619824993,0.49983471074380165
aff11_wu_m128_seed2,11,95,True,0.00863115865485243,0.9999978735460324,2.126453967742715e-06,0.9999832779583522,M2r,0.3897796803440627,0.999996884214307,3.1157856929675734e-06,0.9999872921335,M1l,0.3899560378128917,0.2626440695164463,11,0.0015435548292931037,0.19489154100863398,1,2,0.9182391869642567,-1.0,True,0.0039301273754911575,1.0996069872624508,0.5022314049586777
aff11_wu_m128_seed2,11,96,True,0.009089024736140342,0.9999995332977848,4.667022150045995e-07,0.9999843579022711,M7r,0.38977246670708643,0.9999992453805685,7.546194313282195e-07,0.9999930059624106,M7l,0.38992893676842527,0.2625440116631907,11,0.0012311513578093115,0.19488614511863464,7,7,0.9306006072331495,-1.0,True,0.003530014685767414,1.0996469985314232,0.49644628099173554
aff11_wu_m128_seed2,11,97,True,0.003552048749529578,0.9999935174261074,6.482573892849681e-06,0.999971828418218,M3r,0.3893591980176456,0.9999984933019054,1.5066980943826403e-06,0.9999666633019653,M7l,0.3899648997445689,0.26342869689095055,11,0.0020094417303652126,0.19468242463115307,7,3,0.9105208221354827,-1.0,True,0.0056942777487825145,1.0994305722251216,0.5015702479338843
aff11_wu_m128_seed2,11,98,True,0.008421098935739394,0.9999976622190044,2.3377809958450603e-06,0.9999904473963378,M5r,0.3894405347882168,0.9999962097356091,3.790264391176766e-06,0.9999867214768708,M5l,0.39028275107000304,0.26310090032112926,11,0.0025847732302962806,0.19472046954398803,5,5,0.9487998984058117,-1.0,True,0.003847543643216974,1.0996152456356783,0.4990909090909091
aff11_wu_m128_seed2,11,99,True,0.00825660652320472,0.9999970172787265,2.982721273477748e-06,0.9999844092364455,M10r,0.3897530675403551,0.9999973011108632,2.6988891370231583e-06,0.9999862890335901,M10l,0.389961180401583,0.26318316368932937,11,0.0055312098678835814,0.19487863702178362,10,10,0.9337960471587399,-1.0,True,0.005435178532213065,1.0994564821467785,0.49785123966942146
aff11_wu_m128_seed2,11,100,True,0.009079272566694335,0.9999998303807762,1.6961922372851156e-07,0.9999889130382791,M8r,0.3894138484832061,0.999999042040152,9.57959848014886e-07,0.9999910112825445,M5l,0.39029127223100807,0.26240626271380074,11,0.0019251990418874773,0.19470775030039625,5,8,0.94638639364329,-1.0,True,0.0032244082554321596,1.0996775591744568,0.5028925619834711
aff11_wu_m128_seed2,11,101,True,0.00848914830038807,0.9999981171241374,1.8828758625314256e-06,0.9999889189698815,M9r,0.3897889602262356,0.9999996317283673,3.682716328430643e-07,0.9999898208456978,M8l,0.3899849210466025,0.2627612233263686,11,0.0015747456548869275,0.19489579067422497,8,9,0.9206287234775069,-1.0,True,0.003396755364847862,1.0996603244635152,0.49867768595041323
aff11_wu_m128_seed2,11,102,True,0.009440582374814044,0.9999993733390384,6.266609616754098e-07,0.9999876148436828,M8r,0.3894380381175857,0.9999946546759053,5.345324094714867e-06,0.9999880049705585,M0l,0.3900593217870601,0.2623955984899699,11,0.001641456409749845,0.19471977326434825,0,8,0.945439770285583,-1.0,True,0.003619463717638853,1.099638053628236,0.500495867768595
aff11_wu_m128_seed2,11,103,True,0.00880810539410952,0.9999912010285842,8.798971415697049e-06,0.9999739909038499,M9r,0.3897803976588457,0.9999984961180322,1.5038819678283534e-06,0.99998616499211,M10l,0.3899539325067588,0.26275014152717546,11,0.0010961474406646296,0.19489297131855726,10,9,0.9547588105738964,-1.0,True,0.004485597585616819,1.0995514402414384,0.4962809917355372
aff11_wu_m128_seed2,11,104,True,0.009524628806266679,0.9999978855842557,2.114415744153046e-06,0.9999893820713952,M9r,0.389786295562648,0.9999979058528008,2.0941471990507692e-06,0.9999885810418169,M5l,0.39026020013780416,0.2627525003132786,11,0.0021824037783817183,0.19489453632056855,5,9,0.9605994080940123,-1.0,True,0.0035687079149783886,1.099643129208502,0.4985123966942149
aff11_wu_m128_seed2,11,105,True,0.009004918316682584,0.9999992226700957,7.773299045294256e-07,0.9999887010056793,M7r,0.38978459433795803,0.9999996114778551,3.885221448344889e-07,0.9999924623820329,M0l,0.3900636012038126,0.2625392638489838,11,0.0013266275208399403,0.1948929183945338,0,7,0.9444001942069135,-1.0,True,0.003138239166419345,1.099686176083358,0.493801652892562
aff11_wu_m128_seed2,11,106,True,0.008607128301375977,0.9999989931785417,1.0068214583537791e-06,0.9999928676975757,M1r,0.38967252978799494,0.9999985558020896,1.4441979103462755e-06,0.9999914134860973,M7l,0.38992709042156243,0.2625775349147672,11,0.0007221672883410857,0.19483699068577964,7,1,0.9280977680429439,-1.0,True,0.0028095006117919976,1.0997190499388207,0.5021487603305785
aff11_wu_m128_seed2,11,107,True,0.007722920540326455,0.9999962480200482,3.751979952009497e-06,0.9999820591955991,M2r,0.38977591776176074,0.9999979965041357,2.003495864321497e-06,0.9999822565585108,M10l,0.38995951095224085,0.2626345484849472,11,0.0033777412716025656,0.19488966176131906,10,2,0.9210573495062859,-1.0,True,0.0047104214931228796,1.099528957850688,0.49793388429752067
aff11_wu_m128_seed2,11,108,True,0.009224037514899029,0.9999989100847586,1.0899152414862624e-06,0.999989052142369,M9r,0.3897897631803978,0.9999980831927392,1.9168072607708903e-06,0.9999896888976858,M1l,0.38993468483011695,0.26276068746556414,11,0.001996927321976878,0.1948957739088691,1,9,0.9356988098244178,-1.0,True,0.0035463991979587323,1.099645360080204,0.4984297520661157
aff11_wu_m128_seed2,11,109,True,0.009478440912129226,0.9999975106060907,2.4893939095218325e-06,0.9999864951230394,M6r,0.38949664244981874,0.9999990004974516,9.99502548552985e-07,0.9999860316852363,M10l,0.3899583206726574,0.2627738351642143,11,0.0017339108359013952,0.19474968013205396,10,6,0.9530319653476621,-1.0,True,0.003842931286493149,1.0996157068713508,0.49239669421487603
aff11_wu_m128_seed2,11,110,True,0.007270744231646093,0.9999992441819037,7.558180962877707e-07,0.9999916253289126,M1r,0.389673244755981,0.9999991083920966,8.91607903321162e-07,0.9999914215597436,M7l,0.38993709612978783,0.2625765796463319,11,0.0008278488892161942,0.19483707340735712,7,1,0.9176767559521968,-1.0,True,0.002929810511930675,1.099707018948807,0.49793388429752067
aff11_wu_m128_seed2,11,111,True,0.011214547121414628,0.9999993834452842,6.165547158100867e-07,0.9999879256893409,M7r,0.38976616550412035,0.9999991788426168,8.211573831117368e-07,0.9999925666068906,M1l,0.38993864119979205,0.2625337729171011,11,0.0017697818499048277,0.1948845013609422,1,7,0.9611055387809934,-1.0,True,0.003349066339023776,1.0996650933660979,0.494297520661157
aff11_wu_m128_seed2,11,112,True,0.005779836956610432,0.9999928929632224,7.107036777431342e-06,0.9999683319344597,M7r,0.38977692276340853,0.9999961886975712,3.8113024288497762e-06,0.9999808354462579,M8l,0.389976197067956,0.2625508025597746,11,0.0008641122676541269,0.19489099880509037,8,7,0.8727133921775182,-1.0,True,0.0050204286370945025,1.0994979571362904,0.5028925619834711
aff11_wu_m128_seed2,11,113,True,0.005623782289892183,0.9999967763644466,3.2236355536374482e-06,0.9999830544854182,M9r,0.3897344582226282,0.9999989671442682,1.0328557314068313e-06,0.9999783542550911,M8l,0.3899773616682005,0.2627418605026014,11,0.001532570256856263,0.19486855297953254,8,9,0.856292896953428,-1.0,True,0.004474687054107172,1.0995525312945893,0.5007438016528926
aff11_wu_m128_seed2,11,114,True,0.004495251467947176,0.9999986669602755,1.3330397243562306e-06,0.9999778487608711,M10r,0.38973234679279517,0.9999961784527894,3.8215472103708206e-06,0.9999822887526215,M0l,0.3900477832441975,0.2631694627634642,11,0.0016129756949433912,0.19486723962065255,0,10,0.8603141217801661,-1.0,True,0.004558339250299389,1.0995441660749699,0.5003305785123967
aff11_wu_m128_seed2,11,115,True,0.008317252074400346,0.9999992145947278,7.854052723766014e-07,0.9999903027170765,M7r,0.3897770332332091,0.9999980136472851,1.986352714939475e-06,0.9999907998109446,M8l,0.3899817984370082,0.26253396609334906,11,0.0010055772945857357,0.1948888836314098,8,7,0.932900694714081,-1.0,True,0.0030958790614473387,1.0996904120938553,0.49586776859504134
aff11_wu_m128_seed2,11,116,True,0.009015854606268059,0.9999990951621985,9.048378014715389e-07,0.9999870330310187,M8r,0.3894112774167071,0.999995850248398,4.149751602203617e-06,0.9999868352239776,M2l,0.389242689525041,0.2624208964264447,11,0.0015310049387567025,0.19470683279324422,2,8,0.9426724893447049,-1.0,True,0.003549675976651833,1.0996450324023348,0.503801652892562
aff11_wu_m128_seed2,11,117,True,0.006395981222924825,0.9999989040006301,1.0959993700269371e-06,0.9999867235914739,M2r,0.38977107119378873,0.9999992859827083,7.14017291612237e-07,0.9999880748884935,M8l,0.3899890525104178,0.2626428912090374,11,0.0015010573261985613,0.19488688694267733,8,2,0.8819903269274046,-1.0,True,0.0036713635958511947,1.0996328636404147,0.49818181818181817
aff11_wu_m128_seed2,11,118,True,0.019336813105081018,7.356283110020344e-06,0.9999926437168882,1.5997713728257242e-06,M7l,2.3203758082037078e-06,3.085724923208312e-05,0.9999691427507661,5.353167056169787e-06,M3r,8.321212223842953e-06,0.2899980852461115,11,1.1220303495064823,0.3214870567037331,0,10,0.00016241536252180618,1.0,False,1.000014765631235,0.9999985234368766,0.49504132231404957
aff11_wu_m128_seed2,11,119,True,0.0037083008591793456,0.9999914172156101,8.582784389831018e-06,0.9999585247323283,M10r,0.38975299260805296,0.9999912010394121,8.798960587926686e-06,0.99996976891405,M10l,0.38994410070875335,0.26316888162013796,11,0.0027276665389163795,0.19487973788170446,10,10,0.8502578165465848,-1.0,True,0.0062363938144430085,1.0993763606185554,0.5006611570247934
aff11_wu_m128_seed2,11,120,True,0.009639221510882149,0.9999992699375659,7.300624341402005e-07,0.999989034106374,M6r,0.38948171977861185,0.9999982630482745,1.7369517255831311e-06,0.9999909326950397,M0l,0.3900675677724887,0.2627651904933229,11,0.001525092667998866,0.19474198120272787,0,6,0.9508653076491725,-1.0,True,0.0033050417813383502,1.099669495821866,0.4971900826446281
aff11_wu_m128_seed2,11,121,True,0.005672307934858912,0.9999943844132331,5.615586766698715e-06,0.9999851614867655,M6r,0.38948375637318594,0.9999988120846142,1.1879153857582526e-06,0.9999797210493206,M8l,0.38999237856187124,0.26277490163042044,11,0.001954987164058997,0.19474365713369615,8,6,0.8914204755970248,-1.0,True,0.004300539906138638,1.0995699460093864,0.5005785123966943
aff11_wu_m128_seed2,11,122,True,0.007894350320370945,0.9999970068725865,2.9931274133609318e-06,0.9999874818128179,M6r,0.38947296393849246,0.9999987350206571,1.2649793428625959e-06,0.9999900368708567,M8l,0.38998659665979557,0.2627595709674366,11,0.0016257405421505671,0.19473790630953858,8,6,0.9190016210326867,-1.0,True,0.0034623375379318018,1.099653766246207,0.4982644628099174
aff11_wu_m128_seed2,11,123,True,0.009576469544779854,0.9999978391638252,2.160836174860654e-06,0.9999837846530034,M2r,0.3897789005781557,0.9999967719100591,3.2280899408656795e-06,0.9999785958266502,M2l,0.3892288251802371,0.26264966862489064,11,0.002367699696293826,0.19489127065918477,2,2,0.9387091016102482,-1.0,True,0.004590295086102356,1.0995409704913899,0.5005785123966943
aff11_wu_m128_seed2,11,124,True,0.006785703498996817,0.9999982972126621,1.7027873375071495e-06,0.9999879496797651,M9r,0.3897724624566277,0.9999990389794946,9.610205054717698e-07,0.9999834576100475,M7l,0.3899414007100598,0.2627592843177726,11,0.0013873978228629335,0.19488701240970063,7,9,0.875743765032878,-1.0,True,0.0038915193633526123,1.0996108480636648,0.49958677685950414
aff11_wu_m128_seed2,11,125,True,0.000546578401556986,0.9927540851197101,0.00724591488029005,0.2872427632746731,M8l,0.38679361035777915,0.9914055521532559,0.008594447846744105,0.2864765814201371,M8r,0.38674782760458976,0.25159683596908294,6,0.011073476927255275,0.10235468312967906,7,9,0.14758956837900744,-1.0,False,0.6229424288906327,1.0377057571109367,0.5001652892561983
aff11_wu_m128_seed2,11,126,True,0.007901574719426365,0.9999984648597879,1.5351402121583269e-06,0.9999869683825102,M1r,0.38966580264868456,0.9999973886790586,2.6113209416159598e-06,0.9999873038129344,M2l,0.38924539373210704,0.2625773415403941,11,0.0018301413956021706,0.19483369410067972,2,1,0.9383092305238605,-1.0,True,0.0037404021832176336,1.0996259597816782,0.5025619834710744
aff11_wu_m128_seed2,11,127,True,0.006857457933359876,0.9999982525727873,1.7474272128050085e-06,0.9999902411164255,M4r,0.3895637679720151,0.9999994191726327,5.808273674608287e-07,0.999989182900219,M7l,0.3899509453232901,0.2628760072150154,11,0.0013422257188761106,0.19478276518907534,7,4,0.8876942279868866,-1.0,True,0.0033628090821429335,1.0996637190917857,0.4987603305785124
aff13_wu100k_m256_seed1,13,0,True,0.005394467052270198,0.999999576797389,4.2320261117010716e-07,0.9999929333069594,M2r,0.3285467039577993,0.9999997034593956,2.9654060474681116e-07,0.9999954843417408,M7l,0.32859769629925084,0.23265697675279415,13,0.002673327466817901,0.16427346028463566,7,2,0.9613093775678851,-1.0,True,0.00306576113467575,1.083077853238777,0.4991781722550953
aff13_wu100k_m256_seed1,13,1,False,7.791211551299155e-09,0.9224332448698618,0.07756675513013762,0.3324722908345559,M12r,0.30721675103034524,0.9291472618344976,0.07085273816550233,0.23420890207913547,M8r,0.6076570756048492,0.23291618076517578,13,0.19904620835096043,0.16456971843544788,12,10,0.06214019322797844,1.0,False,1.0152511411523406,0.9987290715706382,0.5113001314924391
aff13_wu100k_m256_seed1,13,2,True,0.002637237956325201,0.9999995125118785,4.874881216631633e-07,0.9999935371463178,M1r,0.3286044146656582,0.999999223620481,7.763795190655782e-07,0.9999936915611475,M2l,0.3286851824897477,0.23309833834529836,13,0.003719138111273273,0.16430215639597107,2,1,0.9268929535442124,-1.0,True,0.003651822748713061,1.0830290147709405,0.49880834976988825
aff13_wu100k_m256_seed1,13,3,False,1.4233142454348906e-08,0.9115066264873083,0.08849337351269168,0.3738580189550435,M11r,0.4064599895454297,0.7144116006411529,0.2855883993588472,0.20912495548015264,M6l,0.39543747633553317,0.23284559237261687,13,0.40067716373452333,0.16426274917534225,11,4,0.06393309911716046,1.0,False,1.0293905093289215,0.9975507908892567,0.5004109138724523
aff13_wu100k_m256_seed1,13,4,True,0.003096471337332304,0.9999997421225388,2.5787746110969085e-07,0.9999931978198228,M12r,0.32868563812094753,0.9999971448737128,2.855126287071466e-06,0.9999919341652288,M7l,0.32861081645426815,0.23275545327179595,13,0.004523237111261166,0.16434292610654722,7,12,0.9263058158207236,-1.0,True,0.0042442115025636785,1.082979649041453,0.4992603550295858
aff13_wu100k_m256_seed1,13,5,True,0.005891319770397857,0.9999997052875508,2.947124494029282e-07,0.9999944791237484,M0r,0.32839739925052436,0.9999996958608675,3.041391325430809e-07,0.9999931018059681,M12l,0.32855422127850953,0.23257901049140683,13,0.0016163895091205831,0.1641988997141864,12,0,0.9611083063461339,-1.0,True,0.002722994107811568,1.0831064171576823,0.5002465483234714
aff13_wu100k_m256_seed1,13,6,True,0.00623137552682254,0.9999991299271035,8.700728965371594e-07,0.9999889718009655,M7r,0.3287296520939586,0.9999997613099929,2.3869000706704075e-07,0.9999954187656814,M2l,0.32869938593684694,0.23267129984214074,13,0.0008176500169836017,0.16436528835500772,2,7,0.9637845847131987,-1.0,True,0.002814831479200537,1.0830987640433998,0.5018902038132808
aff13_wu100k_m256_seed1,13,7,True,0.005827584933455312,0.9999994008384974,5.991615025838051e-07,0.9999959063501249,M0r,0.3283982707845977,0.9999986044309152,1.3955690849342902e-06,0.9999944106440476,M9l,0.3283533411882855,0.2325839584101125,13,0.0014512774187491102,0.1641994150030235,9,0,0.962375747144965,-1.0,True,0.0023963141112324435,1.0831336404907304,0.5019723865877712
aff13_wu100k_m256_seed1,13,8,True,0.0024526675512096087,0.9999986480021085,1.351997891632439e-06,0.9999897249151096,M0r,0.3284001560862837,0.9999973460998616,2.6539001385573007e-06,0.9999885085714276,M1l,0.32844734655442615,0.23258203345910589,13,0.001241583179245746,0.16420053042609126,1,0,0.915019646050953,-1.0,True,0.0033019485584961455,1.0830581709534586,0.4996712689020381
aff13_wu100k_m256_seed1,13,9,False,1.5076590925907234e-08,0.985781104323903,0.014218895676097201,0.24885613949927438,M8l,0.45240067028926945,0.9346843343881868,0.06531566561181296,0.23572267454947704,M8r,0.5441669217746647,0.22389313238875255,12,0.4009876142133415,0.22935122494675322,7,1,0.05716501492255888,-1.0,False,1.0002490179168566,0.9999792485069285,0.49584976988823143
aff13_wu100k_m256_seed1,13,10,False,7.816390318868442e-09,0.8154109072318851,0.18458909276811547,0.20575414679382056,M8l,0.5411442278580062,0.9364151639536308,0.06358483604636918,0.46166854883029207,M0l,0.3643591866497626,0.15355932842839276,12,1.1402235679775448,0.33164441161919483,3,11,0.04833413161491059,-1.0,False,1.0009170683481308,0.9999235776376559,0.4988494411571335
aff13_wu100k_m256_seed1,13,11,True,0.0056294096434247685,0.9999994640954624,5.359045376919609e-07,0.9999952851853643,M10r,0.32869411515518515,0.9999990854164031,9.145835969816871e-07,0.9999936187307612,M5l,0.3285654872380637,0.23270378732965533,13,0.0011568047249974935,0.1643473437208501,5,10,0.9665641312213867,-1.0,True,0.0024411579297572866,1.0831299035058535,0.501232741617357
aff13_wu100k_m256_seed1,13,12,True,0.00536838155870401,0.999999877816102,1.221838981296151e-07,0.9999949303045726,M5r,0.32875131373675853,0.9999991992543029,8.007456973954699e-07,0.9999944116608609,M2l,0.3287255458640071,0.232770004596805,13,0.0022263072122610393,0.16437595480161654,2,5,0.9618702908009039,-1.0,True,0.002791566807683221,1.0831007027660264,0.5025065746219592
aff13_wu100k_m256_seed1,13,13,True,0.0064864094737529555,0.9999990042592332,9.957407667637435e-07,0.9999927193450295,M10r,0.3287030612760066,0.9999995072235509,4.927764493080156e-07,0.9999955449545186,M2l,0.3287227359759456,0.23270113384404664,13,0.00167593554240839,0.1643519017526335,2,10,0.9585042951160406,-1.0,True,0.002680123243715772,1.0831099897296903,0.5020545693622617
aff13_wu100k_m256_seed1,13,14,True,0.006259886760298719,0.9999995965208466,4.034791533523392e-07,0.9999959451253807,M1r,0.32860049743874314,0.9999997796444925,2.2035550749128957e-07,0.9999962312710764,M9l,0.3283928978382873,0.2331046688777998,13,0.002277138022663697,0.16430037296108096,9,1,0.9628411769163914,-1.0,True,0.002537953093538682,1.0831218372422053,0.5000821827744905
aff13_wu100k_m256_seed1,13,15,True,0.005313959243003039,0.9999993889652761,6.11034724044318e-07,0.999995098175569,M4r,0.3284664212075337,0.9999998732288744,1.2677112569038042e-07,0.9999950865945015,M2l,0.32871785184827107,0.23283378276707273,13,0.0015282159153240896,0.16423320732519753,2,4,0.9620820309301137,-1.0,True,0.0024453473833863345,1.083129554384718,0.5022189349112426
aff13_wu100k_m256_seed1,13,16,True,0.002648062093994579,0.9999995331258671,4.668741330214186e-07,0.9999917529368038,M10r,0.3286910084645788,0.9999987287336249,1.2712663750184807e-06,0.9999895357884405,M6l,0.3287029950201191,0.23270419762980313,13,0.001400778546246494,0.16434596746785854,6,10,0.9271829939982955,-1.0,True,0.003191340586204268,1.0830673882844828,0.5009861932938856
aff13_wu100k_m256_seed1,13,17,True,0.005609689548187304,0.9999992061457568,7.938542432374363e-07,0.9999934622932478,M2r,0.32854668651169194,0.9999997830083572,2.1699164287166627e-07,0.9999954925343437,M1l,0.32844783369597014,0.23266169506730294,13,0.0028411415740923103,0.16427362317602295,1,2,0.9524803185636684,-1.0,True,0.003090919165136477,1.0830757567362381,0.49942472057856674
aff13_wu100k_m256_seed1,13,18,True,0.002215857372024255,0.9999993918776457,6.081223543156324e-07,0.9999933891936462,M0r,0.32839990988951323,0.9999998121018459,1.8789815407891375e-07,0.9999950741433004,M2l,0.328710074322107,0.2325852338756803,13,0.0013090912218003189,0.16420023884358398,2,0,0.8964896083379186,-1.0,True,0.0025444932465140007,1.0831212922294573,0.49663050624589083
aff13_wu100k_m256_seed1,13,19,True,0.00217968686978177,0.9999986656732961,1.3343267039092736e-06,0.9999901771070423,M11r,0.32851666742822644,0.9999991560125324,8.439874677497506e-07,0.9999910681419368,M12l,0.32854418835240184,0.23272493600422575,13,0.0007787872283825819,0.16425865385365768,12,11,0.9008989362533247,-1.0,True,0.0031067875725338616,1.0830744343689556,0.5
aff13_wu100k_m256_seed1,13,20,False,1.4346870679325138e-08,0.8055492294880269,0.19445077051197335,0.28723995165358723,M1r,0.37568629641491036,0.975974767422022,0.024025232577977854,0.29191415306072305,M2l,0.3197965087810047,0.23362560769843735,13,0.48586745140568177,0.16438670752157947,1,6,0.09525419383988085,-1.0,False,0.9897480859412249,1.0008543261715648,0.5080128205128205
aff13_wu100k_m256_seed1,13,21,True,0.0032338851151679773,0.9999996862660734,3.137339266419093e-07,0.999996109462983,M4r,0.32846555954419965,0.9999990717030228,9.282969773811184e-07,0.9999939937267394,M7l,0.3286156537322117,0.23284171361665787,13,0.0013600140151276464,0.1642329032753245,7,4,0.929587851351874,-1.0,True,0.0023792844702408516,1.0831350596274798,0.49991781722550954
aff13_wu100k_m256_seed1,13,22,True,0.006282814104257687,0.9999993990284557,6.009715442473754e-07,0.9999933819839899,M12r,0.32868956297380236,0.999999191781994,8.082180058925108e-07,0.9999948319973619,M12l,0.3285407218360786,0.23276549283397852,13,0.0014273712830315459,0.16434506576270289,12,12,0.9649590581979719,-1.0,True,0.0025778432014063792,1.0831185130665495,0.5005752794214333
aff13_wu100k_m256_seed1,13,23,True,0.005521612573047446,0.9999996895466725,3.104533275711155e-07,0.9999916084130147,M2r,0.3285632834445544,0.999999414217206,5.857827942038496e-07,0.9999925551398715,M5l,0.32857921162659137,0.23267570907119495,13,0.0011412567584241993,0.164281706961932,5,2,0.9567081713284092,-1.0,True,0.0029186446249155782,1.0830901129479236,0.5008629191321499
aff13_wu100k_m256_seed1,13,24,True,0.005512151566813668,0.999998826568624,1.1734313762209125e-06,0.9999929117685444,M1r,0.3286140024720176,0.9999994277638204,5.722361797227616e-07,0.9999886637192991,M6l,0.3287095300902714,0.23311833803977738,13,0.002379301949202538,0.16430743113206503,6,1,0.9605778175435715,-1.0,True,0.0034578492051188276,1.0830451792329068,0.4992603550295858
aff13_wu100k_m256_seed1,13,25,False,1.3255844356625196e-08,0.8977037873295111,0.10229621267048869,0.2848620367221792,M10r,0.29492854769786114,0.877418069842354,0.12258193015764568,0.36375636553905866,M8l,0.39906823387420404,0.23370877862778197,13,0.5813113542540529,0.16386724830658345,6,5,0.07491798528057635,-1.0,False,1.0461923436097955,0.9961506380325174,0.49749342537804075
aff13_wu100k_m256_seed1,13,26,True,0.005230963528871139,0.9999997600135379,2.399864622988588e-07,0.9999942935285263,M2r,0.32855881144714355,0.9999986417724809,1.3582275191597004e-06,0.9999916048170868,M4l,0.32869959201755905,0.23266533827679517,13,0.0011189148204631364,0.16427975230294078,4,2,0.9603046130004569,-1.0,True,0.002740161114631374,1.0831049865737807,0.49893162393162394
aff13_wu100k_m256_seed1,13,27,False,1.1078864286519596e-08,0.7349618340574954,0.26503816594250407,0.2971960346109082,M6r,0.42651023788666714,0.9846174113387809,0.015382588661219292,0.4058740296448493,M8l,0.39311317287947206,0.23275228030119263,13,0.2922154477367277,0.1643338013701882,11,7,0.05163439570181169,-1.0,False,1.0010319222769077,0.9999140064769244,0.5058760683760684
aff13_wu100k_m256_seed1,13,28,True,0.002413034503856832,0.9999991599517933,8.400482067911261e-07,0.9999874450037959,M9r,0.3285144787728282,0.9999997639916617,2.3600833842535608e-07,0.9999926042899814,M4l,0.3286986600382964,0.2327815156367256,13,0.0022788408672091334,0.16425774970143275,4,9,0.9156620089143441,-1.0,True,0.003469167908705726,1.0830442360076082,0.49946581196581197
aff13_wu100k_m256_seed1,13,29,True,0.011431812534666344,4.339663579402893e-06,0.9999956603364201,7.1148358832517e-07,M3r,1.4970666900206404e-06,1.578348656291735e-05,0.9999842165134369,1.936289148749011e-06,M6r,3.8267123593124855e-06,0.5325264893431356,12,0.7534133821295416,0.21383436486198729,0,9,7.943390173657358e-05,-1.0,False,0.9999787565411198,1.00000177028824,0.5324621959237343
aff13_wu100k_m256_seed1,13,30,False,7.339911507801415e-09,0.9733929181888162,0.02660708181118351,0.24575522805946648,M8l,0.390017539085024,0.9301771086108442,0.06982289138915575,0.23396435897320342,M8r,0.3611361697810619,0.22637180290773107,12,0.21582096951195512,0.19992400756267448,0,5,0.055130434054909076,1.0,False,0.9764003045603731,1.0019666412866357,0.49527449046679817
aff13_wu100k_m256_seed1,13,31,True,0.005209092516474748,0.9999992509713691,7.490286308595896e-07,0.9999950701358683,M12r,0.32868536802059906,0.9999987865242554,1.2134757447809538e-06,0.999992062568726,M8l,0.32839669855057546,0.23275892224270958,13,0.0011870216332993272,0.16434313975096138,8,12,0.9598285420628094,-1.0,True,0.0026382971398793225,1.0831134752383433,0.4990548980933596
aff13_wu100k_m256_seed1,13,32,True,0.006403190604980508,0.9999995279126432,4.72087356963662e-07,0.9999957432109016,M4r,0.32845983477688356,0.9999994418548649,5.581451351457292e-07,0.9999931646387652,M9l,0.328362822149026,0.23284029286726185,13,0.0013188296845750049,0.1642301180331073,9,4,0.9667206666981316,-1.0,True,0.002503277955915969,1.083124726837007,0.5018902038132808
aff13_wu100k_m256_seed1,13,33,True,0.0055132244299735365,0.9999996164123433,3.83587656832848e-07,0.9999959158326027,M11r,0.32852482071933964,0.9999997228752017,2.7712479829016286e-07,0.9999930374642269,M7l,0.3286076389531781,0.2327255931175889,13,0.0011252165585370426,0.1642626383599378,7,11,0.9652496724895657,-1.0,True,0.002464273208838892,1.0831279772325968,0.49979454306377386
aff13_wu100k_m256_seed1,13,34,True,0.0053305035105139795,0.999999709715799,2.9028420081265433e-07,0.9999944030083693,M5r,0.32874411346339005,0.9999994734325132,5.265674870007147e-07,0.9999890325211555,M4l,0.328720489662243,0.23279027311138625,13,0.001483953782370841,0.1643722010897278,4,5,0.9656077452716347,-1.0,True,0.003078844113487413,1.0830767629905427,0.5014792899408284
aff13_wu100k_m256_seed1,13,35,True,0.005477517126787345,0.9999997903394138,2.0966058621142694e-07,0.999993791629382,M1r,0.328594126408023,0.9999994293103601,5.706896398532189e-07,0.9999935638057676,M4l,0.32871194492312833,0.23310676201932462,13,0.0011717439200550845,0.16429743151201037,4,1,0.9507883979207273,-1.0,True,0.0026266514515386028,1.0831144457123716,0.5002876397107167
aff13_wu100k_m256_seed1,13,36,True,0.00541409408741749,0.9999997379945929,2.62005407200614e-07,0.9999941291715427,M9r,0.3285264218648646,0.9999993445880039,6.554119962075776e-07,0.9999950326935582,M9l,0.32837176859610495,0.23277473979102525,13,0.0010790762497842536,0.1642634365033275,9,9,0.9557771396942338,-1.0,True,0.0024510286274787743,1.08312908094771,0.5019312952005259
aff13_wu100k_m256_seed1,13,37,False,6.396291436100577e-09,0.8702775793391233,0.12972242066087677,0.23870972275047397,M7r,0.2860127676581961,0.9012196120250293,0.0987803879749708,0.22699257885363663,M8r,0.32394886283977153,0.2326317613077397,13,0.2666404088184078,0.16468236455758814,0,11,0.053556047445088274,-1.0,False,0.9321458864224668,1.0056545094647946,0.5025887573964497
aff13_wu100k_m256_seed1,13,38,True,0.002615015821475534,0.9999985080561433,1.4919438566357282e-06,0.9999904476366144,M4r,0.3284679145586353,0.9999995658883479,4.3411165220445006e-07,0.9999955517583712,M2l,0.3287171170415662,0.2328546651234082,13,0.0015841052787867655,0.16423416138162508,2,4,0.9119394325474319,-1.0,True,0.0028473454051478556,1.0830960545495711,0.500534188034188
aff13_wu100k_m256_seed1,13,39,True,0.005347328652795869,0.9999996407881271,3.5921187282246763e-07,0.9999915839463827,M4r,0.32845372485678515,0.9999994380203375,5.619796625280507e-07,0.9999938095911989,M6l,0.32869595303704097,0.2328331194356556,13,0.001819701844352425,0.16422715610910313,6,4,0.9626808607407282,-1.0,True,0.002988141288688365,1.0830843215592756,0.49860289283366205
aff13_wu100k_m256_seed1,13,40,True,0.0023870305041717734,0.999998735372433,1.2646275669240388e-06,0.9999957529740294,M1r,0.32859385350946074,0.9999995616467262,4.383532737243529e-07,0.9999907822049978,M12l,0.3285479952359105,0.23310625344778885,13,0.002908750591203608,0.16429725618057883,12,1,0.905889950097878,-1.0,True,0.003276728120367396,1.083060272656636,0.4998767258382643
aff13_wu100k_m256_seed1,13,41,True,0.006352319167203461,0.9999998017601168,1.9823988309428412e-07,0.999997179539139,M6r,0.32858638234027115,0.9999996103634534,3.896365466298197e-07,0.9999945018050612,M4l,0.32870742289189486,0.2330349345026927,13,0.0009118340542910025,0.16429346848803877,4,6,0.964370750631232,-1.0,True,0.002128482657364544,1.0831559597785532,0.5029585798816568
aff13_wu100k_m256_seed1,13,42,True,0.002718519966206986,0.9999991848410675,8.151589325763621e-07,0.9999924389705579,M4r,0.3284539280279496,0.9999995148435125,4.851564876336133e-07,0.9999888272095878,M0l,0.3285942233400727,0.23284512069801622,13,0.001325238084234926,0.16422727631471107,0,4,0.9186302730934222,-1.0,True,0.003183267747618661,1.083068061021032,0.5006163708086785
aff13_wu100k_m256_seed1,13,43,True,0.0025964538544729007,0.999999606703934,3.932960660339223e-07,0.9999925447202272,M4r,0.32845354105142566,0.9999984613360587,1.5386639414293328e-06,0.9999897889107885,M8l,0.3284153210954575,0.23284503064511317,13,0.0013352981299684717,0.1642271689594674,8,4,0.9168576979550139,-1.0,True,0.0030751744722050667,1.0830770687939828,0.5011916502301118
aff13_wu100k_m256_seed1,13,44,True,0.006277728378721457,0.9999997802432107,2.1975678933597747e-07,0.9999969968316024,M11r,0.32853615109084744,0.9999994430266385,5.569733615281082e-07,0.9999929004091231,M10l,0.3285875095237399,0.23271774122338837,13,0.0015268879907426756,0.16426826616384327,10,11,0.9639559918948908,-1.0,True,0.0024850721176475064,1.083126243990196,0.49671268902038135
aff13_wu100k_m256_seed1,13,45,True,0.0027607735199071553,0.9999993265934042,6.734065959734311e-07,0.9999927384716152,M1r,0.3286121832996279,0.9999981437736589,1.8562263410906453e-06,0.9999881699139583,M6l,0.3287059296393564,0.2331106865176281,13,0.0011179994648697121,0.16430635063895752,6,1,0.9234532456612939,-1.0,True,0.0031314716918204146,1.083072377359015,0.5011505588428665
aff13_wu100k_m256_seed1,13,46,True,0.005367209578901688,0.9999993735570372,6.264429628724458e-07,0.9999942493380581,M6r,0.32859337003046246,0.9999995624817489,4.375182511209804e-07,0.9999938246148227,M12l,0.32853252860022525,0.23303702460499687,13,0.0014603704692634572,0.16429696821305417,12,6,0.9601788601586344,-1.0,True,0.0025928639064346326,1.0831172613411302,0.5003698224852071
aff13_wu100k_m256_seed1,13,47,True,0.005268326028170727,0.999999453328763,5.466712370340101e-07,0.9999942003552666,M0r,0.3283876582255661,0.9999994305093785,5.694906217054051e-07,0.9999931216370319,M0l,0.3285732333886297,0.2325836962962823,13,0.0008732592130702356,0.16419415504333304,0,0,0.9583930806802999,-1.0,True,0.0025303262367550425,1.0831224728136037,0.49860289283366205
aff13_wu100k_m256_seed1,13,48,True,0.014670772169010585,3.6522528030705373e-06,0.9999963477471949,5.515185639180503e-07,M9r,9.215761708068277e-07,1.619050060978836e-05,0.9999838094993878,1.7609204627849055e-06,M5r,4.288441342367176e-06,0.20688264158613198,13,1.1108815752357128,0.26135425871040296,12,5,7.254785535547301e-05,1.0,False,1.0000208190596014,0.9999982650783666,0.46942800788954636
aff13_wu100k_m256_seed1,13,49,True,0.005201349328726326,0.9999997409470811,2.590529187376255e-07,0.9999955430721341,M0r,0.32840182856099925,0.9999995922839807,4.07716019526092e-07,0.9999939360136766,M4l,0.3287099733892143,0.2325730987150745,13,0.0011558995107880461,0.1642010953733793,4,0,0.9604962243640113,-1.0,True,0.002419573581809258,1.0831317022015161,0.502301117685733
aff13_wu100k_m256_seed1,13,50,True,0.005575935969132861,0.9999995515167662,4.4848323379412815e-07,0.9999931006017003,M7r,0.3287455736482018,0.9999994406723466,5.593276536087134e-07,0.9999938858858491,M1l,0.3284533885483353,0.23265853962618435,13,0.0018295131329350248,0.16437324268845818,1,7,0.9588898357455369,-1.0,True,0.002807616008304678,1.0830993653326413,0.4987261669953978
aff13_wu100k_m256_seed1,13,51,True,0.006296490725991142,0.9999991483606769,8.516393232380559e-07,0.9999956778446906,M11r,0.32853246323030455,0.9999991392779372,8.60722062779493e-07,0.9999924988634453,M6l,0.32870486807080296,0.23272748669147225,13,0.0009082345323947729,0.1642665580708318,6,11,0.9721013072552571,-1.0,True,0.0024868344124997677,1.0831260971322914,0.4981919789612097
aff13_wu100k_m256_seed1,13,52,False,1.7835371200301103e-08,0.8322456947224282,0.1677543052775717,0.2780197030502182,M6r,0.3347863020211625,0.9276290704893932,0.07237092951060634,0.33653128151352457,M9l,0.7339859557796472,0.23268008457260217,13,0.892008237113311,0.16425050250384488,5,6,0.041657188294082416,-1.0,False,0.925784470089748,1.006184627492521,0.4815910585141354
aff13_wu100k_m256_seed1,13,53,True,0.0023844603241516002,0.9999973453270385,2.6546729614177713e-06,0.9999894843725424,M5r,0.32875109223775645,0.9999990626637018,9.373362984834555e-07,0.9999881186174885,M9l,0.3283852805552251,0.23276571497400877,13,0.0021579270102272774,0.1643762327842023,9,5,0.91394577239617,-1.0,True,0.003598493353129802,1.083033458887239,0.49843852728468113
aff13_wu100k_m256_seed1,13,54,True,0.0054161507183593605,0.9999991700754308,8.29924569301894e-07,0.9999948566906443,M1r,0.32860956506121963,0.9999982919904453,1.7080095546652746e-06,0.9999925433187198,M8l,0.32840278582082144,0.23310992162845867,13,0.0012328706592064627,0.1643050301779142,8,1,0.9584187903907149,-1.0,True,0.002630980784219424,1.0831140849346481,0.49909598948060485
aff13_wu100k_m256_seed1,13,55,True,0.0025675212313947594,0.9999996737456558,3.2625434444237416e-07,0.999992318146016,M11r,0.3285183126133319,0.9999990638557201,9.361442800112549e-07,0.9999883613742342,M0l,0.32855102343196385,0.23273258263003266,13,0.0025099160290891326,0.16425937218563363,0,11,0.9120978449576447,-1.0,True,0.00356633425592877,1.083036138812006,0.5016847468770546
aff13_wu100k_m256_seed1,13,56,True,0.0024198582415517803,0.9999996813517781,3.186482220608376e-07,0.999990346792486,M6r,0.3285925856392841,0.9999976962219618,2.3037780381019193e-06,0.9999926546442398,M12l,0.32855770124031425,0.23303965075274394,13,0.001715106711988286,0.16429646462929873,12,6,0.8842152804732747,-1.0,True,0.0031331619434700436,1.083072236504711,0.4995069033530572
aff13_wu100k_m256_seed1,13,57,True,0.0023204349549234495,0.9999989987920456,1.001207954557991e-06,0.9999939236827778,M6r,0.3286004467946274,0.9999988364772365,1.163522763452802e-06,0.9999907736566459,M10l,0.32857264749465326,0.2330107660490325,13,0.0007972355128676635,0.16430073405544518,10,6,0.9043311384381817,-1.0,True,0.0028175244976954843,1.0830985396251922,0.5016025641025641
aff13_wu100k_m256_seed1,13,58,True,0.00539639677457185,0.9999994585930958,5.414069041996392e-07,0.9999953065465272,M4r,0.328468343447924,0.9999996806165691,3.193834307220475e-07,0.9999953246536178,M1l,0.3284597921573415,0.23283809697429672,13,0.002148191500880046,0.16423422435614862,1,4,0.9668353851290978,-1.0,True,0.0026404576478007806,1.0831132951960167,0.5001232741617357
aff13_wu100k_m256_seed1,13,59,False,5.512108523407791e-09,0.9613776881115791,0.03862231188842091,0.36339514650553006,M4r,0.41112722140607627,0.9983046962252438,0.0016953037747562182,0.28828283693040363,M8l,0.6784793604893853,0.2335766148443176,13,0.2183318712735986,0.16445663448765344,12,5,0.059250825597781116,-1.0,False,1.002262784603893,0.9998114346163424,0.5057117028270874
aff13_wu100k_m256_seed1,13,60,True,0.0031531902802744666,0.9999996264855427,3.735144573123149e-07,0.9999963194705703,M1r,0.32860809231652904,0.9999990533009534,9.466990468278893e-07,0.9999932079896356,M4l,0.3287062417194587,0.2331042045948093,13,0.0020781982197362998,0.16430428807436334,4,1,0.941694703965017,-1.0,True,0.002728762318950015,1.0831059364734208,0.5000821827744905
aff13_wu100k_m256_seed1,13,61,True,0.00536163019156032,0.9999995155251125,4.844748876563172e-07,0.9999948927224259,M7r,0.3287393585074781,0.9999991219368217,8.780631782755362e-07,0.9999935434248556,M8l,0.3283912615059,0.23265021717631157,13,0.001231848590897635,0.16437012801823392,8,7,0.9579525844087113,-1.0,True,0.0024762667610045467,1.0831269777699162,0.498068704799474
aff13_wu100k_m256_seed1,13,62,True,0.006459248294544089,0.9999995011671139,4.988328860783104e-07,0.9999951686725924,M9r,0.3285325957062499,0.9999992260038201,7.739961798746838e-07,0.9999908565291158,M7l,0.32861832558813925,0.23276699192081426,13,0.0013076509538143494,0.1642667404379879,7,9,0.9573139756708472,-1.0,True,0.0027544837003166713,1.0831037930249736,0.5004520052596976
aff13_wu100k_m256_seed1,13,63,True,0.0026965878376766744,0.9999987655424524,1.234457547696464e-06,0.9999933791310639,M10r,0.32870050971190706,0.9999992386928583,7.613071416170641e-07,0.9999914727137211,M9l,0.3283781704847141,0.2327003174557624,13,0.0010678369419874177,0.16435095741775954,9,10,0.9072339071633585,-1.0,True,0.0027936033217300263,1.0831005330565224,0.49946581196581197
aff13_wu100k_m256_seed1,13,64,True,0.0027993609003791903,0.9999986021228375,1.3978771624756058e-06,0.9999923254069493,M10r,0.32868708936037055,0.9999993885868161,6.114131838915626e-07,0.9999932200429555,M8l,0.3284014539839408,0.23270026922456236,13,0.0024537604330171904,0.16434398571223738,8,10,0.91177472184676,-1.0,True,0.0031312254153303067,1.0830723978820558,0.5009861932938856
aff13_wu100k_m256_seed1,13,65,True,0.0061572809954249345,0.9999997795487672,2.2045123284310096e-07,0.999993799461771,M9r,0.32853373465884256,0.9999996575262898,3.424737100983661e-07,0.9999937398570111,M1l,0.3284528116471254,0.232769177849616,13,0.0022881030753678336,0.16426720273209597,1,9,0.9661772349736513,-1.0,True,0.0029555398027414684,1.0830870383497717,0.5016025641025641
aff13_wu100k_m256_seed1,13,66,True,0.005470606098446657,0.9999985853129573,1.4146870427860987e-06,0.9999957402222883,M11r,0.32852966877596335,0.9999996564658933,3.435341068593549e-07,0.9999950568170494,M5l,0.32856766986006714,0.2327218057052042,13,0.0028528913549127452,0.1642651436092612,5,11,0.9569860207279138,-1.0,True,0.0029313962863646474,1.0830890503094697,0.5003287310979618
aff13_wu100k_m256_seed1,13,67,True,0.0021414261916870344,0.9999987017118747,1.2982881255176313e-06,0.9999922167307775,M5r,0.32875663678055317,0.9999989528322639,1.0471677362909069e-06,0.9999930659122584,M12l,0.3285412130436796,0.23277505853738534,13,0.0028446464901409744,0.1643787068542876,12,5,0.9064190138956432,-1.0,True,0.003379950131920904,1.0830516708223399,0.49880834976988825
aff13_wu100k_m256_seed1,13,68,False,9.97237119366526e-09,0.9560707523825271,0.04392924761747272,0.2700654381744536,M11r,0.3349895144908161,0.8854385726095368,0.11456142739046303,0.2693646866855065,M2l,0.4576565240779971,0.23302619578147205,13,0.04033283171282182,0.16481990095789908,9,5,0.04870935199928468,1.0,False,0.9817691946794564,1.001519233776712,0.500534188034188
aff13_wu100k_m256_seed1,13,69,True,0.0061958379758936,0.9999990954847964,9.04515203724624e-07,0.9999954478177243,M12r,0.32869014534849755,0.9999996179694598,3.8203054011381146e-07,0.9999938026426796,M9l,0.32837223131263754,0.2327576667484183,13,0.003134772693214872,0.1643452945256123,9,12,0.9620779338014872,-1.0,True,0.0032120198415684052,1.0830656650132024,0.503164036817883
aff13_wu100k_m256_seed1,13,70,True,0.006630809929799897,0.9999992104897261,7.895102739213965e-07,0.9999932560494259,M10r,0.3286996837263296,0.9999997811513925,2.1884860769639818e-07,0.9999949548704804,M12l,0.32855495689033365,0.23270615662957014,13,0.0009507702379663743,0.16435004212572135,12,10,0.9682505776019648,-1.0,True,0.0024715864246629316,1.0831273677979447,0.5002876397107167
aff13_wu100k_m256_seed1,13,71,True,0.005606675197179788,0.9999985171922245,1.4828077755581233e-06,0.9999936638181138,M1r,0.3285987842389012,0.9999991151053775,8.848946225366247e-07,0.9999906121069014,M10l,0.32856705213057247,0.2331111502698314,13,0.002370979030383926,0.16429971774731006,10,1,0.9524586523326725,-1.0,True,0.0032695404344784177,1.0830608716304602,0.4981508875739645
aff13_wu100k_m256_seed1,13,72,True,0.010379579772988288,3.5836635803260477e-06,0.9999964163364204,6.314887211415924e-07,M12r,1.3475532537669114e-06,4.5667777555375e-05,0.9999543322224473,4.5174128512883794e-06,M0r,8.707785115943317e-06,0.27192332648475004,13,2.149460112616618,0.16236406322554203,5,2,0.0004445846716174186,-1.0,False,1.0000155146213991,0.9999987071148833,0.49761669953977644
aff13_wu100k_m256_seed1,13,73,True,0.005533577140814703,0.9999989595507536,1.0404492463580423e-06,0.9999919729350849,M7r,0.32873414301999304,0.9999991447898828,8.552101171757818e-07,0.9999918571783702,M6l,0.3287099111187085,0.23265562730269645,13,0.0017174343105512708,0.1643676508890324,6,7,0.9676441301418044,-1.0,True,0.0030969571268086066,1.0830752535727661,0.4992603550295858
aff13_wu100k_m256_seed1,13,74,True,0.005607789424290839,0.9999994972442583,5.027557415410972e-07,0.9999943297913887,M7r,0.3287368584970301,0.9999995405859609,4.5941403911173174e-07,0.9999961475837872,M5l,0.32856607859309567,0.23266200399655895,13,0.0017626574540193821,0.16436887496891214,5,7,0.9636527412058538,-1.0,True,0.0024939310043299795,1.083125505749639,0.5007396449704142
aff13_wu100k_m256_seed1,13,75,True,0.0025117542061900704,0.9999989988671198,1.0011328801548633e-06,0.9999887902517621,M7r,0.3287319617363932,0.9999981789554163,1.8210445835250635e-06,0.9999914867995671,M6l,0.32869148643730856,0.23266078191373454,13,0.0027797749007163817,0.1643665411405795,6,7,0.9076472415286291,-1.0,True,0.003634525698861947,1.0830304561917616,0.5008218277449047
aff13_wu100k_m256_seed1,13,76,False,6.530407580770099e-09,0.7876468417566953,0.21235315824330364,0.28501375270291285,M4r,0.27296079019753655,0.7963354504286384,0.20366454957136104,0.3455617487396222,M7l,0.36607298892018936,0.23310506354705615,13,0.6170607453742357,0.16384031647149852,9,4,0.052051299311792025,-1.0,False,1.1070578451655562,0.9910785129028703,0.5043556870479947
aff13_wu100k_m256_seed1,13,77,True,0.002766620282448161,0.9999996412350265,3.5876497352277355e-07,0.9999917630774535,M1r,0.32860417805532766,0.9999993025066924,6.974933076568658e-07,0.9999879467108701,M0l,0.32855923968475814,0.2331205395052868,13,0.0018377636426577689,0.1643018829905669,0,1,0.9151761653954403,-1.0,True,0.003411854510392678,1.0830490121241338,0.5016025641025641
aff13_wu100k_m256_seed1,13,78,True,0.0053605675408476975,0.9999995766973272,4.2330267294630414e-07,0.9999959863669452,M6r,0.32858108874933795,0.9999994521791347,5.478208652925547e-07,0.9999921819884715,M7l,0.32860626662299874,0.23304360527599957,13,0.0010760030412353147,0.16429087143238483,7,6,0.9649310037268696,-1.0,True,0.00252170177752891,1.083123191518539,0.5004930966469427
aff13_wu100k_m256_seed1,13,79,True,0.005993934000246143,0.9999998485958371,1.5140416308925523e-07,0.999995601360587,M6r,0.32858890690221937,0.9999995491658157,4.5083418460085124e-07,0.9999954399000366,M2l,0.32871804143760125,0.2330433525443626,13,0.0014998537929739493,0.16429468437002911,2,6,0.9619130397199231,-1.0,True,0.0023448369479392,1.0831379302543387,0.5010683760683761
aff13_wu100k_m256_seed1,13,80,True,0.002868184998195514,0.9999991951585158,8.048414844178212e-07,0.999992932645641,M5r,0.3287375134200649,0.9999978429713693,2.1570286309399988e-06,0.9999920684193891,M4l,0.3287079075277917,0.23278165030169498,13,0.0016017952166591841,0.16436918314888166,4,5,0.9352417506706661,-1.0,True,0.0029399399384890607,1.0830883383384593,0.4980276134122288
aff13_wu100k_m256_seed1,13,81,False,7.327109090820713e-09,0.9054641600760505,0.094535839923949,0.41396690438649364,M9r,0.5295668167620377,0.9737587645657061,0.026241235434294026,0.24507825615665751,M8r,0.31967188872558816,0.23367892808391974,13,0.19026898710564605,0.16428720818672127,11,11,0.04649298364086248,-1.0,False,1.008770598320594,0.9992691168066173,0.4967948717948718
aff13_wu100k_m256_seed1,13,82,False,9.213463432894071e-09,0.8868559563884622,0.11314404361153774,0.5180807161906105,M4r,0.29146775878586734,0.9397859063787902,0.060214093621209705,0.2869612139099276,M9l,0.38744742901038093,0.23284933473497696,13,0.0648694978691121,0.1641192345586132,4,11,0.06027256590919902,-1.0,False,1.0022894379984362,0.9998092135001303,0.49995890861275477
aff13_wu100k_m256_seed1,13,83,True,0.0025699729798927293,0.9999994949280677,5.0507193236539e-07,0.99999420336271,M6r,0.32858258773383103,0.9999981531156017,1.846884398178692e-06,0.9999931367122931,M7l,0.3286134174179313,0.2330321320926366,13,0.0026609450593725334,0.1642915396871411,7,6,0.9195338798412583,-1.0,True,0.00312591560500806,1.0830728403662495,0.49971236028928334
aff13_wu100k_m256_seed1,13,84,False,7.636595322225803e-09,0.765362247523939,0.23463775247606097,0.26480988351470325,M1r,0.2510672054622457,0.910151954172064,0.08984804582793567,0.49969143196890375,M2l,0.3154927466400422,0.23268231244754492,13,0.18821292530328113,0.16374649972862282,2,11,0.11646429469992352,-1.0,False,0.9272513235543519,1.006062389703804,0.49843852728468113
aff13_wu100k_m256_seed1,13,85,True,0.002502915353436291,0.9999995851182084,4.1488179172270974e-07,0.999991492655759,M2r,0.3285427089754026,0.9999998054359738,1.9456402619309782e-07,0.9999931495679151,M4l,0.3287183023475208,0.23266578717766997,13,0.002536395405064697,0.16427154759867416,4,2,0.9171789400551612,-1.0,True,0.0032813454675507084,1.0830598878777042,0.49995890861275477
aff13_wu100k_m256_seed1,13,86,True,0.00610002712459513,0.9999998092468305,1.9075316928688433e-07,0.9999926037443542,M6r,0.3285875442017957,0.9999995397313235,4.602686766436278e-07,0.9999939322500243,M6l,0.32869654572232493,0.23304053230364244,13,0.0015027733734009913,0.1642942969126255,6,6,0.966457934766035,-1.0,True,0.0027350721174534973,1.083105410656879,0.49979454306377386
aff13_wu100k_m256_seed1,13,87,True,0.005491078961115687,0.9999994468260803,5.53173919973154e-07,0.9999922595824537,M7r,0.3287404271848302,0.9999996011147433,3.9888525697837784e-07,0.9999959580712627,M7l,0.3286067759554554,0.23265685022119106,13,0.0012411993918688138,0.16437075186007408,7,7,0.9547871485065782,-1.0,True,0.0025270521081214837,1.0831227456576569,0.4983563445101907
aff13_wu100k_m256_seed1,13,88,False,8.002451464961001e-09,0.9154846408772259,0.0845153591227741,0.3386968353488044,M4r,0.383358395020031,0.7564708251428613,0.24352917485713874,0.3092008240233126,M4l,0.4315413608011915,0.23278745456072084,13,0.33613886022804845,0.16368868522706903,8,0,0.06054528577251901,1.0,False,0.9979699980257877,1.0001691668311843,0.49971236028928334
aff13_wu100k_m256_seed1,13,89,True,0.005459394605246758,0.9999996437516022,3.56248397985916e-07,0.9999932267624417,M5r,0.3287538697574252,0.9999980832517074,1.916748292708023e-06,0.999988403679634,M6l,0.328684839790314,0.2327729495507496,13,0.0018587752779273491,0.16437730164043138,6,5,0.9579083038993886,-1.0,True,0.0033239784244772958,1.0830563351312934,0.5004930966469427
aff13_wu100k_m256_seed1,13,90,True,0.002759346534915231,0.9999992716753398,7.283246603834588e-07,0.9999916316142771,M5r,0.3287479469322665,0.9999983244899084,1.6755100916197092e-06,0.999992792937658,M6l,0.3287071465484841,0.23276319998328665,13,0.0006903246881221258,0.16437434591398767,6,5,0.909769269531727,-1.0,True,0.0027810488750886282,1.0831015792604093,0.5003287310979618
aff13_wu100k_m256_seed1,13,91,True,0.0025721379910472715,0.9999994084601311,5.915398689721474e-07,0.9999928082418756,M7r,0.3287355519007224,0.9999958596574756,4.1403425246171055e-06,0.9999879679231924,M9l,0.32838496634673103,0.23265880864775362,13,0.0011841197508486538,0.1643682487573463,9,7,0.8984841657560325,-1.0,True,0.0032077209378287112,1.083066023255181,0.4995479947403024
aff13_wu100k_m256_seed1,13,92,False,1.3470957871558753e-08,0.9776181628535122,0.02238183714648778,0.3174237317215931,M12r,0.5278167904314047,0.9159981830129068,0.08400181698709312,0.28844247414396734,M6l,0.3891505632161558,0.23284855604996887,13,0.24833261512062949,0.164304707981267,4,11,0.09634922072736721,-1.0,False,0.9894516419378097,1.0008790298385157,0.49576758711374097
aff13_wu100k_m256_seed1,13,93,True,0.005812975185741979,0.9999997715649178,2.2843508218642144e-07,0.9999971370881883,M11r,0.32852636058401435,0.9999994432520322,5.567479682067255e-07,0.9999957207905424,M9l,0.3283785568803653,0.23272065673196266,13,0.0017286774348144293,0.1642633146689117,9,11,0.9501851291050838,-1.0,True,0.0022347293200928407,1.0831471058899922,0.4998767258382643
aff13_wu100k_m256_seed1,13,94,True,0.0024652806917462877,0.9999992603970355,7.396029645965657e-07,0.999987285144328,M0r,0.3283903987923608,0.9999992288790603,7.711209398504324e-07,0.9999871641736108,M0l,0.3285650998253882,0.23256323163292122,13,0.0008490614151113817,0.16419558338303034,0,0,0.8889087196171097,-1.0,True,0.0035226922505075327,1.083039775645791,0.49971236028928334
aff13_wu100k_m256_seed1,13,95,False,2.1480081735376922e-08,0.9426474099301891,0.05735259006981016,0.39415635740950755,M0r,0.37527750109031205,0.9506265237105709,0.04937347628942897,0.2393601799395219,M8r,0.42544405217279807,0.23199567068024454,13,0.3611637100622656,0.16449985338448958,9,2,0.08068912205270053,-1.0,False,1.0274657262295321,0.9977111894808723,0.48775476660092043
aff13_wu100k_m256_seed1,13,96,True,0.005743836060993308,0.9999994880489144,5.11951085651557e-07,0.9999951556157098,M1r,0.32859754452444445,0.9999996670669339,3.3293306622349235e-07,0.9999949017937172,M5l,0.3285691234806999,0.23310291147692713,13,0.0033649724662604373,0.16429904454367342,5,1,0.9641399946354887,-1.0,True,0.0032839157284950487,1.0830596736892921,0.500698553583169
aff13_wu100k_m256_seed1,13,97,True,0.006238190418972845,0.9999992715540577,7.284459423780797e-07,0.9999926822335324,M2r,0.32854225937690673,0.9999989227072882,1.0772927119653283e-06,0.9999918639696186,M6l,0.3286917247668789,0.23266204577211164,13,0.0026904508137227476,0.16427136438949883,6,2,0.9536537250835104,-1.0,True,0.003314131127455873,1.0830571557393789,0.4982741617357002
aff13_wu100k_m256_seed1,13,98,True,0.005342057449790923,0.9999995254000443,4.7459995574922714e-07,0.9999956444220487,M4r,0.3284702467861992,0.9999998173083908,1.826916091503712e-07,0.999994379977906,M5l,0.32857482720850717,0.23284729231518442,13,0.0011958127447275614,0.1642352714400605,5,4,0.9642014825450599,-1.0,True,0.0023423740714036867,1.08313813549405,0.5004109138724523
aff13_wu100k_m256_seed1,13,99,True,0.0026333412739323486,0.9999994189309532,5.81069046796442e-07,0.9999919892669699,M12r,0.3286853473611026,0.9999983895807388,1.6104192611652508e-06,0.9999905892770403,M2l,0.32870646768681805,0.23276449452891257,13,0.0021364270747635753,0.16434298382135598,2,12,0.9062921952003622,-1.0,True,0.0032344293460217816,1.083063797554498,0.49897271531886916
aff13_wu100k_m256_seed1,13,100,True,0.0029791429932955566,0.9999996696760776,3.303239225792197e-07,0.9999935213379438,M4r,0.32847244396661107,0.9999986158300735,1.384169926491857e-06,0.9999886680796798,M1l,0.3284471109500519,0.23285338935717234,13,0.0012441569490061375,0.16423622064043236,1,4,0.9429535924727909,-1.0,True,0.0030334376419556604,1.0830805468631703,0.4985207100591716
aff13_wu100k_m256_seed1,13,101,True,0.0027899971466209725,0.9999975970184786,2.402981521565443e-06,0.9999873019237364,M7r,0.32873468741715745,0.9999985239933363,1.4760066638195476e-06,0.9999884786125119,M5l,0.3285630736890826,0.2326543144132353,13,0.0010307644064945312,0.16436802034488562,5,7,0.932520858112712,-1.0,True,0.0035019855542719885,1.0830415012038106,0.4991781722550953
aff13_wu100k_m256_seed1,13,102,True,0.002540714218141531,0.9999989084776008,1.0915223993800748e-06,0.9999936345454539,M0r,0.3284089137642317,0.9999991223893345,8.776106653746832e-07,0.9999919196994855,M5l,0.3285611147012958,0.2325842699475505,13,0.001568054472078099,0.1642049318622546,5,0,0.9187330659493635,-1.0,True,0.0028895459416392625,1.0830925378381966,0.4993836291913215
aff13_wu100k_m256_seed1,13,103,False,1.0478443697829803e-08,0.9523600580876427,0.04763994191235731,0.24085930638373715,M3r,0.3128308818398224,0.8681218649511655,0.13187813504883436,0.3161653022438952,M2l,0.2949883899945457,0.2333833251062264,13,1.2393656362591339,0.16485663702377623,7,4,0.04731550624696425,1.0,False,0.9855110754594169,1.001207410378382,0.5000410913872453
aff13_wu100k_m256_seed1,13,104,True,0.005564636119214174,0.9999988516303259,1.1483696741344718e-06,0.9999942097295322,M12r,0.3286911579236998,0.9999991390559257,8.609440743561504e-07,0.999995230505849,M7l,0.32859989123549443,0.23275405551000358,13,0.0029876833057968124,0.1643459927152785,7,12,0.9636411123050505,-1.0,True,0.0031006691692930643,1.0830749442358922,0.4996301775147929
aff13_wu100k_m256_seed1,13,105,True,0.002566011907708151,0.9999993932219726,6.067780274755359e-07,0.9999904574456906,M2r,0.3285628301414929,0.9999993038119266,6.961880733106181e-07,0.9999961082020175,M7l,0.3286099812699555,0.23267119958669769,13,0.0011856695516668594,0.16428177963119936,7,2,0.8885061188887536,-1.0,True,0.0026462680632135457,1.0831128109947321,0.5021778435239974
aff13_wu100k_m256_seed1,13,106,True,0.005090617592788079,0.9999989781795432,1.0218204569837688e-06,0.9999943163679224,M4r,0.3284535218804836,0.9999989619734292,1.0380265710669895e-06,0.9999922512910924,M8l,0.3284052617483347,0.2328390607021472,13,0.001355528928755036,0.16422716427207584,8,4,0.9641670148538939,-1.0,True,0.0027266369828801173,1.08310611358476,0.4988494411571335
aff13_wu100k_m256_seed1,13,107,True,0.0028426545568554077,0.9999995961270134,4.0387298671289984e-07,0.9999951199912173,M4r,0.3284693871707378,0.9999995674468821,4.325531182578824e-07,0.9999930157933163,M5l,0.32857572621753267,0.23283091470750608,13,0.0025284872818865673,0.16423485998124474,5,4,0.9447062383372674,-1.0,True,0.003009422109330525,1.0830825481575554,0.49921926364234054
aff13_wu100k_m256_seed1,13,108,True,0.006101304147132853,0.9999994928528394,5.07147160459826e-07,0.9999941806709046,M9r,0.32852818036807774,0.9999996352138087,3.647861914522432e-07,0.9999933487981313,M8l,0.3283980791416959,0.2327701383548014,13,0.0015260574610106153,0.16426434344222784,8,9,0.9588479886267307,-1.0,True,0.00266064096118833,1.0831116132532346,0.4992603550295858
aff13_wu100k_m256_seed1,13,109,True,0.006018297017584892,0.9999991031355898,8.968644102461084e-07,0.9999948315717279,M2r,0.32856273539245134,0.99999954228156,4.5771844005712756e-07,0.9999930354814535,M0l,0.32856533551686806,0.23267218294482014,13,0.0019011706238285522,0.16428183589795078,0,2,0.9559050744733922,-1.0,True,0.002773055159547972,1.0831022454033707,0.4987261669953978
aff13_wu100k_m256_seed1,13,110,True,0.002761849741317202,0.9999993408431775,6.591568223123635e-07,0.99999359565997,M11r,0.3285391428033521,0.9999987030295936,1.2969704063883636e-06,0.9999926783545761,M5l,0.3285621663542267,0.23271776107658532,13,0.002775790934806228,0.1642698362747449,5,11,0.9340751497265831,-1.0,True,0.003279323353529213,1.083060056387206,0.5002876397107167
aff13_wu100k_m256_seed1,13,111,True,0.0054580191935229205,0.999999193683731,8.063162691823001e-07,0.9999937945960493,M10r,0.32868624620750103,0.9999996196718655,3.8032813459078867e-07,0.9999951049055007,M1l,0.3284416031837555,0.23270549285099085,13,0.0006760324271682723,0.16434339649432755,1,10,0.9633046570036817,-1.0,True,0.002348647075323064,1.083137612743723,0.5002054569362262
aff13_wu100k_m256_seed1,13,112,True,0.005373953508589509,0.9999995602248591,4.3977514103153015e-07,0.9999956531400234,M10r,0.32869682639678005,0.9999992547390467,7.452609533308283e-07,0.9999946698013067,M7l,0.3286084836232168,0.23269728617971577,13,0.0026884777821673637,0.1643488090487768,7,10,0.968960866240416,-1.0,True,0.002894860775605828,1.0830920949353662,0.5009040105193951
aff13_wu100k_m256_seed1,13,113,True,0.0026729048492087873,0.99999736628411,2.633715890060198e-06,0.9999894207796293,M10r,0.32869349751486776,0.999999403126301,5.968736992187538e-07,0.999993126499302,M0l,0.32857057439029114,0.23270488147982052,13,0.000841105005427628,0.16434771899868686,0,10,0.9055350576602427,-1.0,True,0.0029761561105467703,1.083085320324121,0.4996712689020381
aff13_wu100k_m256_seed1,13,114,True,0.0054208205116295744,0.9999987580883738,1.2419116263332435e-06,0.9999930477439714,M7r,0.328726281288508,0.9999996073020126,3.926979873661287e-07,0.999994636166741,M9l,0.3283860709542581,0.23266297148774695,13,0.0010083999687914508,0.16436374435645312,9,7,0.9581973389916273,-1.0,True,0.0025346165733639925,1.0831221152855528,0.502095660749507
aff13_wu100k_m256_seed1,13,115,False,1.277833440629505e-08,0.9331470027587297,0.06685299724127011,0.33547484952238277,M9r,0.3066947551807573,0.8835378020179055,0.11646219798209373,0.22264637086392006,M8r,0.3700695677560328,0.23260005974600398,13,0.5244970960790821,0.16429720071823684,0,6,0.05255914912701399,-1.0,False,1.0562936669090535,0.9953088610909123,0.4975756081525312
aff13_wu100k_m256_seed1,13,116,False,1.0511565638958308e-08,0.9729262771127895,0.027073722887210373,0.3564169101844369,M4r,0.3655521111068156,0.7997594574179748,0.20024054258202534,0.20834126054404237,M1l,0.2633121632062994,0.23247062553961778,13,0.38401164413175415,0.16380809617429892,6,6,0.09685399435158831,1.0,False,0.9170404121279199,1.00691329898934,0.5045611439842209
aff13_wu100k_m256_seed1,13,117,False,1.262764340904145e-08,0.8799251767478717,0.12007482325212765,0.2478265212792694,M7r,0.3111401712838759,0.7500310581896693,0.24996894181033075,0.26616421206503477,M7l,0.3369281604759555,0.23337556614217572,13,0.09064871374848363,0.1637841326716791,10,5,0.044980894412091736,-1.0,False,0.9462845647017218,1.0044762862748564,0.503698224852071
aff13_wu100k_m256_seed1,13,118,True,0.005257083766758046,0.9999991040262445,8.959737555654111e-07,0.9999949032913047,M10r,0.32870069640036315,0.9999996652858879,3.3471411213148005e-07,0.9999962189416746,M4l,0.3286961068851267,0.2327029316769728,13,0.0008854386152822172,0.16435058093664545,4,10,0.9628070476752739,-1.0,True,0.002177330133290784,1.083151889155559,0.5025887573964497
aff13_wu100k_m256_seed1,13,119,False,7.952283855609017e-09,0.9808164887197547,0.01918351128024512,0.47249756520328934,M7r,0.3342769333101409,0.9068385657556218,0.09316143424437845,0.22882557289630343,M8r,0.36865695838518964,0.23269663083177772,13,0.4874371705233134,0.1641658475305841,7,0,0.04246069373161421,-1.0,False,0.9595646525711654,1.003369612285736,0.4961374095989481
aff13_wu100k_m256_seed1,13,120,True,0.005578170849477637,0.9999997576882184,2.4231178186560865e-07,0.9999947480630035,M9r,0.3285227466117233,0.9999993250973768,6.749026233730138e-07,0.9999956308550466,M12l,0.3285337727533381,0.23276076772934062,13,0.002109025416513686,0.164261619393923,12,9,0.9633804887242653,-1.0,True,0.0025978120994108065,1.0831168489917156,0.5000821827744905
aff13_wu100k_m256_seed1,13,121,True,0.005456603354733513,0.9999995113212793,4.886787209185972e-07,0.999993874841669,M10r,0.32869792742528403,0.9999987378984008,1.2621015992409918e-06,0.9999921714163258,M6l,0.3286980268961799,0.23270295251193462,13,0.0012754857600740304,0.16434929824944716,6,10,0.9666787067750812,-1.0,True,0.002753207576474507,1.0831038993686273,0.4998356344510191
aff13_wu100k_m256_seed1,13,122,False,7.907565744934384e-09,0.8815678475243444,0.118432152475655,0.3367325190544694,M5r,0.2896486758506736,0.9095641904281127,0.0904358095718876,0.39837573154420247,M7l,0.47369935797969887,0.2323559215676807,13,0.13006920749014753,0.16426747517203882,11,9,0.0746091177495891,-1.0,False,0.9419166073303148,1.0048402827224738,0.4953155818540434
aff13_wu100k_m256_seed1,13,123,True,0.005519201875753304,0.9999993614096099,6.385903901760928e-07,0.9999951677545833,M11r,0.3285280533195228,0.9999994578178762,5.42182123894835e-07,0.9999916667420786,M0l,0.328562421985039,0.23271944663430724,13,0.0011172644818866638,0.16426429089991687,0,11,0.9553638319309952,-1.0,True,0.002620299027504571,1.0831149750810414,0.4985207100591716
aff13_wu100k_m256_seed1,13,124,True,0.006163548296055328,0.9999998268026457,1.7319735445845555e-07,0.9999956402929079,M6r,0.3285858631603004,0.9999998001878786,1.9981212164462927e-07,0.9999946361322037,M9l,0.3283935119510999,0.23304240490549413,13,0.0010280528765284364,0.16429326345708745,9,6,0.9567763027893497,-1.0,True,0.0022634723850250746,1.0831447106345813,0.5027120315581854
aff13_wu100k_m256_seed1,13,125,True,0.005554037395747397,0.9999996437921783,3.562078218166727e-07,0.999995315159878,M11r,0.32852378189113435,0.9999987947286675,1.2052713325365794e-06,0.9999942786340894,M1l,0.3284592142686851,0.23272989791588225,13,0.0009980987116770198,0.16426203538782008,1,11,0.9660048222633143,-1.0,True,0.0023707406708005593,1.0831357716107666,0.49971236028928334
aff13_wu100k_m256_seed1,13,126,True,0.0030188386139589117,0.9999991871778233,8.128221768931548e-07,0.9999942804217017,M5r,0.3287395850387027,0.999998562103685,1.437896315016759e-06,0.9999901500208427,M1l,0.32845380792045675,0.2327783532222521,13,0.0009600220302990825,0.16437005098583463,1,5,0.9272321054316817,-1.0,True,0.0028366353032809118,1.0830969470580598,0.5
aff13_wu100k_m256_seed1,13,127,True,0.0024315460211989945,0.9999996226417421,3.7735825797783e-07,0.999991170928022,M2r,0.32854685057231076,0.9999961878811118,3.8121188883003344e-06,0.9999869414847122,M1l,0.32844741995684484,0.232660094882192,13,0.0007799751566002199,0.16427371806038407,1,2,0.9157469676545013,-1.0,True,0.003330625506425138,1.0830557812077979,0.5003698224852071
aff13_wu100k_m256_seed1,13,128,False,7.585045831969274e-09,0.8128775148584163,0.18712248514158292,0.3008770818023101,M5r,0.3348895098417942,0.8784512604673135,0.1215487395326865,0.3252727548667358,M6l,0.42153326337238994,0.23212204530912184,13,0.3218885612551263,0.1642326293869632,7,0,0.04110260560524364,1.0,False,0.9425473083898449,1.004787724300846,0.5016025641025641
aff13_wu100k_m256_seed1,13,129,True,0.002404370412087527,0.9999998291657305,1.708342696253113e-07,0.9999948061951276,M11r,0.3285157358102155,0.9999979177815748,2.08221842535337e-06,0.9999872235894108,M9l,0.3283622730823321,0.23273075905170057,13,0.001084579958796771,0.16425815830695248,9,11,0.9219368880383739,-1.0,True,0.003018381635985897,1.0830818015303343,0.498068704799474
aff13_wu100k_m256_seed1,13,130,True,0.0024005347064925235,0.9999991171761168,8.8282388313919e-07,0.9999936908391657,M7r,0.32873577834794215,0.9999995358849638,4.6411503626667307e-07,0.9999898519002325,M8l,0.32840411569591327,0.23265916171552667,13,0.0023156300835764513,0.16436844678516188,8,7,0.8955286108406113,-1.0,True,0.003304438361040871,1.0830579634699131,0.49995890861275477
aff13_wu100k_m256_seed1,13,131,True,0.005469749290872732,0.9999996820955709,3.1790442912371703e-07,0.9999958952492621,M12r,0.3286872974241489,0.9999998720510392,1.27948960914661e-07,0.9999947482653239,M4l,0.32871374483506227,0.23275994452664586,13,0.0018725841117097212,0.16434391044926397,4,12,0.9570292184508954,-1.0,True,0.0025378001588913265,1.0831218499867592,0.5009861932938856
aff13_wu100k_m256_seed1,13,132,True,0.0025628226619389054,0.9999992341099732,7.658900269795027e-07,0.9999924715193319,M1r,0.32859795760683375,0.99999937861949,6.213805103206518e-07,0.9999864057552249,M10l,0.32858146636253,0.23311359829030398,13,0.0030978653674179953,0.16429919680753396,10,1,0.9393397007580498,-1.0,True,0.003907809901345461,1.0830076825082213,0.5015614727153189
aff13_wu100k_m256_seed1,13,133,True,0.0021911078371142888,0.999997968650587,2.031349413086976e-06,0.9999916029673116,M9r,0.32853428524889394,0.9999997331969299,2.668030701509201e-07,0.9999928481746413,M2l,0.3287030245843927,0.23276831182503682,13,0.00266785806153513,0.16426789815087225,2,9,0.8761567261843288,-1.0,True,0.0033186348832508383,1.0830567804263957,0.4986439842209073
aff13_wu100k_m256_seed1,13,134,True,0.010750130271230817,5.1383043805884454e-06,0.9999948616956111,8.59254736633926e-07,M2r,1.0594661970674294e-06,6.5472245642423864e-06,0.9999934527754273,1.16189587156805e-06,M7l,2.1521666243011464e-06,0.32200476607296125,12,0.38474290241329273,0.12640042047011632,11,2,0.00034854817369333924,-1.0,False,1.0000104870834337,0.9999991260763808,0.4986439842209073
aff13_wu100k_m256_seed1,13,135,False,5.138562245005365e-09,0.8893042447611609,0.11069575523883904,0.2819161729494154,M12r,0.2916722868264546,0.8110104386773028,0.18898956132269706,0.20473156951788601,M8r,0.31135711884473716,0.23213309643489577,13,0.3310396925826067,0.1637638373050905,5,4,0.06156913872403767,1.0,False,0.9714091713895788,1.0023825690508685,0.5032873109796187
aff13_wu100k_m256_seed1,13,136,True,0.005540055476728756,0.9999997755527039,2.244472961148339e-07,0.9999955110433167,M1r,0.32860206519092233,0.9999998544111116,1.4558888842831741e-07,0.9999942745941464,M2l,0.3287059552140371,0.23311204367290514,13,0.002640597422817855,0.1643010826400895,2,1,0.9559022413579026,-1.0,True,0.002886405285599084,1.0830927995595334,0.5009040105193951
aff13_wu100k_m256_seed1,13,137,True,0.005293396537172419,0.9999992696650231,7.303349770251064e-07,0.9999947933762242,M0r,0.3284106213428072,0.9999986418808388,1.3581191615391878e-06,0.9999924425637626,M2l,0.3287165554757942,0.232579679842736,13,0.0014629372272450308,0.16420567403512568,2,0,0.9547828075073276,-1.0,True,0.0026985909232133914,1.0831084507563988,0.5019723865877712
aff13_wu100k_m256_seed1,13,138,True,0.0053669947704310375,0.9999997186996249,2.813003751544055e-07,0.9999955322529781,M5r,0.3287467377039299,0.9999990312426841,9.6875731598763e-07,0.999992296546559,M7l,0.3285984283758526,0.23278090942326002,13,0.0021931357931167287,0.164373618740613,7,5,0.9561767172048464,-1.0,True,0.00290949038448154,1.0830908758012932,0.502095660749507
aff13_wu100k_m256_seed1,13,139,True,0.005428375815450405,0.9999994116423994,5.883576008646205e-07,0.999996019424329,M1r,0.3286126507730746,0.9999992755860677,7.244139323231852e-07,0.999991354718318,M0l,0.3285522698001318,0.23310969627755607,13,0.0012625882202721215,0.16430641585189704,0,1,0.968295353533768,-1.0,True,0.0026046454142670734,1.083116279548811,0.49798652202498356
aff13_wu100k_m256_seed1,13,140,False,1.3247144237686338e-08,0.9277819840516084,0.07221801594839097,0.2986026797249359,M8r,0.5137766788656699,0.9077692149950919,0.09223078500490792,0.2953547546041304,M2l,0.4032121740004757,0.23304885191335264,13,0.6568961270347374,0.1642785968906117,5,11,0.06681113944052804,1.0,False,1.001192578829085,0.9999006184309096,0.5033694937541091
aff13_wu100k_m256_seed1,13,141,False,1.3314857682094926e-08,0.9514736144581691,0.048526385541831016,0.3612234953903007,M4r,0.4026458474610917,0.8358329484598772,0.1641670515401229,0.3041132960197925,M6l,0.5916456130702009,0.23292091145990118,13,0.10213417261738793,0.16433865708101822,0,5,0.047026112294636595,-1.0,False,0.9973852243620592,1.0002178979698284,0.49761669953977644
aff13_wu100k_m256_seed1,13,142,True,0.0023787972044784973,0.9999978416941117,2.15830588813692e-06,0.9999926686781885,M6r,0.32858324177692677,0.9999989070627792,1.09293722092608e-06,0.9999887574363109,M8l,0.32841325446045355,0.23304153449615775,13,0.0009817171739132356,0.16429225155596136,8,6,0.9079781251596323,-1.0,True,0.003094057260233898,1.0830754952283137,0.5009040105193951
aff13_wu100k_m256_seed1,13,143,False,5.065364679089749e-09,0.7293928166633179,0.2706071833366825,0.4158568705766673,M0r,0.25158738745218545,0.8195899771223014,0.18041002287769836,0.26975784780781714,M12l,0.48655324364065183,0.23342711125087762,13,0.1680811600805629,0.1646469637223367,5,0,0.040967169960067364,-1.0,False,0.9944374205982716,1.0004635482834776,0.49687705456936226
aff13_wu100k_m256_seed1,13,144,True,0.005443188326325668,0.9999997416688029,2.5833119723483084e-07,0.99999586647813,M12r,0.32869255487893556,0.9999995342819619,4.657180383075937e-07,0.9999928274495845,M10l,0.3285841900269972,0.2327566914038587,13,0.0014510890264054712,0.16434644585769692,10,12,0.9614115338319389,-1.0,True,0.002554751000642249,1.083120437416613,0.4991781722550953
aff13_wu100k_m256_seed1,13,145,True,0.005694648488713836,0.9999993117878628,6.88212137127853e-07,0.9999952661786782,M1r,0.3286051690255345,0.9999994655183744,5.344816257376448e-07,0.9999960619278829,M7l,0.32861403248421545,0.23310658852249314,13,0.0030585219524847432,0.16430277671721447,7,1,0.9591187210826723,-1.0,True,0.003038050480783443,1.0830801624599347,0.4995069033530572
aff13_wu100k_m256_seed1,13,146,True,0.005739618801257753,0.9999996361103,3.638897000421795e-07,0.9999934955214147,M10r,0.328695118748192,0.999999190865604,8.091343960446319e-07,0.9999939785473456,M8l,0.3284008876257454,0.2327049235763406,13,0.0008825703668114391,0.16434782542177515,8,10,0.9567934369617366,-1.0,True,0.002554546608085512,1.0831204544493263,0.4993836291913215
aff13_wu100k_m256_seed1,13,147,False,7.853561165463062e-09,0.9009699810786944,0.09903001892130585,0.4005346118370813,M4r,0.37079187150689547,0.980867384519249,0.019132615480751104,0.30153014746540274,M12l,0.4527832100402426,0.23310323311214348,13,0.11064648595982349,0.16419052971409717,9,0,0.035526334974008235,1.0,False,0.9803894969854501,1.0016342085845458,0.4939595660749507
aff13_wu100k_m256_seed1,13,148,True,0.0051322590668164214,0.9999994707016787,5.292983215561888e-07,0.9999935006294065,M12r,0.32868557106996416,0.9999994546251243,5.453748756062634e-07,0.9999925768443708,M0l,0.3285528913445498,0.23275744676464155,13,0.001525318830993871,0.16434303625863697,0,12,0.9604452658808079,-1.0,True,0.0028152134715861026,1.083098732210701,0.49979454306377386
aff13_wu100k_m256_seed1,13,149,True,0.002640130964276532,0.999999334812737,6.651872630998571e-07,0.9999932757300302,M4r,0.3284826300583535,0.9999988376153124,1.1623846877045844e-06,0.9999920584918367,M10l,0.3285764419798191,0.2328366089877091,13,0.002743257549774879,0.16424170162411136,10,4,0.9181168227295426,-1.0,True,0.00331056661363173,1.0830574527821972,0.5016847468770546
aff13_wu100k_m256_seed1,13,150,True,0.006132173513411667,0.9999996066823209,3.9331767921908923e-07,0.9999946864345823,M12r,0.32868255991534656,0.9999992822592754,7.177407247249192e-07,0.9999903306149196,M6l,0.32871742126427816,0.23275589288666187,13,0.0011844629293479851,0.16434164142845006,6,12,0.9640071930678112,-1.0,True,0.0028236768309342908,1.0830980269307555,0.5001232741617357
aff13_wu100k_m256_seed1,13,151,True,0.0062339631657770895,0.9999995434055552,4.565944448588634e-07,0.999994584936373,M0r,0.32838608474211745,0.9999992530341992,7.469658007078242e-07,0.9999951549165879,M10l,0.32858106224898975,0.23258600244419575,13,0.0007241180414845732,0.16419336683465469,10,0,0.9575152455342258,-1.0,True,0.0022768543635589542,1.0831435954697035,0.49831525312294545
aff13_wu100k_m256_seed1,13,152,True,0.002889521880550105,0.9999992388622596,7.611377404725908e-07,0.9999932810109179,M12r,0.32869888931674435,0.9999994792069302,5.207930699134354e-07,0.9999957702692741,M1l,0.32844784121507165,0.23276365551805497,13,0.003717197882650301,0.1643495113895185,1,12,0.936531621492459,-1.0,True,0.0034676713537340536,1.083044360720522,0.49979454306377386
aff13_wu100k_m256_seed1,13,153,True,0.002467994848037184,0.9999987904987563,1.2095012438020212e-06,0.999992887832841,M2r,0.3285513568724737,0.9999992257035633,7.742964367373658e-07,0.9999953384190021,M9l,0.3283701671835177,0.23265938523788263,13,0.002926231273097711,0.16427608534212992,9,2,0.8828090750721723,-1.0,True,0.0031081167925181203,1.0830743236006235,0.5006574621959238
aff13_wu100k_m256_seed1,13,154,True,0.0055869501033071435,0.9999996498770285,3.5012297163132986e-07,0.9999962570720367,M10r,0.32869720474459313,0.9999990808640112,9.191359890313893e-07,0.9999910542609166,M0l,0.3285589998988957,0.23270552434839717,13,0.0016634457985771729,0.1643489853053135,0,10,0.9550387067392511,-1.0,True,0.002771396246187879,1.0831023836461509,0.5016847468770546
aff13_wu100k_m256_seed1,13,155,False,7.474317774493621e-09,0.8390413070897398,0.16095869291026016,0.39037991994753674,M4r,0.5375698799326272,0.9447165914330332,0.05528340856696639,0.388378744593018,M9l,0.3104158918915503,0.23347063824504238,13,1.0748980872935336,0.16383339996427296,11,5,0.06399307750931493,1.0,False,1.00958564647106,0.9992011961274115,0.5082593688362919
aff13_wu100k_m256_seed1,13,156,True,0.0028418648871958727,0.9999980985158226,1.901484177455291e-06,0.9999862953978387,M11r,0.3285298756064079,0.9999987111574367,1.28884256335525e-06,0.9999941813220279,M4l,0.3287135304445075,0.2327306774040179,13,0.0009194330233797022,0.16426535709931772,4,11,0.9356746458534461,-1.0,True,0.0031917991117395763,1.0830673500740216,0.498767258382643
aff13_wu100k_m256_seed1,13,157,True,0.002660634518788244,0.9999990141698016,9.858301985181512e-07,0.9999900219326731,M4r,0.3284630251721883,0.9999972201171194,2.779882880651508e-06,0.9999897597517681,M6l,0.32870841380022586,0.23283145062612517,13,0.001400283377133092,0.16423169101494575,6,4,0.9199494808102068,-1.0,True,0.0032650778399719825,1.0830612435133358,0.5006163708086785
aff13_wu100k_m256_seed1,13,158,True,0.0026685256609623813,0.9999994152826175,5.847173827532309e-07,0.9999949295543301,M6r,0.3285877335833779,0.9999966523002214,3.347699778932952e-06,0.9999919097255868,M5l,0.32857536116015695,0.2330320346412753,13,0.001879863904562274,0.16429434540379884,5,6,0.9230869562659527,-1.0,True,0.0028574934234618598,1.0830952088813781,0.49860289283366205
aff13_wu100k_m256_seed1,13,159,True,0.006389519753741533,0.9999985819985631,1.4180014367924825e-06,0.9999949431593789,M5r,0.32872958361779103,0.9999993718767255,6.281232744696586e-07,0.999992135735778,M0l,0.32854445207855903,0.23277699353715936,13,0.001731692374047319,0.1643652797623543,0,5,0.9599491153670703,-1.0,True,0.002807242270019412,1.0830993964774984,0.5002054569362262
aff13_wu100k_m256_seed1,13,160,True,0.005415331982582848,0.9999998525011461,1.47498854150648e-07,0.9999959669964634,M5r,0.32874186704791375,0.9999995644144158,4.3558558403407536e-07,0.9999951951650351,M1l,0.32845116198259133,0.23278112639806017,13,0.0029306918500591568,0.16437123387719715,1,5,0.9592350444386252,-1.0,True,0.0029776609354692845,1.0830851949220441,0.5019723865877712
aff13_wu100k_m256_seed1,13,161,True,0.005652718473556528,0.9999994792594662,5.207405338280603e-07,0.999994041760743,M1r,0.3286100537327048,0.9999991881871888,8.118128111639755e-07,0.9999944889911271,M1l,0.3284471148964722,0.23310793385701445,13,0.0017729903785425269,0.1643052367403572,1,1,0.9650587094771093,-1.0,True,0.002709016098127147,1.0831075819918228,0.49971236028928334
aff13_wu100k_m256_seed1,13,162,True,0.003074020341803822,0.9999994252265215,5.747734788328954e-07,0.999991818072246,M1r,0.32860249949137676,0.9999988990354195,1.1009645804683455e-06,0.9999901142320435,M1l,0.3284570106681224,0.23310865291604788,13,0.002623694195952613,0.1643015246890978,1,1,0.9471661694228902,-1.0,True,0.0034941813638506574,1.0830421515530124,0.5001643655489809
aff13_wu100k_m256_seed1,13,163,True,0.010408673285837755,3.3902179059975865e-06,0.9999966097820961,8.552641909232553e-07,M9r,9.490862476043401e-07,6.284361667533608e-06,0.9999937156383342,1.2667988829640159e-06,M6r,1.4311396871482623e-06,0.22506415419869508,13,0.4180386847170537,0.2625519028828953,6,2,0.0004379839417747778,-1.0,False,1.00001497691209,0.9999987519239926,0.49769888231426695
aff13_wu100k_m256_seed1,13,164,True,0.005533808649579451,0.999999467796151,5.322038491289285e-07,0.9999943229395751,M9r,0.328551221225651,0.9999998373078495,1.6269215048243418e-07,0.9999939663316652,M2l,0.3287054737945765,0.23277230189128165,13,0.0016577692421357955,0.1642760313455108,2,9,0.9607130317919688,-1.0,True,0.0026680603882451547,1.0831109949676463,0.5020545693622617
aff13_wu100k_m256_seed1,13,165,True,0.0028851462488946604,0.9999996562169019,3.437830981412158e-07,0.9999960383520256,M11r,0.32853241786449583,0.999999226719999,7.732800010033553e-07,0.9999936881284774,M7l,0.32861311950381106,0.23272355628819916,13,0.001941266977923434,0.16426634289056932,7,11,0.9269925906196725,-1.0,True,0.0025365202796328317,1.083121956643364,0.5003287310979618
aff13_wu100k_m256_seed1,13,166,True,0.0025250965321754444,0.9999990652241881,9.347758119413486e-07,0.9999921216845069,M9r,0.3285336592221157,0.9999988213466574,1.1786533428281951e-06,0.9999882357079863,M10l,0.3285631682882682,0.23277909012136624,13,0.003017036297423575,0.16426725683785262,10,9,0.8659524262483849,-1.0,True,0.0037764344678692706,1.0830186304610108,0.5014792899408284
aff13_wu100k_m256_seed1,13,167,True,0.006303859677796073,0.9999994537478868,5.462521134587371e-07,0.9999929288913799,M7r,0.32874077285622627,0.9999994048203846,5.951796154467138e-07,0.9999945264004676,M12l,0.32854095259943067,0.23265334220305617,13,0.0024328291605485216,0.16437088146686415,12,7,0.9597118214518404,-1.0,True,0.003027258918608134,1.0830810617567828,0.49893162393162394
aff13_wu100k_m256_seed1,13,168,True,0.002986830503708802,0.9999996981991442,3.018008557794683e-07,0.9999950007757472,M12r,0.32869197872120276,0.9999991880385066,8.11961493348291e-07,0.9999926914886781,M5l,0.32857501521650545,0.2327564599969144,13,0.0027957980571399607,0.16434610020257961,5,12,0.9225629299796595,-1.0,True,0.003154868792365618,1.0830704276006362,0.4990548980933596
aff13_wu100k_m256_seed1,13,169,True,0.005377290525037919,0.999999764941524,2.3505847588586453e-07,0.9999964725576359,M11r,0.3285413648400932,0.9999985238397725,1.4761602275227235e-06,0.999993837932757,M8l,0.3284009872433782,0.23271019915859545,13,0.0021404765183525376,0.16427085069244912,8,11,0.9609219791527776,-1.0,True,0.0026592708210367156,1.0831117274315805,0.4974523339907955
aff13_wu100k_m256_seed1,13,170,True,0.00564463741784628,0.9999996024097355,3.9759026460404557e-07,0.9999957514509107,M1r,0.32859610772224207,0.9999991918660527,8.081339473658085e-07,0.9999957532984933,M12l,0.32854517564276997,0.2331034729350522,13,0.002411367544019597,0.1642981799329282,12,1,0.9569417431608311,-1.0,True,0.002621976097917073,1.0831148353251734,0.5000410913872453
aff13_wu100k_m256_seed1,13,171,True,0.0029504984831928314,0.9999983396900975,1.6603099023603769e-06,0.9999887268379588,M7r,0.328743129286595,0.9999994346788025,5.653211976873566e-07,0.9999890661939301,M7l,0.32861002816234824,0.2326473949015221,13,0.0015066288086926,0.16437211408947533,7,7,0.9159153829806606,-1.0,True,0.0034620920019887607,1.083044825666501,0.5001232741617357
aff13_wu100k_m256_seed1,13,172,True,0.0030630820657107376,0.9999991557355151,8.442644851299271e-07,0.9999912946496522,M10r,0.32870434552595723,0.9999991809580252,8.190419747450543e-07,0.9999945190262842,M7l,0.3286124710973133,0.23271549661590438,13,0.001229857440254831,0.16435237021674978,7,10,0.9475599326768829,-1.0,True,0.002779006396777781,1.0831017494669353,0.49946581196581197
aff13_wu100k_m256_seed1,13,173,True,0.002638778120527268,0.999999578652395,4.213476050582921e-07,0.9999924575958417,M0r,0.32840509566076037,0.9999994617922033,5.382077966816635e-07,0.9999952296810128,M4l,0.3287047479304976,0.23257194816746482,13,0.0020874757174210064,0.16420276625842595,4,0,0.920675593108441,-1.0,True,0.0028801072372295735,1.0830933243968976,0.49786324786324787
aff13_wu100k_m256_seed1,13,174,True,0.006190651429250336,0.9999996618099992,3.3819000066761394e-07,0.9999944915900851,M4r,0.32846876843695494,0.999999184849169,8.151508310947994e-07,0.9999955429569692,M12l,0.3285539802526331,0.2328410857374416,13,0.0008492786992477825,0.16423446129766728,12,4,0.958082234662539,-1.0,True,0.0022401008000244305,1.0831466582666647,0.4986439842209073
aff13_wu100k_m256_seed1,13,175,True,0.005397418825013996,0.9999990097076313,9.902923686592709e-07,0.9999940761261793,M0r,0.32840392962612985,0.9999996269870988,3.7301290124020125e-07,0.9999952891188727,M1l,0.32845101063106424,0.23257369692282942,13,0.0021339566174411926,0.16420204865361981,1,0,0.9543035073865624,-1.0,True,0.002765548952379811,1.083102870920635,0.501766929651545
aff13_wu100k_m256_seed1,13,176,True,0.0030456154222910144,0.9999996429612608,3.5703873921673445e-07,0.9999935038388199,M1r,0.3286027114393239,0.9999986348919919,1.3651080082324287e-06,0.9999912912743893,M5l,0.328554887097951,0.23311326793238515,13,0.0016625582581834381,0.16430135165951676,5,1,0.9471197890420548,-1.0,True,0.0029563954403546994,1.0830869670466368,0.5003287310979618
aff13_wu100k_m256_seed1,13,177,True,0.005129932361672106,0.999999498067292,5.019327080498708e-07,0.9999948582812521,M2r,0.32854335853893074,0.9999990878434122,9.121565878089723e-07,0.9999954153372423,M9l,0.32837436390247726,0.23265991142095102,13,0.0030278647797991904,0.16427181726735593,9,2,0.9620661343168547,-1.0,True,0.0030205754200538556,1.0830816187149954,0.4993836291913215
aff13_wu100k_m256_seed1,13,178,True,0.0024918338583284553,0.9999992814265006,7.185734994270221e-07,0.9999867530687383,M9r,0.32853184044358813,0.9999986860638532,1.3139361467488496e-06,0.9999921201187467,M12l,0.32854804681044564,0.23276606966295033,13,0.0024313826720562485,0.1642663522471907,12,9,0.8833606720595646,-1.0,True,0.003675897728207108,1.0830270085226494,0.4998356344510191
aff13_wu100k_m256_seed1,13,179,True,0.003173533526325399,6.196628073501352e-06,0.9999938033719243,9.858277481413198e-07,M6l,2.6694504777029415e-06,1.6620831708797495e-05,0.9999833791682889,2.0119456774413975e-06,M6r,4.329792084737371e-06,0.3104141061134233,13,0.6899785305063633,0.2847120897318062,0,9,8.024495096607679e-05,-1.0,False,0.999994979349276,1.0000004183875604,0.5282297830374754
aff13_wu100k_m256_seed1,13,180,True,0.005371185228514005,0.9999988331359895,1.1668640105005447e-06,0.999991767045029,M12r,0.3286750830819177,0.9999994401347325,5.598652675601382e-07,0.9999945621417717,M2l,0.32871341421927164,0.232766420518292,13,0.0006867909694021775,0.1643380026580264,2,12,0.9623863003427874,-1.0,True,0.0026332619880305207,1.0831138948343308,0.5018491124260355
aff13_wu100k_m256_seed1,13,181,True,0.0055540675479373,0.9999992535740951,7.464259048587157e-07,0.9999943200238507,M10r,0.32869312302530324,0.9999987318961149,1.2681038850617402e-06,0.9999928465260826,M9l,0.3283588432324577,0.23270751436842585,13,0.0009447444683153215,0.16434711645694733,9,10,0.956055553166403,-1.0,True,0.0025790937635740796,1.0831184088530357,0.5016847468770546
aff13_wu100k_m256_seed1,13,182,True,0.0027134311136348494,0.9999994781943445,5.218056554710068e-07,0.9999878511854938,M12r,0.32869579323112763,0.9999994530403474,5.469596526764754e-07,0.9999905371571648,M0l,0.32855284011065666,0.23276778423279854,13,0.004909217799845899,0.16434818715999408,0,12,0.910293898223601,-1.0,True,0.004800996928207691,1.0829332502559825,0.49880834976988825
aff13_wu100k_m256_seed1,13,183,True,0.006504647033744457,0.9999995973848755,4.0261512476736424e-07,0.99999593945956,M0r,0.328390578853473,0.9999993846658778,6.153341223491138e-07,0.9999942410054621,M7l,0.32860635237722857,0.23257802837647595,13,0.0015432144712213421,0.1641955626013087,7,0,0.9617008612911091,-1.0,True,0.00245873294273666,1.0831284389214384,0.5009451019066403
aff13_wu100k_m256_seed1,13,184,True,0.006513083268756379,0.9999995908593999,4.09140600066912e-07,0.9999949091714857,M9r,0.32853782877215637,0.9999995746154436,4.253845566251388e-07,0.9999935798755438,M5l,0.32856041524723084,0.23276378588807972,13,0.0027251568528380435,0.16426927920140189,5,9,0.9631622160495678,-1.0,True,0.0030314738628248977,1.0830807105114313,0.5010272846811308
aff13_wu100k_m256_seed1,13,185,False,1.5890079477137577e-08,0.9642863256774017,0.03571367432259819,0.254592152926532,M4r,0.3426401357690655,0.9044122265011125,0.09558777349888771,0.24876250218546997,M6l,0.44336580109855983,0.23253412208993146,13,0.014231726522883062,0.16387842466122662,12,0,0.07864149426891358,-1.0,False,0.9805238001266107,1.0016230166561157,0.4962606837606838
aff13_wu100k_m256_seed1,13,186,True,0.005564002770232245,0.9999993398390477,6.601609523479681e-07,0.9999945220717601,M6r,0.32858930824520755,0.9999988892935796,1.1107064205086774e-06,0.9999926775732764,M5l,0.32855560764874236,0.23303490288324272,13,0.0011316807559173551,0.1642949765918541,5,6,0.9520472668419376,-1.0,True,0.0026320963549444857,1.0831139919704211,0.5014381985535832
aff13_wu100k_m256_seed1,13,187,True,0.005262995595586003,0.9999989015970924,1.0984029077005414e-06,0.9999949890635731,M9r,0.32853119602729286,0.9999987464930865,1.2535069135271486e-06,0.9999924869561863,M4l,0.32872458365430496,0.23276983231786275,13,0.0015624984945423347,0.1642660288874156,4,9,0.9569135865434427,-1.0,True,0.002654498884060928,1.0831121250929951,0.5023833004602235
aff13_wu100k_m256_seed1,13,188,True,0.005496993187386181,0.9999996693239455,3.3067605482479873e-07,0.999994705686147,M12r,0.32868761736400626,0.9999993387381982,6.612618018234122e-07,0.9999955942251646,M1l,0.32844559853505406,0.23276765137305802,13,0.002708208761544734,0.16434402821469166,1,12,0.9642757502316502,-1.0,True,0.0029246982439194635,1.0830896084796733,0.5020134779750164
aff13_wu100k_m256_seed1,13,189,True,0.0030275598444687844,0.9999975103957347,2.48960426541775e-06,0.9999917889339476,M10r,0.32869756897439484,0.9999994449967127,5.550032874236043e-07,0.999994222222649,M1l,0.3284550007033424,0.23270919257318617,13,0.0006816269653243087,0.16434939189807762,1,10,0.9398520405462488,-1.0,True,0.002646796877836363,1.083112766926847,0.49897271531886916
aff13_wu100k_m256_seed1,13,190,True,0.005240012629661856,0.9999992001554697,7.998445303727778e-07,0.9999949736573471,M4r,0.32846030686744543,0.999999400702764,5.992972362125818e-07,0.9999934591861158,M0l,0.3285494556047908,0.23285120827924402,13,0.0013378024435031068,0.16423032113716543,0,4,0.9601392511240855,-1.0,True,0.0025533554221948127,1.083120553714817,0.4985618014464168
aff13_wu100k_m256_seed1,13,191,True,0.005454341238622236,0.9999992543763306,7.456236693951792e-07,0.9999934347522142,M12r,0.32868369935272956,0.9999982874418819,1.712558118262275e-06,0.999993629601925,M5l,0.3285597660805221,0.2327660411270482,13,0.0017516923176288425,0.16434218250277632,5,12,0.9585759838107181,-1.0,True,0.002776220164949245,1.0831019816529208,0.5013149243918474
aff13_wu100k_m256_seed1,13,192,True,0.0025522063320031355,0.9999985845337057,1.4154662944502581e-06,0.9999944689649026,M5r,0.32873234423142356,0.9999983660454119,1.6339545881676811e-06,0.999991024197601,M2l,0.32870967970098214,0.23278163785810962,13,0.00079950158039632,0.16436667950961276,2,5,0.8998130284336253,-1.0,True,0.0027415246622140553,1.0831048729448156,0.4980276134122288
aff13_wu100k_m256_seed1,13,193,True,0.010326189889081006,2.542016302357027e-06,0.9999974579836984,3.673007559046038e-07,M3r,5.829089208119674e-07,4.5323871989287844e-05,0.9999546761280121,4.405511166097986e-06,M0r,9.18215085321312e-06,0.24397377449359794,13,2.951146273662482,0.1998654357112446,10,2,0.00026178698270190386,-1.0,False,1.0000076430119675,0.9999993630823361,0.503862590401052
aff13_wu100k_m256_seed1,13,194,True,0.005475424654971225,0.9999996591263302,3.4087366998117266e-07,0.9999936336017939,M7r,0.3287474085848901,0.9999994128321976,5.871678025379161e-07,0.9999939341929484,M4l,0.3287025036938422,0.23265169904853425,13,0.0015471831475190987,0.1643742295060936,4,7,0.9637180910934906,-1.0,True,0.002680314090503522,1.0831099738257917,0.5005752794214333
aff13_wu100k_m256_seed1,13,195,False,3.3517823395778912e-09,0.904989063215764,0.09501093678423592,0.22776381185462022,M8l,0.5656434863576253,0.8472475932275402,0.15275240677245938,0.21311128377316121,M8r,0.3009708346526386,0.18037243974315795,12,0.40734645500817074,0.3122182751852487,3,6,0.05908884083642688,-1.0,False,0.9989966005676082,1.0000836166193658,0.4981919789612097
aff13_wu100k_m256_seed1,13,196,True,0.0027493285856719043,0.9999996397456509,3.6025434932366687e-07,0.9999924437365553,M5r,0.3287456833533119,0.9999965264878684,3.473512131522216e-06,0.9999888581814441,M5l,0.3285492999711152,0.2327815569312979,13,0.0017179376844194106,0.1643732479585457,5,5,0.9420733129341987,-1.0,True,0.0032519967100854336,1.083062333607493,0.4995069033530572
aff13_wu100k_m256_seed1,13,197,True,0.0025187398174243403,0.9999971745452767,2.825454723232476e-06,0.9999906809579222,M2r,0.32855612079654073,0.9999992528485903,7.471514098237433e-07,0.9999957677659234,M5l,0.3285690310880555,0.23266336649368052,13,0.0034794885267517475,0.16427868694192535,5,2,0.9173694249033523,-1.0,True,0.0035871570696596414,1.0830344035775281,0.5020545693622617
aff13_wu100k_m256_seed1,13,198,True,0.0061642060187809735,0.999999675792265,3.2420773522054817e-07,0.9999959194593682,M5r,0.3287383326521549,0.9999992888129612,7.111870388775126e-07,0.9999900061942959,M8l,0.3284009649537956,0.2327800097962474,13,0.0021247534553510278,0.1643693664721107,8,5,0.9649946041700279,-1.0,True,0.0030389168392001963,1.0830800902634,0.4993836291913215
aff13_wu100k_m256_seed1,13,199,True,0.005519036812744057,0.9999998267327649,1.732672350449041e-07,0.9999939304791611,M9r,0.3285299665513997,0.9999986499316406,1.3500683595593809e-06,0.9999925705090834,M6l,0.3287050772378457,0.23276791712097286,13,0.001528332531897695,0.16426518152254835,6,9,0.9584599683591584,-1.0,True,0.002816082556301497,1.083098659786975,0.49971236028928334
aff13_wu100k_m256_seed1,13,200,True,0.0028481379629456648,0.999999140122462,8.598775382642329e-07,0.9999908995652593,M7r,0.3287537235595287,0.9999990148333643,9.851666356361898e-07,0.9999938012100649,M4l,0.32871182328390236,0.23266291118079174,13,0.002427290230977318,0.164377413872793,4,7,0.9307033813057557,-1.0,True,0.0032507205028883004,1.0830624399580926,0.4981508875739645
aff13_wu100k_m256_seed1,13,201,True,0.003012174783242593,0.9999977350317191,2.2649682810346754e-06,0.9999919760159576,M5r,0.3287334800950666,0.9999984233132378,1.5766867623135408e-06,0.999992092923718,M7l,0.3285964249032518,0.23277573723413758,13,0.002490552675980576,0.16436736524924933,7,5,0.9199323434806972,-1.0,True,0.0033083419117249783,1.083057638174023,0.4980276134122288
aff13_wu100k_m256_seed1,13,202,True,0.010273504954021741,2.5698080377902646e-06,0.9999974301919631,3.5126416653804577e-07,M9r,6.634901912701202e-07,6.031870524750235e-06,0.9999939681294765,1.0906144984781732e-06,M8r,1.519391805478798e-06,0.2989332792242119,11,0.8065955841453842,0.2866152698670881,0,4,0.0003855258454582468,1.0,False,0.9999867630080224,1.0000011030826648,0.5001643655489809
aff13_wu100k_m256_seed1,13,203,False,5.37198286985757e-09,0.8750108554892433,0.12498914451075686,0.513345741410283,M6r,0.34394472018351663,0.906103063401957,0.09389693659804318,0.3119903295929038,M6l,0.344562473371819,0.23260858644619994,13,0.26224004557913905,0.16444720729284026,1,1,0.04446062237594277,1.0,False,0.9616755007801171,1.0031937082683235,0.4972879684418146
aff13_wu100k_m256_seed1,13,204,True,0.005332964237480504,0.9999998014166531,1.98583346761575e-07,0.9999950588202338,M6r,0.32858908491406463,0.9999995255197776,4.744802225838399e-07,0.9999937593913023,M10l,0.3285796298055213,0.2330369607094154,13,0.0016429390210211741,0.1642949694788008,10,6,0.9583339233634083,-1.0,True,0.002642228450303148,1.0831131476291413,0.49737015121630507
aff13_wu100k_m256_seed1,13,205,True,0.006165391170921884,0.9999993536554319,6.463445683374564e-07,0.999994736885639,M5r,0.3287409408218184,0.9999995012423123,4.987576880071155e-07,0.9999940204632548,M10l,0.3285905173393587,0.23277953612734265,13,0.001680736289722727,0.16437070725178954,10,5,0.9599239966175098,-1.0,True,0.002638355637338463,1.0831134703635552,0.4996301775147929
aff13_wu100k_m256_seed1,13,206,True,0.002853263599004293,0.9999990122036521,9.877963481484514e-07,0.9999919206584252,M10r,0.3286943174561431,0.9999987817482037,1.2182517964322484e-06,0.9999906789023031,M4l,0.3286982989591816,0.23270770336576926,13,0.0030796320690884248,0.16434732261605994,4,10,0.9424094943759775,-1.0,True,0.0036162811857403943,1.0830319765678549,0.49921926364234054
aff13_wu100k_m256_seed1,13,207,True,0.005898374895449289,0.9999993541676826,6.458323176389016e-07,0.9999945189953694,M2r,0.32855343020390965,0.9999992301726984,7.698273014336214e-07,0.9999936910373365,M8l,0.3283864645948381,0.23266666115118723,13,0.0024699440818139544,0.16427687861221005,8,2,0.9519572998444848,-1.0,True,0.0029101196916031225,1.083090823359033,0.49893162393162394
aff13_wu100k_m256_seed1,13,208,True,0.002655841159034552,0.9999997522666492,2.4773335084452794e-07,0.9999951521021362,M6r,0.32858147791570064,0.9999993753525536,6.246474466007208e-07,0.9999923745551524,M1l,0.3284609878022281,0.23303383523387206,13,0.00102651826179631,0.164291140425798,1,6,0.9341819463267186,-1.0,True,0.0025613237717819694,1.0831198896856846,0.498233070348455
aff13_wu100k_m256_seed1,13,209,True,0.002851736524347849,0.9999992732305852,7.267694149660702e-07,0.9999930569061763,M4r,0.3284637417487661,0.9999971157592856,2.8842407146046108e-06,0.9999864278454491,M4l,0.3287335396643278,0.2328428793767433,13,0.0011294694376692315,0.16423192875176837,4,4,0.9414538491944711,-1.0,True,0.003273525674535007,1.0830605395271222,0.49831525312294545
aff13_wu100k_m256_seed1,13,210,True,0.0025952569220103862,0.9999990754233016,9.245766985984685e-07,0.999992523468327,M12r,0.32867860650668784,0.999999452629972,5.473700280332083e-07,0.9999919104620291,M8l,0.32841201203284387,0.2327596534117947,13,0.0033026625538842645,0.1643397289360227,8,12,0.9158171549897561,-1.0,True,0.003595215806449036,1.0830337320161292,0.5009861932938856
aff13_wu100k_m256_seed1,13,211,True,0.0059741226131624255,0.9999997487203158,2.5127968421805786e-07,0.999995195011112,M9r,0.3285346240783859,0.9999994178180426,5.821819575099083e-07,0.9999909979655945,M0l,0.3285805386144918,0.23276449642240774,13,0.002134291497223724,0.16426767455749933,0,9,0.9601466476759387,-1.0,True,0.002992718678155206,1.0830839401101537,0.5013971071663379
aff13_wu100k_m256_seed1,13,212,True,0.002685947812045471,0.9999978638616336,2.1361383665546497e-06,0.9999897018881064,M7r,0.32873950073926456,0.9999985388752126,1.4611247874588738e-06,0.9999943045857587,M1l,0.32844697778924825,0.23266663947478633,13,0.0024218275017871584,0.1643706038738694,1,7,0.931374746819906,-1.0,True,0.0032309603504848765,1.0830640866374595,0.49831525312294545
aff13_wu100k_m256_seed1,13,213,True,0.0055614654367800226,0.9999992244029167,7.755970834989254e-07,0.9999961908114552,M11r,0.3285225928711689,0.999999447612782,5.523872181226115e-07,0.9999948819453479,M4l,0.32871200505446146,0.2327252086169608,13,0.0014042808674605363,0.1642615091055797,4,11,0.9638544871922253,-1.0,True,0.002300308364246224,1.0831416409696462,0.501232741617357
aff13_wu100k_m256_seed1,13,214,True,0.006623623044617467,0.9999997370442648,2.6295573521120974e-07,0.9999967355336996,M11r,0.3285301510920021,0.99999982346149,1.765385099665821e-07,0.9999943264813136,M2l,0.32870264132543475,0.23272083498582172,13,0.001725367913942882,0.16426523174750957,2,11,0.9483780064869414,-1.0,True,0.0024117037759882774,1.0831323580186676,0.5010272846811308
aff13_wu100k_m256_seed1,13,215,True,0.005555843381616347,0.9999994977551507,5.022448493771886e-07,0.9999901519770471,M6r,0.3285843920063372,0.9999992489825792,7.510174209001534e-07,0.9999946106612028,M1l,0.3284549300126168,0.23303228829366754,13,0.0010087623768317469,0.16429282291095865,1,6,0.9652504681346251,-1.0,True,0.002820199640762199,1.083098316696603,0.5009040105193951
aff13_wu100k_m256_seed1,13,216,False,5.432559045577689e-09,0.9358495072660082,0.064150492733992,0.3822975423686573,M12r,0.32133355479688375,0.9248288424405063,0.0751711575594938,0.33816663167452315,M6l,0.4742162526386731,0.23331963463028887,13,0.40430586945967767,0.1646099671808974,6,4,0.04592692190567177,-1.0,False,0.8732991787503669,1.0105584017708027,0.49502794214332674
aff13_wu100k_m256_seed1,13,217,True,0.0054543084105312415,0.9999995076522377,4.923477625430266e-07,0.999995651159949,M0r,0.32839976136397353,0.9999998036299685,1.963700317145956e-07,0.9999954603719106,M5l,0.3285638120632425,0.2325873121921558,13,0.000995599522994391,0.16420014663301913,5,0,0.9574594999978083,-1.0,True,0.0021837015452543036,1.0831513582045622,0.5003287310979618
aff13_wu100k_m256_seed1,13,218,True,0.005538821956524586,0.9999993190468754,6.809531244801979e-07,0.9999940086921635,M5r,0.3287478163488362,0.9999992113841374,7.886158627521842e-07,0.9999921232423661,M12l,0.3285597822285192,0.2327861131105033,13,0.0015535296902832616,0.16437427858433332,12,5,0.9580895014825895,-1.0,True,0.002861112891279494,1.0830949072590597,0.5012738330046023
aff13_wu100k_m256_seed1,13,219,True,0.010805266896548458,4.616239687883551e-06,0.9999953837603038,8.23489331669758e-07,M4l,9.082249234777883e-07,6.942333052873343e-06,0.9999930576669388,1.3755210421340033e-06,M7l,2.6127718655504428e-06,0.2776161728621743,13,0.3455603024158815,0.2105919551995293,3,3,0.0002370767572236778,1.0,False,0.9999773911598042,1.000001884070016,0.5001643655489809
aff13_wu100k_m256_seed1,13,220,True,0.005388109687733517,0.9999991805322408,8.194677593911687e-07,0.9999962544499619,M0r,0.3284030350635641,0.9999985371874727,1.462812527548199e-06,0.9999886891936323,M6l,0.32870391213104366,0.2325845471415889,13,0.0011499790466023645,0.16420185172545276,6,0,0.952112899722033,-1.0,True,0.0028250879351257043,1.0830979093387394,0.4995069033530572
aff13_wu100k_m256_seed1,13,221,True,0.0061405200674079525,0.9999996854511907,3.14548809344463e-07,0.9999943818788629,M7r,0.3287386747786578,0.9999991172382539,8.82761746056863e-07,0.9999926941041081,M0l,0.3285584418112557,0.23265899780830465,13,0.0027606929794640475,0.16436974532992057,0,7,0.9629666419653449,-1.0,True,0.003194564794594393,1.0830671196004504,0.4990548980933596
aff13_wu100k_m256_seed1,13,222,True,0.005325669391886573,0.9999994318993873,5.681006127827223e-07,0.9999955344387862,M10r,0.3286939046309279,0.9999996270265152,3.7297348489185303e-07,0.9999943699156423,M10l,0.32857729637199545,0.23270440098462614,13,0.001025562345393925,0.16434729811097798,10,10,0.9520251725050646,-1.0,True,0.002369097459646381,1.0831359085450294,0.4987261669953978
aff13_wu100k_m256_seed1,13,223,True,0.002240600308563174,0.9999984543782672,1.545621733058901e-06,0.9999899527211441,M9r,0.3285193032334652,0.9999980237457899,1.97625421014625e-06,0.9999896117401732,M6l,0.3286929487743666,0.23278108777082507,13,0.003919404594733654,0.16425987611299792,6,9,0.9094772107952516,-1.0,True,0.004176252937225483,1.0829853122552313,0.5005752794214333
aff13_wu100k_m256_seed1,13,224,True,0.005626265278453943,0.9999993701314417,6.298685583777796e-07,0.9999938801339413,M6r,0.32859164483738096,0.9999989933697488,1.0066302511153142e-06,0.9999923164986287,M8l,0.32839812095199333,0.233027127996562,13,0.0023312185615721286,0.1642961017939525,8,6,0.9539383271633384,-1.0,True,0.0030504712251264725,1.0830791273979061,0.49897271531886916
aff13_wu100k_m256_seed1,13,225,True,0.006002235805536434,0.9999995445142961,4.554857041097269e-07,0.9999938409215303,M2r,0.32854553269516573,0.9999991752183658,8.247816342064499e-07,0.9999923341611061,M10l,0.32859060955348063,0.23266543248842317,13,0.002794836910916748,0.164272937008154,10,2,0.955454215190411,-1.0,True,0.003266904931033637,1.0830610912557472,0.49663050624589083
aff13_wu100k_m256_seed1,13,226,False,6.628151972700017e-09,0.7570674651699588,0.2429325348300409,0.19338350695699835,M2r,0.26045636684652024,0.9372170978621457,0.06278290213785419,0.2469324720035358,M6l,0.3081362199856473,0.2333782060785506,13,0.06525217919267569,0.16459017222794442,9,4,0.06709164865814515,-1.0,False,0.9703920945819589,1.002467325451503,0.5021367521367521
aff13_wu100k_m256_seed1,13,227,True,0.005220985461821234,0.9999997246243375,2.753756624886941e-07,0.9999947413361269,M9r,0.3285257408830466,0.9999989635508556,1.0364491443629116e-06,0.9999921563081086,M10l,0.3285906787092258,0.23276944769661695,13,0.0012086232251946835,0.16426315783939133,10,9,0.9476386775661051,-1.0,True,0.002670888757587214,1.0831107592702012,0.4993425378040763
aff13_wu100k_m256_seed1,13,228,False,4.294316419178314e-09,0.8467852296322671,0.15321477036773243,0.212700402337315,M8l,0.4250044252243252,0.7358774113084872,0.26412258869151245,0.4426756197362933,M2l,0.3854346362289623,0.1930170575786449,12,0.9569417107381537,0.2516643151644601,2,9,0.07740446005634634,1.0,False,1.0639603730844092,0.9946699689096324,0.502301117685733
aff13_wu100k_m256_seed1,13,229,True,0.003009062297171357,0.9999982351726894,1.7648273106361929e-06,0.9999932292480153,M10r,0.32868798910386043,0.9999995929337856,4.070662145500228e-07,0.9999938538553633,M5l,0.3285608604977248,0.2327013698618766,13,0.003374391854341114,0.1643445616614432,5,10,0.9442904804471972,-1.0,True,0.0034510567142281255,1.083045745273814,0.49831525312294545
aff13_wu100k_m256_seed1,13,230,True,0.0029355545449216373,0.9999989654103943,1.034589605718071e-06,0.9999890148530753,M1r,0.32858529658531394,0.9999990447741394,9.552258608570396e-07,0.9999935921394792,M7l,0.3286125726285011,0.23309601668485652,13,0.005824612502372833,0.1642930009776333,7,1,0.9489348780355464,-1.0,True,0.005148003024311389,1.0829043330813075,0.5003287310979618
aff13_wu100k_m256_seed1,13,231,True,0.002924475883264525,0.9999988743506851,1.1256493150383548e-06,0.9999908728806214,M12r,0.3286845594692505,0.9999993913406017,6.08659398721795e-07,0.999993256697726,M4l,0.32872348908361093,0.23276443787135453,13,0.0014652077477794122,0.16434271024633215,4,12,0.9378636541985683,-1.0,True,0.003013399185310318,1.0830822167345575,0.4991370808678501
aff13_wu100k_m256_seed1,13,232,True,0.006180970482171198,0.99999901351113,9.864888701284134e-07,0.9999927223227286,M7r,0.3287426398870926,0.9999993941631944,6.058368054248408e-07,0.9999935626525606,M10l,0.3285874515326705,0.2326485713590723,13,0.0008306283898728545,0.16437193878758954,10,7,0.9564912024741897,-1.0,True,0.002603639770374611,1.0831163633524687,0.49732905982905984
aff13_wu100k_m256_seed1,13,233,True,2.9650471128595154e-05,0.9980192139996562,0.001980786000343579,0.34247550820804673,M8r,0.35155542621283614,0.9983387394296719,0.0016612605703280226,0.3189607840519835,M12l,0.4049408323044825,0.23335397708887237,13,0.0686111547323106,0.16410304488004712,12,8,0.11818872594767013,-1.0,True,0.7924277617338564,1.0172976865221788,0.4967537804076266
aff13_wu100k_m256_seed1,13,234,False,1.9186687464861615e-08,0.8591561581254208,0.14084384187457918,0.4363614923348489,M5r,0.2822902171974839,0.9735364085834892,0.026463591416510647,0.3327412389403288,M5l,0.5619376959077804,0.23273160403590573,13,0.1887885525761524,0.1642107482499225,5,2,0.05474980939694965,-1.0,False,0.9238420202995986,1.0063464983083668,0.5004930966469427
aff13_wu100k_m256_seed1,13,235,False,1.0495616917732938e-08,0.8163481980785141,0.1836518019214859,0.41894539087171795,M11r,0.3502011178978513,0.9336388582366909,0.06636114176330912,0.28166059719160663,M7l,0.36555801107423647,0.23326334457670236,13,0.18259063419684995,0.16464158019516373,8,8,0.043620730537476074,-1.0,False,1.007870204939351,0.9993441495883875,0.5021778435239974
aff13_wu100k_m256_seed1,13,236,True,0.005538266175517706,0.9999995473432647,4.5265673522801925e-07,0.999996470311125,M11r,0.32852789591986065,0.9999990515581993,9.484418009024295e-07,0.9999939825613103,M12l,0.3285494142153418,0.23272506171403012,13,0.0010672516782156089,0.1642640888564703,12,11,0.9620122350668697,-1.0,True,0.002296736109213341,1.0831419386575656,0.4998767258382643
aff13_wu100k_m256_seed1,13,237,True,0.006222693625969147,0.9999995358343386,4.6416566157656854e-07,0.9999937281089306,M2r,0.32854999826213205,0.9999994381260437,5.6187395654373e-07,0.9999958290005313,M12l,0.3285577533998847,0.2326634986958843,13,0.002975378631588889,0.1642752047216631,12,2,0.9609313245221183,-1.0,True,0.003088954252306627,1.0830759204789744,0.4980276134122288
aff13_wu100k_m256_seed1,13,238,True,0.0024288320928094165,0.9999986479760813,1.352023918776773e-06,0.999993516463841,M12r,0.328684547167737,0.9999995079560797,4.920439204698123e-07,0.9999923363494776,M10l,0.3285894500024888,0.23276123147592004,13,0.0010033920571008994,0.16434263028397708,10,12,0.9132016366496505,-1.0,True,0.0027234779356514766,1.0831063768386957,0.5011505588428665
aff13_wu100k_m256_seed1,13,239,True,0.006035765270619032,0.9999997837793578,2.162206423980386e-07,0.9999961624680237,M0r,0.32840118036071625,0.9999995055730557,4.94426944307823e-07,0.9999937331500809,M8l,0.32840379908982087,0.23257404155378747,13,0.0012585927261903412,0.16420083644600791,8,0,0.9567961130629428,-1.0,True,0.002381583738382406,1.0831348680218014,0.4977810650887574
aff13_wu100k_m256_seed1,13,240,True,0.006024179583133357,0.9999998166398246,1.8336017551302858e-07,0.9999950845724278,M2r,0.3285549995053297,0.9999993601952392,6.398047607755109e-07,0.9999937584766739,M2l,0.3287272276296106,0.23266721210608868,13,0.0020009293887988996,0.1642778878890539,2,2,0.9552120237735185,-1.0,True,0.0027284802182267706,1.0831059599818147,0.5005752794214333
aff13_wu100k_m256_seed1,13,241,True,0.0029123763237545877,0.9999988914511787,1.1085488214212039e-06,0.9999913823325698,M11r,0.3285316082217178,0.9999988860791669,1.1139208331699962e-06,0.9999935458997843,M1l,0.32845328256657524,0.23273049937617915,13,0.0022747323578421407,0.16426614531103073,1,11,0.9229016850850031,-1.0,True,0.0031282689253492556,1.083072644256221,0.4998356344510191
aff13_wu100k_m256_seed1,13,242,True,0.005520313654615376,0.9999989114050005,1.0885949996236473e-06,0.9999941682032816,M5r,0.3287414178597378,0.999998724283511,1.275716489112035e-06,0.999990840017391,M5l,0.32857350080055964,0.23277342656674885,13,0.0011717806537921897,0.1643711463026897,5,5,0.9533442280600344,-1.0,True,0.0028244729060243547,1.0830979605911646,0.5020545693622617
aff13_wu100k_m256_seed1,13,243,False,1.2193294368189957e-08,0.7677534502882599,0.2322465497117385,0.45011552410218475,M6r,0.2519169656332459,0.843970743587604,0.15602925641239598,0.3110129434055342,M0l,0.3748691469734065,0.2338540317941965,13,0.09857312431047215,0.16414791242471902,5,6,0.037946893725921305,1.0,False,1.1744531294788991,0.9854622392100918,0.50439677843524
aff13_wu100k_m256_seed1,13,244,True,0.005301276987974609,0.9999994921804092,5.078195908697659e-07,0.999995779572156,M4r,0.32845308828036823,0.9999996254273088,3.745726913510375e-07,0.999995899347986,M4l,0.32871057972781914,0.2328494920304515,13,0.0017095252889536739,0.16422673955343864,4,4,0.9611319347677353,-1.0,True,0.0023448655868657017,1.083137927867761,0.5021778435239974
aff13_wu100k_m256_seed1,13,245,True,0.005212534310364135,0.999998920886496,1.0791135041572653e-06,0.9999948382292382,M4r,0.3284685576656068,0.9999995869738662,4.1302613386017216e-07,0.9999929786113396,M10l,0.32858470380206267,0.23283503846768364,13,0.0006322164879338017,0.16423449652465796,10,4,0.9617561988333401,-1.0,True,0.002449146825310752,1.0831292377645574,0.4981508875739645
aff13_wu100k_m256_seed1,13,246,True,0.002888155893947639,0.9999988592623217,1.1407376784613463e-06,0.9999905217918439,M1r,0.32858899206048336,0.9999993868209077,6.13179092431194e-07,0.9999829374013425,M8l,0.32840587673285804,0.23311144894112337,13,0.0026352881598373937,0.16429490059631055,8,1,0.9232899468484089,-1.0,True,0.004108890824544713,1.0829909257646213,0.5001232741617357
aff13_wu100k_m256_seed1,13,247,False,8.65184407462604e-09,0.8865428396072945,0.11345716039270476,0.22537008618697427,M5r,0.2916516201805209,0.9505496192320341,0.04945038076796584,0.3116081370501074,M2l,0.6563241029182333,0.2332083828233052,13,0.2613084301100058,0.16460163267582084,1,12,0.0554959467470226,-1.0,False,0.9887848194869425,1.0009345983760882,0.5030407626561473
aff13_wu100k_m256_seed1,13,248,True,0.0024057094282764336,0.9999992775736835,7.224263165796224e-07,0.9999952962240753,M0r,0.3283926860515993,0.9999987771901692,1.2228098307022833e-06,0.9999893699747948,M6l,0.328707687893903,0.23258088970106786,13,0.0014466506885068848,0.16419667182315895,6,0,0.9055234092244603,-1.0,True,0.0029695648279873723,1.083085869597668,0.5016025641025641
aff13_wu100k_m256_seed1,13,249,False,1.1982230794612492e-08,0.9013890824610918,0.09861091753890819,0.2525216027206428,M2r,0.3736654281846947,0.7979863754514892,0.20201362454850974,0.21035004412877584,M7l,0.3364665568050946,0.2330925608492686,13,0.3477548865536528,0.1644501456276091,0,6,0.03706798791339898,1.0,False,1.0015285011012693,0.9998726249082277,0.5044378698224852
aff13_wu100k_m256_seed1,13,250,True,0.006044646102618309,0.9999998520841866,1.4791581320301304e-07,0.9999937692152908,M6r,0.3285813391010839,0.9999995908502881,4.091497119961269e-07,0.9999935248675672,M0l,0.32856501447640046,0.23303314640231745,13,0.002646248080451474,0.1642909114136755,0,6,0.956552444198382,-1.0,True,0.0030978975654470556,1.0830751752028795,0.4995479947403024
aff13_wu100k_m256_seed1,13,251,True,0.002629454237278139,0.9999990984674401,9.015325601569717e-07,0.9999907326692005,M10r,0.32869867916557854,0.9999990828198855,9.171801148196945e-07,0.9999944860927614,M10l,0.3285924055457312,0.23271645244367617,13,0.0005173332764408818,0.16434992268808807,10,10,0.903394103724999,-1.0,True,0.0026911896082792725,1.0831090675326431,0.49921926364234054
aff13_wu100k_m256_seed1,13,252,True,0.0022485686528048096,0.999999592669353,4.073306469811642e-07,0.9999876526451985,M9r,0.3285179232060743,0.9999996794276721,3.2057232815989514e-07,0.9999857825948787,M9l,0.32837051827542674,0.23278482261859293,13,0.001705103203430946,0.1642593133446238,9,9,0.8799532431895961,-1.0,True,0.0037346837482936995,1.0830221096876425,0.4992603550295858
aff13_wu100k_m256_seed1,13,253,True,0.005912932161109154,0.999998891118734,1.1088812660051208e-06,0.9999931749694725,M5r,0.32876075555621465,0.9999986885577528,1.3114422470055562e-06,0.9999930415723726,M9l,0.3283792746363008,0.23277302808076586,13,0.001584243178881608,0.1643808393566872,9,5,0.950471204482413,-1.0,True,0.0028181019121849915,1.0830984915073179,0.5016436554898094
aff13_wu100k_m256_seed1,13,254,True,0.0026999939310334386,0.9999993238859539,6.761140461888875e-07,0.9999931407670765,M11r,0.3285175036978427,0.9999988679604807,1.1320395193216595e-06,0.9999911793272404,M8l,0.32840668848203197,0.2327180543956752,13,0.0029079302003271446,0.1642589001560568,8,11,0.8922291326818371,-1.0,True,0.003440590678290621,1.0830466174434759,0.5021778435239974
aff13_wu100k_m256_seed1,13,255,True,0.005358579763784761,0.9999993149797775,6.850202229230553e-07,0.9999950509390961,M4r,0.3284594692410152,0.9999994396652253,5.60334774702162e-07,0.9999945525086488,M7l,0.32861903338717147,0.23284453872373698,13,0.0017917959225198623,0.16423001433375684,7,4,0.9546465716248922,-1.0,True,0.0026353269481747786,1.0831137227543184,0.5002876397107167
aff13_wu100k_m256_seed2,13,0,True,0.0023245833478871994,0.9999992972261806,7.02773819558472e-07,0.9999929126965142,M12r,0.3426360696839292,0.9999974978109121,2.50218908782211e-06,0.9999908111549856,M5l,0.34243201898819314,0.2334982644023754,13,0.0035760485069101407,0.17131840919889185,5,12,0.9287747476918662,-1.0,True,0.00383988603178649,1.0830133428306845,0.5028763971071664
aff13_wu100k_m256_seed2,13,1,True,0.004458970782307447,0.9999987712260229,1.2287739770945968e-06,0.9999961554915449,M7r,0.34260899054013605,0.9999997364595207,2.6354047960797085e-07,0.9999972485283849,M11l,0.34244853636735384,0.2331846794877358,13,0.004131822728176243,0.17130492349869922,11,7,0.9680420258664759,-1.0,True,0.003531246874237016,1.0830390627604802,0.4995479947403024
aff13_wu100k_m256_seed2,13,2,True,0.004397897227889934,0.9999990293500853,9.706499146212333e-07,0.9999950631557657,M2r,0.34269762110348445,0.9999992761932537,7.238067463721699e-07,0.9999948759005366,M8l,0.34262358668308107,0.23360301584595408,13,0.0023845987167876565,0.17134918172881852,8,2,0.9622000192307595,-1.0,True,0.0028379490521348214,1.0830968375789887,0.5008218277449047
aff13_wu100k_m256_seed2,13,3,False,1.0109176736968071e-08,0.8049126092826755,0.19508739071732362,0.31258575396033644,M0r,0.35583837678175634,0.909462369449193,0.09053763055080678,0.3841725319813037,M5l,0.3116416079095424,0.23412486876754504,13,0.2049836031555643,0.17129391768347216,5,6,0.06421162833564834,1.0,False,1.0487408515294487,0.9959382623725459,0.5099441157133465
aff13_wu100k_m256_seed2,13,4,True,0.0033578849754852115,0.9999993178648583,6.82135141548822e-07,0.9999930915574785,M0r,0.34263748978515063,0.9999983603255524,1.6396744476428234e-06,0.9999941924306378,M8l,0.34262729351656745,0.23372663278681874,13,0.004339228011465822,0.1713191946315571,8,0,0.9486491691560621,-1.0,True,0.004118050458249388,1.0829901624618126,0.4996712689020381
aff13_wu100k_m256_seed2,13,5,True,0.004564974214940553,0.999999340475942,6.595240582423721e-07,0.999994673290582,M7r,0.34260766649514535,0.9999987878796935,1.2121203066210517e-06,0.9999963186264788,M3l,0.3425611094771884,0.23319389622627124,13,0.002807799713532816,0.17130408199121214,3,7,0.9588680826265006,-1.0,True,0.0028746180133746757,1.0830937818322188,0.49995890861275477
aff13_wu100k_m256_seed2,13,6,True,0.0027291885446029413,0.9999977077046812,2.2922953189134355e-06,0.9999925604754054,M7r,0.34260542803664207,0.9999994971575265,5.028424736191095e-07,0.999995951627791,M2l,0.3425508692951631,0.23318798339106397,13,0.004905567826206001,0.17130327551415706,2,7,0.9466411746944768,-1.0,True,0.004379593237948657,1.0829683672301713,0.49991781722550954
aff13_wu100k_m256_seed2,13,7,False,1.6334664352558599e-09,0.7042658673097493,0.2957341326902496,0.2305548227398034,M10r,0.2412898193110902,0.866037402146863,0.1339625978531361,0.30550968180383314,M6l,0.2970691414715854,0.23179273396667124,13,0.08264981038212739,0.17101330804488607,7,11,0.044333047211013554,-1.0,False,1.0066501080480619,0.9994458243293283,0.5018902038132808
aff13_wu100k_m256_seed2,13,8,True,0.0026241001024034376,8.183284182431738e-06,0.9999918167158118,1.7365573342485119e-06,M10l,2.9056994229268287e-06,8.378061289431902e-06,0.9999916219387058,1.784566871943611e-06,M6r,3.2813328255869754e-06,0.19276959029378346,13,0.16796297716448413,0.23173450993165556,1,5,0.00040515301003641154,1.0,False,0.9999901531289156,1.0000008205725903,0.49786324786324787
aff13_wu100k_m256_seed2,13,9,True,0.003462688689696424,0.9999993760785831,6.2392141689945e-07,0.9999952332099226,M4r,0.34241784113253126,0.9999985802406205,1.419759379449609e-06,0.9999947864529769,M8l,0.34263214692412275,0.23357943820021232,13,0.0032608189627444323,0.1712090891625342,8,4,0.9455364965687278,-1.0,True,0.0032037639841376014,1.083066353001322,0.4990548980933596
aff13_wu100k_m256_seed2,13,10,True,0.0025331327214208202,0.9999966332210187,3.3667789813563484e-06,0.9999920102918752,M7r,0.34261291641713054,0.999999263656978,7.363430222384991e-07,0.9999937161160679,M5l,0.34247264364747343,0.23319370083756485,13,0.002359788398285844,0.17130715806371463,5,7,0.9212917435877521,-1.0,True,0.0031201219019067043,1.0830733231748413,0.5008218277449047
aff13_wu100k_m256_seed2,13,11,True,0.003247206731717802,0.9999997706883884,2.293116116311952e-07,0.9999944655528304,M4r,0.342419569651136,0.9999990653691713,9.346308288654517e-07,0.999993883206232,M3l,0.3425723350817235,0.23358645237701006,13,0.005127504226967364,0.17121004276147853,3,4,0.9488896456545894,-1.0,True,0.004427766392062314,1.0829643528006616,0.4998767258382643
aff13_wu100k_m256_seed2,13,12,True,0.003125395660750846,0.999998750624107,1.2493758927540989e-06,0.9999937580114349,M5r,0.3428541294972672,0.9999987522148067,1.2477851935058334e-06,0.99999353525768,M0l,0.34253176990537365,0.23345975450117573,13,0.0035574684215379094,0.17142749342228683,0,5,0.9406200600440172,-1.0,True,0.0035868479141076886,1.0830344293404908,0.5009040105193951
aff13_wu100k_m256_seed2,13,13,True,0.0038451743891982446,0.9999998154970131,1.845029870078524e-07,0.9999964532038594,M5r,0.3428480295589677,0.9999978682723935,2.1317276064789156e-06,0.9999941348286728,M5l,0.3424594996138059,0.2334545295295956,13,0.0009316629743413954,0.1714242203613596,5,5,0.9609969991779318,-1.0,True,0.0022488390662425855,1.083145930077813,0.4969592373438527
aff13_wu100k_m256_seed2,13,14,True,0.00413014000431374,0.9999996268796094,3.731203907739856e-07,0.9999950040312778,M8r,0.3425829412509201,0.9999996232823951,3.767176047270138e-07,0.9999968361298415,M0l,0.3425297745674732,0.2335561328875002,13,0.0031559870203220074,0.17129167778907067,0,8,0.9471662456650902,-1.0,True,0.0030259423936650626,1.0830811714671946,0.49958908612754765
aff13_wu100k_m256_seed2,13,15,True,0.0027613643330975644,0.9999992866447951,7.133552048356171e-07,0.999994409742361,M7r,0.3426086965259214,0.9999999253067247,7.469327538423873e-08,0.9999973264384859,M11l,0.3424564430495537,0.233179405160981,13,0.002222665285363851,0.1713045676146165,11,7,0.9325233748877035,-1.0,True,0.0025531681269699035,1.0831205693227526,0.5014381985535832
aff13_wu100k_m256_seed2,13,16,True,0.005025153790224854,0.999998904657361,1.0953426392058933e-06,0.999991480174005,M11r,0.3427075470617786,0.9999995450438378,4.549561624321069e-07,0.9999959830000422,M10l,0.342695872320406,0.23342444854855632,13,0.0031693868857977513,0.171354163931163,10,11,0.9556086293640449,-1.0,True,0.003377764507220088,1.0830518529577315,0.49786324786324787
aff13_wu100k_m256_seed2,13,17,True,0.003161407750121177,0.9999994858524859,5.141475139227312e-07,0.9999957537274419,M7r,0.34260150153193064,0.9999997644333383,2.355666617904636e-07,0.999994533631242,M0l,0.342538221508955,0.23319006383491753,13,0.004728865145715887,0.17130095081986121,0,7,0.9378974120212537,-1.0,True,0.004091557521706698,1.0829923702065247,0.5010683760683761
aff13_wu100k_m256_seed2,13,18,True,0.010412877977338404,4.334117614076729e-06,0.999995665882376,8.391905162907862e-07,M2r,1.0192172490762024e-06,6.600625133047369e-06,0.9999933993748568,1.1137398761471318e-06,M10r,1.56560312653858e-06,0.20953570853184147,12,0.39627622046801514,0.1478929803649771,8,9,0.0003239198488523481,-1.0,False,1.0000273734760807,0.9999977188769934,0.48763149243918474
aff13_wu100k_m256_seed2,13,19,True,0.004423239444013489,0.9999994408196574,5.591803428455183e-07,0.9999947739275622,M9r,0.3428213735173981,0.999999440591756,5.594082442163003e-07,0.9999952199244483,M10l,0.3426858085721869,0.2336166227546119,13,0.0027908785463334547,0.17141082201254884,10,9,0.9520470450493778,-1.0,True,0.0029647689027244317,1.0830862692581065,0.49860289283366205
aff13_wu100k_m256_seed2,13,20,True,0.005920944217044397,5.429212780239395e-06,0.9999945707872149,1.7401744000841438e-06,M10r,1.9038314123156203e-06,5.7967041322604305e-06,0.9999942032958619,1.1120514395392892e-06,M5r,2.772024802125733e-06,0.3425954055871747,12,0.32094258220373717,0.11283169579371279,11,1,0.00038186932143194303,-1.0,False,1.0000028856377723,0.9999997595301855,0.4991781722550953
aff13_wu100k_m256_seed2,13,21,True,0.006022226776943068,0.9999991891369756,8.108630246116778e-07,0.9999953460172607,M7r,0.3426005773770152,0.9999994414283228,5.585716773790998e-07,0.9999964534900037,M9l,0.34258602517566283,0.23318713502783464,13,0.0027722755620731986,0.17130052966536904,9,7,0.9673011134570503,-1.0,True,0.0028098245995242426,1.083099181283373,0.4993836291913215
aff13_wu100k_m256_seed2,13,22,True,0.00272961496730781,0.9999997918898516,2.0811014840570926e-07,0.9999940382655831,M2r,0.3426992422405044,0.999998784348441,1.215651558994113e-06,0.999995580389101,M3l,0.3425565919143704,0.23359099495983637,13,0.0029800298955463076,0.1713496738051523,3,2,0.9496555718110278,-1.0,True,0.0031095468698013142,1.0830742044275166,0.4991370808678501
aff13_wu100k_m256_seed2,13,23,True,0.005959156064564355,0.9999992898281084,7.101718919244755e-07,0.9999967782034928,M7r,0.3426051809672182,0.9999997918475274,2.081524725498304e-07,0.9999959628478488,M10l,0.3426849777155034,0.2331836271519605,13,0.0035847872369557665,0.1713028520635018,10,7,0.9632402008481671,-1.0,True,0.0032300115175309375,1.0830641657068723,0.4998356344510191
aff13_wu100k_m256_seed2,13,24,True,0.005350010288623567,0.9999994371048218,5.628951781648301e-07,0.9999956242633267,M2r,0.34271118781942833,0.9999974753457256,2.5246542745276495e-06,0.9999949882705875,M0l,0.34253384452362745,0.23359766079561792,13,0.0022928247137715134,0.17135590222887237,0,2,0.9632270363937522,-1.0,True,0.002728817165427138,1.083105931902881,0.501232741617357
aff13_wu100k_m256_seed2,13,25,True,0.004635887079566822,0.9999988388610846,1.1611389156726778e-06,0.9999963326515399,M6r,0.3425488392727613,0.9999990885989569,9.114010432452437e-07,0.9999957313449921,M10l,0.34267438060483657,0.2334280756558943,13,0.003449853430243687,0.1712748156507258,10,6,0.9602922582109418,-1.0,True,0.003242957835110263,1.083063086847074,0.4998767258382643
aff13_wu100k_m256_seed2,13,26,False,5.394057703987778e-09,0.8676816472555114,0.13231835274448792,0.21912206106278473,M10l,0.5546433791190458,0.8735457745240466,0.12645422547595245,0.34083802357183585,M7l,0.3482443699064237,0.20654590968843217,11,0.6266665247343173,0.3193689450762934,6,12,0.047511941154528566,-1.0,False,1.0177879090853506,0.9985176742428875,0.4977810650887574
aff13_wu100k_m256_seed2,13,27,True,0.003584497313539378,0.999999939836912,6.016308816763234e-08,0.9999938061037944,M4r,0.3424186994847451,0.9999998994881684,1.0051183168657706e-07,0.999997319218217,M2l,0.34255832341900133,0.23357306704287356,13,0.0035879840471164048,0.17120923424801496,2,4,0.9575031845949697,-1.0,True,0.00335443596364115,1.0830537970030298,0.49893162393162394
aff13_wu100k_m256_seed2,13,28,True,0.0068621764123767874,3.891604201837756e-06,0.9999961083957927,7.750197411344502e-07,M4r,1.2692090015933572e-06,5.271994272917296e-06,0.999994728005722,8.874325530713225e-07,M6r,1.6460833866296727e-06,0.26310663510181614,12,0.2633609392175987,0.18714523184527285,4,1,0.0005892308785349199,1.0,False,1.0000024832595742,0.9999997930617023,0.49942472057856674
aff13_wu100k_m256_seed2,13,29,True,0.004389651563477261,0.9999996730894978,3.269105023233184e-07,0.99999537932219,M5r,0.3428591889344853,0.9999986021737854,1.3978262145130927e-06,0.9999952034719444,M8l,0.3426208329931754,0.2334482748400974,13,0.0038711733675901813,0.17142981161782145,8,5,0.9493008521528197,-1.0,True,0.003534903073683864,1.083038758077193,0.500534188034188
aff13_wu100k_m256_seed2,13,30,True,0.004765771602787269,0.9999997732891172,2.2671088289652238e-07,0.9999956062502351,M9r,0.3428282197292829,0.9999993177728977,6.82227102410046e-07,0.9999966434059463,M8l,0.3426190065589928,0.23361944578465063,13,0.0023229533154314154,0.1714143046293549,8,9,0.963774919728502,-1.0,True,0.0025186948543762648,1.0831234420954685,0.498767258382643
aff13_wu100k_m256_seed2,13,31,True,0.005768436756237317,2.9796551599032667e-06,0.9999970203448341,4.6491540833101066e-07,M10l,8.161730557733658e-07,5.34246838764744e-06,0.9999946575316073,1.05589212369754e-06,M7l,1.8163264767632516e-06,0.3572894945808483,13,0.6273948034121462,0.27687157417844355,4,1,0.00038935432642009897,1.0,False,0.9999929159712073,1.0000005903357327,0.5018080210387903
aff13_wu100k_m256_seed2,13,32,True,0.004773186574551112,0.9999997050589671,2.9494103313098566e-07,0.9999958209557492,M11r,0.3426966906119046,0.9999995361442106,4.638557894229658e-07,0.9999968974372644,M7l,0.3425420762637915,0.23341408007330217,13,0.002475544125952924,0.17134862889732302,7,11,0.9637595497534689,-1.0,True,0.0026266299699950132,1.0831144475025005,0.49979454306377386
aff13_wu100k_m256_seed2,13,33,True,0.003031910636998044,0.9999995344315484,4.655684516134377e-07,0.9999939741970111,M6r,0.3425743632929151,0.999999147866863,8.521331373510132e-07,0.9999943210420301,M10l,0.34269247954206744,0.23341810035424063,13,0.004442299741611235,0.1712874810678653,10,6,0.9411083094292837,-1.0,True,0.004112863171916208,1.082990594735674,0.500534188034188
aff13_wu100k_m256_seed2,13,34,True,0.00432799645505098,0.9999994062093204,5.937906795457202e-07,0.9999946288685555,M6r,0.3425432561316934,0.9999974469311073,2.5530688927016143e-06,0.999993907405896,M3l,0.34255658879504325,0.2334222169988606,13,0.0014860802488002312,0.1712717779819987,3,6,0.9635940173953765,-1.0,True,0.002574600899331656,1.083118783258389,0.5014381985535832
aff13_wu100k_m256_seed2,13,35,True,0.003169771933290695,0.9999980596662147,1.940333785288869e-06,0.9999940914119635,M9r,0.3428207541131999,0.999998942813778,1.0571862222173122e-06,0.9999962028605548,M2l,0.3425467204207567,0.23362169138467198,13,0.004582821757917461,0.17141074243880633,2,9,0.9413771607270591,-1.0,True,0.003973024961633916,1.0830022479198638,0.49847961867192636
aff13_wu100k_m256_seed2,13,36,True,0.0026613696331770206,0.9999993255908524,6.744091475891631e-07,0.9999960932733171,M12r,0.3426190579447601,0.9999990900127671,9.099872329547173e-07,0.9999945426837412,M6l,0.34243915448610257,0.23350154614681518,13,0.0043012039348073895,0.17130991961533149,6,12,0.9250876765551231,-1.0,True,0.0038571818522689393,1.083011901512311,0.5004109138724523
aff13_wu100k_m256_seed2,13,37,True,0.003975354245582829,0.9999990464037288,9.535962712478603e-07,0.9999936797433674,M2r,0.34271703619254557,0.9999997875254685,2.1247453175944261e-07,0.9999950482019284,M5l,0.3424574239379713,0.2335954302938328,13,0.002782494201044487,0.1713589450601025,5,2,0.9450255962486882,-1.0,True,0.003132445088199823,1.0830722962426502,0.5000410913872453
aff13_wu100k_m256_seed2,13,38,True,0.0033284107465407866,0.9999994733550392,5.266449606717669e-07,0.9999936871030396,M2r,0.3427147234876452,0.999999373408656,6.265913440344771e-07,0.9999960057074774,M7l,0.34252470439022176,0.23358984146156636,13,0.0015229487917704633,0.171357540609861,7,2,0.9494419416660925,-1.0,True,0.002498433291025329,1.0831251305590812,0.49991781722550954
aff13_wu100k_m256_seed2,13,39,True,0.004959305114025806,0.9999996302606317,3.6973936864981865e-07,0.9999944555376519,M4r,0.3424234927278461,0.9999988668287978,1.1331712021926203e-06,0.9999941584129179,M7l,0.34253129420268347,0.2335798754222359,13,0.003512189411485392,0.17121183379682914,7,4,0.957600453499075,-1.0,True,0.003480411650590186,1.0830432990291174,0.4997534516765286
aff13_wu100k_m256_seed2,13,40,True,0.004716104340163144,0.9999995415883639,4.5841163625932707e-07,0.9999956849738247,M5r,0.3428654188769937,0.9999993632301158,6.367698844036067e-07,0.9999963086071887,M9l,0.3425850589494785,0.2334568380567116,13,0.0030365510616449983,0.1714329679103013,9,5,0.9617295091733145,-1.0,True,0.002941212801701627,1.083088232266525,0.49860289283366205
aff13_wu100k_m256_seed2,13,41,True,0.003062636254206417,0.9999996358515439,3.641484561200295e-07,0.9999938050595093,M12r,0.34261853201723463,0.9999997732434713,2.2675652874606072e-07,0.9999958527697039,M2l,0.3425556273720183,0.23350667541348896,13,0.003356635120809084,0.17130941455786797,2,12,0.9347692457627373,-1.0,True,0.0032664386866894384,1.0830611301094426,0.5015614727153189
aff13_wu100k_m256_seed2,13,42,True,0.004296557086186122,0.9999995418387764,4.5816122367189116e-07,0.99999602863442,M7r,0.34260055512400533,0.9999998090277702,1.9097222993057984e-07,0.9999967991247726,M0l,0.3425243073600504,0.2331907667867095,13,0.0024666933638005165,0.17130058730295178,0,7,0.9478453767970713,-1.0,True,0.0025739998919787213,1.0831188333423352,0.4990138067061144
aff13_wu100k_m256_seed2,13,43,True,0.0047179707214783885,0.9999982719153435,1.7280846565050286e-06,0.9999920873853959,M0r,0.34264687196951704,0.9999992647254051,7.352745951541325e-07,0.9999955998795558,M11l,0.34246101383663446,0.23372416441868993,13,0.0033460082511658894,0.17132396556117985,11,0,0.9597084361655089,-1.0,True,0.003433075919133307,1.0830472436734055,0.5009040105193951
aff13_wu100k_m256_seed2,13,44,True,0.0029172218498215727,0.9999981343324492,1.8656675510089516e-06,0.9999932803173772,M0r,0.34264246237184864,0.999999323891836,6.761081640273601e-07,0.9999969741868051,M2l,0.34255305776536943,0.23373347574227288,13,0.004467719840232987,0.17132193004818905,2,0,0.9174111889691641,-1.0,True,0.003986102431229097,1.083001158130731,0.49995890861275477
aff13_wu100k_m256_seed2,13,45,True,0.003161965289333657,0.9999992231280945,7.76871905634141e-07,0.9999947566515381,M12r,0.3426120293229114,0.9999992339485553,7.660514449091653e-07,0.9999941403018354,M0l,0.3425374239316383,0.2335048992535356,13,0.0031162697695573073,0.17130634742916653,0,12,0.9487024061079506,-1.0,True,0.00323677424216105,1.0830636021464866,0.5013560157790927
aff13_wu100k_m256_seed2,13,46,True,0.0055237485786267535,3.853322379062173e-06,0.9999961466776157,6.944000115172981e-07,M9r,1.372372731306339e-06,5.109924756161875e-06,0.999994890075238,1.1446029411549467e-06,M10l,1.2566547507717056e-06,0.4795492549837287,12,0.452500436300201,0.2096771657205077,10,8,0.00034257630377225717,1.0,False,0.9999891793337408,1.0000009017221883,0.4998356344510191
aff13_wu100k_m256_seed2,13,47,True,0.0057829729123549944,0.9999989496377081,1.0503622920752516e-06,0.9999960252724631,M0r,0.3426368955913064,0.9999997481277327,2.518722674333016e-07,0.9999963759881335,M10l,0.34268439392737476,0.2337285376131986,13,0.002670552607778226,0.17131871750503289,10,0,0.9603048836348391,-1.0,True,0.00272600428631632,1.0831061663094739,0.49893162393162394
aff13_wu100k_m256_seed2,13,48,True,0.004572796687552647,0.9999997337098304,2.6629016993729115e-07,0.9999968797843548,M2r,0.3427040190120073,0.9999986159859033,1.3840140966140835e-06,0.999995874590086,M7l,0.3425323212443044,0.2336092696888376,13,0.0037086788042388704,0.17135225157756362,7,2,0.9670900340376959,-1.0,True,0.003293597459728108,1.0830588668783558,0.5011505588428665
aff13_wu100k_m256_seed2,13,49,False,4.923494831872566e-09,0.8819681109408636,0.11803188905913588,0.31196486986757777,M11r,0.3022463743979228,0.8334651819411754,0.1665348180588241,0.22366398227765072,M2l,0.4197339914236903,0.23387075682953365,13,0.18258121078745415,0.17115056727384137,6,1,0.0695150325194419,1.0,False,1.0436658872736064,0.9963611760605328,0.49601413543721234
aff13_wu100k_m256_seed2,13,50,True,0.004292971749378571,0.9999996573027102,3.4269728989911396e-07,0.999994579938109,M12r,0.34262714582291043,0.9999989199482899,1.0800517102599254e-06,0.999995945754485,M8l,0.3426075941944639,0.2334967394228457,13,0.003907307316893872,0.17131385770857235,8,12,0.9531170718507975,-1.0,True,0.0035079049653178843,1.083041007919557,0.49991781722550954
aff13_wu100k_m256_seed2,13,51,True,0.00306038847340101,0.9999995968260015,4.031739984538884e-07,0.9999940594831107,M10r,0.3423879820863744,0.9999986892542332,1.3107457670000122e-06,0.9999958459618314,M9l,0.3425824265117383,0.23352984811409738,13,0.004232920035373831,0.17119426339993365,9,10,0.9491821145679012,-1.0,True,0.003824060342054185,1.0830146616381622,0.5008629191321499
aff13_wu100k_m256_seed2,13,52,True,0.0034315779154476937,0.9999992881364054,7.118635948710165e-07,0.999994140213253,M7r,0.34259481852539175,0.999998675578144,1.3244218558230038e-06,0.9999949442919439,M8l,0.34260705258670765,0.23319161868583732,13,0.004431332531690931,0.17129760429572632,8,7,0.9484950303453962,-1.0,True,0.004019371142894771,1.082998385738092,0.4995479947403024
aff13_wu100k_m256_seed2,13,53,True,0.0044323100494014925,0.9999991601066833,8.398933167730235e-07,0.9999939670944133,M0r,0.3426309021343877,0.9999997244034831,2.7559651704974103e-07,0.9999974839437494,M6l,0.3424358124733617,0.23372183328063137,13,0.003790970021626937,0.171315674884429,6,0,0.9526152587728827,-1.0,True,0.003408468852326842,1.0830492942623058,0.4991370808678501
aff13_wu100k_m256_seed2,13,54,True,0.0031504307962211047,0.9999970478987001,2.952101300005307e-06,0.9999921667564712,M12r,0.3426081918743123,0.9999984710273485,1.528972651820635e-06,0.9999947518582187,M9l,0.34258936524453354,0.23349157985463317,13,0.0035076102507242443,0.17130481476300102,9,12,0.9525066173653874,-1.0,True,0.0035736317462428196,1.083035530687813,0.5020545693622617
aff13_wu100k_m256_seed2,13,55,True,0.003971984236755082,0.9999997862068688,2.137931312169074e-07,0.9999960195173236,M3r,0.34270785290676786,0.9999991587552728,8.412447272436681e-07,0.9999955865865283,M8l,0.34261343954172463,0.2334910287314858,13,0.0035889832868357253,0.1713540330237866,8,3,0.9478249316779446,-1.0,True,0.003322014946573365,1.083056498754452,0.5004930966469427
aff13_wu100k_m256_seed2,13,56,True,0.004477579685382284,0.9999988475591449,1.1524408550963308e-06,0.9999946073182668,M12r,0.34263543542416536,0.9999984394256152,1.5605743848822528e-06,0.9999963899298013,M2l,0.3425504090944809,0.2335085493222113,13,0.002017087864127252,0.17131813198696372,2,12,0.9642536103759918,-1.0,True,0.002536903634686464,1.0831219246971093,0.4995069033530572
aff13_wu100k_m256_seed2,13,57,True,0.004254775007082261,4.072551868156973e-06,0.9999959274481264,9.41314693873394e-07,M7r,1.3967962033719783e-06,5.456766103545304e-06,0.9999945432338907,1.0811913855080865e-06,M7l,1.4697773912639807e-06,0.2599867118921478,13,0.3075242623768652,0.2959075559377076,7,1,0.0015486006750309042,-1.0,False,1.0000049202038177,0.9999995899830153,0.4960552268244576
aff13_wu100k_m256_seed2,13,58,True,0.00302992773794167,0.9999983038353122,1.6961646877399033e-06,0.9999883380206743,M6r,0.34254703648901275,0.9999991078053783,8.921946217398742e-07,0.9999952027600245,M2l,0.3425519512041783,0.2334255857613486,13,0.002534537598691142,0.17127399862383008,2,6,0.9494405389488514,-1.0,True,0.0033683550817117857,1.0830526370765239,0.49831525312294545
aff13_wu100k_m256_seed2,13,59,True,0.004812306422494496,0.999999708587637,2.914123632202883e-07,0.9999953214239378,M10r,0.3423757990097513,0.9999991065550652,8.934449349055574e-07,0.9999958440166037,M10l,0.3426904928805696,0.23352358975600698,13,0.004007180487535777,0.17118809328476653,10,10,0.9589908911976687,-1.0,True,0.003601690490015408,1.0830331924591654,0.4997534516765286
aff13_wu100k_m256_seed2,13,60,True,0.005145420075665748,0.9999991510581749,8.489418251216874e-07,0.9999952925659635,M2r,0.34269028817996683,0.9999993544656974,6.455343024693544e-07,0.9999962262319081,M6l,0.3424379815473921,0.2336074549504875,13,0.004176663730304109,0.1713455824650442,6,2,0.9600520085018749,-1.0,True,0.003672222705516964,1.08302731477454,0.5009451019066403
aff13_wu100k_m256_seed2,13,61,True,0.0034405397759512666,0.9999981718090294,1.8281909706769523e-06,0.9999924780134047,M11r,0.3426971612790441,0.9999991095113369,8.904886631478454e-07,0.9999944333631977,M7l,0.3425322504370456,0.2334111712166605,13,0.003305268268421068,0.17134921321930704,7,11,0.940955693594682,-1.0,True,0.0034785245058705956,1.0830434562911773,0.4990548980933596
aff13_wu100k_m256_seed2,13,62,True,0.005675539050795117,0.999999776167399,2.238326009376861e-07,0.9999952393332271,M12r,0.3426294737223887,0.9999995510187145,4.4898128546693617e-07,0.9999970053406749,M10l,0.34268509120365365,0.23350447952989603,13,0.002749221736203887,0.1713149980179527,10,12,0.9703605652096443,-1.0,True,0.0027520603053511413,1.0831039949745538,0.49847961867192636
aff13_wu100k_m256_seed2,13,63,True,0.0036715170029602245,0.9999993406554238,6.593445761865526e-07,0.999993630706504,M9r,0.34282708615869484,0.9999996152554679,3.8474453189266406e-07,0.9999964743085042,M7l,0.3425280110078684,0.2336276206677155,13,0.0022550344303530526,0.17141381925672644,7,9,0.9415204779796087,-1.0,True,0.0026683310360717943,1.0831109724136607,0.4972468770545694
aff13_wu100k_m256_seed2,13,64,True,0.002606306940634718,0.9999973133103375,2.686689662729212e-06,0.9999927460307392,M10r,0.3423929546062372,0.9999994228032646,5.771967356501527e-07,0.9999969017320436,M11l,0.3424529022953534,0.2335322962950976,13,0.0025929689057213154,0.1711970833339563,11,10,0.9426976160572528,-1.0,True,0.002949971414287567,1.0830875023821425,0.5000821827744905
aff13_wu100k_m256_seed2,13,65,True,0.005000565724085184,4.802299020245782e-06,0.9999951977009746,1.0296722775546395e-06,M11r,2.15173872961337e-06,6.085516660325466e-06,0.9999939144833342,1.3064311514343512e-06,M10l,1.5441881223850083e-06,0.18968542161832866,13,0.5305310751219703,0.2494175598184765,11,10,0.0003666229278002047,-1.0,False,0.9999913642761367,1.0000007196436553,0.4988494411571335
aff13_wu100k_m256_seed2,13,66,False,1.2204807215992899e-08,0.19762589027388502,0.8023741097261109,0.07475544120567883,M12r,0.08833822121821072,0.2564243598825426,0.7435756401174535,0.07392262339241493,M11l,0.09122403598665485,0.23284344656498152,13,0.07955746057487696,0.17062083945704165,8,7,0.03045873322824378,-1.0,False,1.0137292188092475,0.9988558984325627,0.5009451019066403
aff13_wu100k_m256_seed2,13,67,True,0.004215433462495918,0.9999994666605314,5.333394685892626e-07,0.9999964666738814,M6r,0.3425369536664714,0.9999997327555743,2.672444259810326e-07,0.99999753681658,M6l,0.3424337551504034,0.2334284465575571,13,0.002760669613655273,0.17126859296967858,6,6,0.950291058150148,-1.0,True,0.0026446537458589972,1.0831129455211785,0.4988905325443787
aff13_wu100k_m256_seed2,13,68,False,6.235491942089474e-09,0.9298968708194755,0.0701031291805242,0.2592753557913238,M5r,0.352914617512164,0.857958415206262,0.14204158479373682,0.26112008856403784,M8l,0.294473928026857,0.23373118412640398,13,0.20987097883366884,0.17066253275300192,0,12,0.07810558309307739,-1.0,False,1.0743823162647923,0.9938014736446007,0.501232741617357
aff13_wu100k_m256_seed2,13,69,True,0.00421307516451935,0.9999997715388678,2.284611323863216e-07,0.999996125764275,M9r,0.3428230709528127,0.9999996543355841,3.456644161292531e-07,0.9999970583565195,M2l,0.3425462377461508,0.23362253991565296,13,0.003464355291800823,0.17141166212677938,2,9,0.9522690862538428,-1.0,True,0.0031099622199818855,1.0830741698150017,0.5009451019066403
aff13_wu100k_m256_seed2,13,70,True,0.003339355359374515,0.9999995083539059,4.916460942965384e-07,0.999996752686787,M8r,0.34258415860579466,0.9999991620911756,8.37908824544511e-07,0.9999953855799754,M9l,0.34258330581224994,0.23357148329333574,13,0.004080830470920305,0.17129233889606899,9,8,0.9662849322823757,-1.0,True,0.0035819944237289294,1.0830348337980225,0.5025065746219592
aff13_wu100k_m256_seed2,13,71,True,0.00340421213580371,0.9999993850494744,6.14950525639963e-07,0.9999947376843901,M8r,0.34256400364109707,0.9999987911932845,1.2088067152953022e-06,0.9999950009466197,M0l,0.34252560835354395,0.2335690153993533,13,0.0019342296001565891,0.17128220019906845,0,8,0.9483657897043445,-1.0,True,0.00261953022010457,1.0831150391483244,0.5011505588428665
aff13_wu100k_m256_seed2,13,72,True,0.00303546963599128,0.9999993872020803,6.127979195659489e-07,0.9999926160049861,M11r,0.3426998353359021,0.9999996201864169,3.7981358316781256e-07,0.999996132835639,M0l,0.3425332781937989,0.2333874803074775,13,0.003361300074874874,0.17135043637655684,0,11,0.9358976545839822,-1.0,True,0.0033677944381746094,1.0830526837968188,0.5003698224852071
aff13_wu100k_m256_seed2,13,73,True,0.003422848166893587,6.023723714545494e-06,0.999993976276279,1.2873434147803673e-06,M7r,1.8296184718922486e-06,8.80058840702319e-06,0.9999911994115874,2.7108467328827753e-06,M10l,2.274973686891928e-06,0.23323408711689428,13,0.5355123578088458,0.2428863838497718,9,0,0.0006021626907803513,-1.0,False,0.9999748814102432,1.0000020932158131,0.49847961867192636
aff13_wu100k_m256_seed2,13,74,True,0.0053092242018329275,0.9999988786206507,1.1213793493590534e-06,0.9999934602576392,M10r,0.34238733111006153,0.9999994060965207,5.939034793240074e-07,0.9999964029608861,M6l,0.3424469230226729,0.23353315720725146,13,0.002621203373309189,0.1711939396870311,6,10,0.9649396130237987,-1.0,True,0.002912203897423078,1.0830906496752148,0.4991370808678501
aff13_wu100k_m256_seed2,13,75,True,0.004514444917255406,0.9999993203601769,6.79639823160063e-07,0.9999954595836545,M12r,0.3426200460537844,0.9999991140404605,8.859595398893694e-07,0.9999970035275225,M11l,0.3424602316957941,0.23349606980464518,13,0.0034385459704841174,0.17131020469119557,11,12,0.9578640450370833,-1.0,True,0.0030865003929259217,1.0830761249672562,0.49786324786324787
aff13_wu100k_m256_seed2,13,76,True,0.0044352009362638,0.999999467950897,5.320491029551306e-07,0.9999954655491515,M0r,0.3426279720590463,0.9999982184784255,1.7815215744693405e-06,0.9999957934042984,M8l,0.3426208280845589,0.23372602878859047,13,0.0045742876569266335,0.17131422467705368,8,0,0.9538402513628415,-1.0,True,0.00398396380508711,1.0830013363495758,0.5002054569362262
aff13_wu100k_m256_seed2,13,77,True,0.003788434049165649,0.9999982888582983,1.7111417018018552e-06,0.9999927754344746,M4r,0.3424332204729173,0.9999995922729011,4.077270988429359e-07,0.9999967362722785,M5l,0.3424608690535691,0.23359209263166741,13,0.0022658437905606335,0.17121694603729848,5,4,0.9456360602130388,-1.0,True,0.0027363177822366932,1.0831053068514802,0.5000821827744905
aff13_wu100k_m256_seed2,13,78,True,0.004629642019237644,0.9999993744983222,6.255016778551503e-07,0.999994867440764,M9r,0.34282507884985197,0.9999998052673954,1.9473260452123024e-07,0.9999972118373593,M0l,0.34254452650743483,0.23361559353059952,13,0.003393309975250526,0.1714126517734951,0,9,0.9561570013814638,-1.0,True,0.0031075586877884315,1.0830743701093508,0.4993836291913215
aff13_wu100k_m256_seed2,13,79,True,0.004110316599036907,0.9999996096833185,3.9031668176813394e-07,0.9999933743414029,M4r,0.34243133234200357,0.9999991327797506,8.672202493308291e-07,0.9999964969072015,M10l,0.34268479388884604,0.2335777840007978,13,0.0009433770352266126,0.17121585327513006,10,4,0.948041972038465,-1.0,True,0.002325762346971274,1.0831395198044191,0.4996301775147929
aff13_wu100k_m256_seed2,13,80,False,5.686412097786467e-09,0.8767199190985251,0.12328008090147412,0.22144576500337632,M10l,0.30022982531480297,0.9419655242568996,0.05803447574310022,0.41959740244728533,M9l,0.4587135300014737,0.21533162234671255,13,0.21866678020611907,0.14855604251047885,5,2,0.05135770198655576,-1.0,False,1.0482478383215248,0.9959793468065397,0.49794543063773833
aff13_wu100k_m256_seed2,13,81,True,0.004541515107479776,0.999999516115021,4.838849788359329e-07,0.9999952195291226,M9r,0.3428152576665336,0.9999997388797769,2.6112022306233857e-07,0.9999965047104739,M5l,0.3424506103225001,0.2336106265442931,13,0.001882496878304184,0.17140785471336734,5,9,0.9452860913661966,-1.0,True,0.002404325784214719,1.0831329728513155,0.49843852728468113
aff13_wu100k_m256_seed2,13,82,True,0.003930492525118092,0.9999985675002401,1.432499760143393e-06,0.9999941758214816,M4r,0.3424104761937753,0.9999992811558179,7.188441819832615e-07,0.9999932927539403,M11l,0.3424450861481385,0.23358199321205628,13,0.0037272907265404123,0.17120552719032203,11,4,0.9504609389080465,-1.0,True,0.003591535759919235,1.0830340386866735,0.498233070348455
aff13_wu100k_m256_seed2,13,83,True,0.0026504696389739804,0.999998389964062,1.6100359379565343e-06,0.9999929672768326,M10r,0.3423632505493719,0.9999984606328507,1.539367149187319e-06,0.9999926652595461,M2l,0.34255121326022087,0.23352781243520013,13,0.006514554018352735,0.17118218561354182,2,10,0.9455899570091516,-1.0,True,0.0054450080494264615,1.082879582662548,0.5003287310979618
aff13_wu100k_m256_seed2,13,84,True,0.004675602650217561,0.9999990492104648,9.507895349478497e-07,0.9999920180276024,M11r,0.3427016004641583,0.9999992233425812,7.766574187025514e-07,0.999994788137695,M8l,0.34262071205596817,0.23340396483703743,13,0.003932764107495875,0.17135134431409718,8,11,0.9535802223166138,-1.0,True,0.003857512780671393,1.0830118739349437,0.5000821827744905
aff13_wu100k_m256_seed2,13,85,True,0.0024934083424954213,0.9999991185556789,8.814443210950164e-07,0.999991053908917,M2r,0.34270495151840674,0.9999982042647321,1.79573526801507e-06,0.9999957855563857,M5l,0.34247164629181626,0.2335990983895074,13,0.0032063081127997103,0.17135272240189917,5,2,0.9244800662047747,-1.0,True,0.0034713208481855396,1.0830440565959847,0.500534188034188
aff13_wu100k_m256_seed2,13,86,True,0.0025446232335300236,0.9999984965076739,1.5034923262250041e-06,0.9999905255909836,M0r,0.34264425549400235,0.9999996801598424,3.198401578859303e-07,0.9999939138781478,M11l,0.34245421122796793,0.23370696261085291,13,0.0033558955455797006,0.1713227647688527,11,0,0.9282600711293376,-1.0,True,0.0036737983510070522,1.0830271834707492,0.5016847468770546
aff13_wu100k_m256_seed2,13,87,True,0.006234782032770621,4.7327878651574695e-06,0.9999952672121296,1.822212753641305e-06,M11r,1.4149056937097319e-06,4.889658952232604e-06,0.9999951103410413,9.145384226767211e-07,M7l,1.2441306128040043e-06,0.2571583985941213,13,0.3967343963910516,0.24943744293539036,6,11,0.0004909865563561771,-1.0,False,1.0000121493478098,0.9999989875543491,0.5015614727153189
aff13_wu100k_m256_seed2,13,88,True,0.0027045570642201095,0.9999991923589572,8.076410427852094e-07,0.9999944296457975,M2r,0.34270673359732257,0.9999980405161173,1.9594838828267e-06,0.9999914544543537,M11l,0.3424615775275127,0.23360040292798437,13,0.0011470649053637529,0.17135372689448128,11,2,0.9423057860881353,-1.0,True,0.002788283636338617,1.0831009763636386,0.4990548980933596
aff13_wu100k_m256_seed2,13,89,True,0.00598186838602112,0.9999994910271357,5.089728644466708e-07,0.9999952797331239,M0r,0.3426309685963627,0.9999994112504438,5.88749556307495e-07,0.9999968781310984,M7l,0.3425317799506071,0.23372860472948467,13,0.0037350867108804516,0.1713157051361357,7,0,0.9663493436828722,-1.0,True,0.003394079531617178,1.0830504933723653,0.5001232741617357
aff13_wu100k_m256_seed2,13,90,True,0.004128150621994676,0.999998149061132,1.8509388681058644e-06,0.9999933509350646,M6r,0.3425447525004545,0.9999993496549731,6.503450269537703e-07,0.9999952472901823,M0l,0.3425363270744605,0.23342261788237728,13,0.0038501823071719426,0.17127287496387764,0,6,0.9581831541930068,-1.0,True,0.0036734812467913497,1.083027209896101,0.4988905325443787
aff13_wu100k_m256_seed2,13,91,True,0.004506316643223084,0.9999984923421366,1.5076578635066709e-06,0.9999951342503411,M2r,0.34269074003578687,0.9999998867586795,1.1324132056013845e-07,0.999997963848766,M2l,0.3425495192837144,0.2336041718869017,13,0.003731706140188662,0.17134574817546425,2,2,0.9585089771721437,-1.0,True,0.0033631414370991373,1.0830530715469082,0.5020134779750164
aff13_wu100k_m256_seed2,13,92,True,0.003145193742076486,0.9999985997862119,1.4002137883780793e-06,0.9999951024096031,M0r,0.34263326969420094,0.9999995887088091,4.1129119079516626e-07,0.9999962144003945,M9l,0.3425992268647145,0.23371421982038318,13,0.004626315022850248,0.17131700676641834,9,0,0.9366152413450807,-1.0,True,0.003992727871353374,1.0830006060107207,0.5004930966469427
aff13_wu100k_m256_seed2,13,93,True,0.0032930792940606747,0.9999993656867769,6.343132233395644e-07,0.999992580238886,M5r,0.34285162139005276,0.9999993141389408,6.858610592332932e-07,0.9999963113271818,M10l,0.3426839500568133,0.2334643999234191,13,0.004280059414442278,0.17142599223542065,10,5,0.9345477494524551,-1.0,True,0.003976977663772545,1.083001918528019,0.500534188034188
aff13_wu100k_m256_seed2,13,94,True,0.004507896564601675,0.9999996190608659,3.809391340911527e-07,0.9999970164614758,M8r,0.34256489390469436,0.9999991309938389,8.690061614902236e-07,0.9999961050211666,M9l,0.3425794860934011,0.2335777760456183,13,0.003631746620189118,0.1712826101672118,9,8,0.9661068734116518,-1.0,True,0.0032047558806547038,1.083066270343279,0.4993836291913215
aff13_wu100k_m256_seed2,13,95,True,0.0026895697322518535,0.9999987400143214,1.2599856786965859e-06,0.9999925404510326,M6r,0.34253302277517517,0.9999986363702213,1.3636297786688947e-06,0.9999965565126259,M3l,0.3425563437311071,0.23341959471233428,13,0.0022070019039952425,0.17126679878869483,3,6,0.952481944525475,-1.0,True,0.0027769277957101126,1.0831019226836909,0.5004930966469427
aff13_wu100k_m256_seed2,13,96,True,0.005028400806025128,0.9999995067503102,4.93249689975157e-07,0.9999945930260064,M3r,0.3427074863540149,0.9999986657979196,1.33420208051734e-06,0.9999958135027137,M11l,0.34244456309088117,0.23349205579696056,13,0.0033417652743508125,0.17135403657645348,11,3,0.9545841462369232,-1.0,True,0.0032117702900820028,1.0830656858091599,0.49621959237343854
aff13_wu100k_m256_seed2,13,97,True,0.0033035538889912715,0.9999994458822183,5.541177816830426e-07,0.9999929855960472,M0r,0.34263125520666243,0.9999998309953086,1.6900469147022416e-07,0.9999964064774668,M0l,0.34254668647233844,0.23371136064085424,13,0.003974957594841892,0.17131574964954216,0,0,0.9302520596759759,-1.0,True,0.0036980635745458425,1.0830251613687878,0.5002465483234714
aff13_wu100k_m256_seed2,13,98,True,0.0026595412443292765,0.9999990546330532,9.453669468426504e-07,0.9999945171875853,M11r,0.34270463689988373,0.9999991404050691,8.595949309445346e-07,0.9999927537330536,M3l,0.342562349962019,0.23341478188854767,13,0.003921204206071686,0.17135279591581332,3,11,0.9380049307804779,-1.0,True,0.003796742953595473,1.0830169380872003,0.4995479947403024
aff13_wu100k_m256_seed2,13,99,True,0.004158778225933226,0.9999990158751794,9.8412482071341e-07,0.9999947783070379,M8r,0.3425699295628841,0.9999994448716518,5.551283482598852e-07,0.9999934328532684,M8l,0.34262397713682663,0.23356868869172,13,0.0035127346580875653,0.1712851835266984,8,8,0.9629094126972031,-1.0,True,0.003459052098362702,1.083045078991803,0.5
aff13_wu100k_m256_seed2,13,100,True,0.0033557350339698698,0.9999988677099413,1.1322900587385495e-06,0.9999904092533926,M6r,0.342555533911865,0.999999674385352,3.2561464771112337e-07,0.9999937250059748,M7l,0.34252709822194954,0.23342894931040173,13,0.005288673550466697,0.17127824553253782,7,6,0.9521487416585457,-1.0,True,0.004744550569973811,1.0829379541191688,0.4997534516765286
aff13_wu100k_m256_seed2,13,101,True,0.004130691887272436,0.9999978731181881,2.126881812127868e-06,0.9999950182410936,M8r,0.3425757373126349,0.9999996911165269,3.088834732372191e-07,0.9999968222472454,M5l,0.34246205438748567,0.23357371508030936,13,0.003081263900908221,0.17128826329729768,5,8,0.9465580551446039,-1.0,True,0.0029847889388856476,1.0830846009217596,0.5014792899408284
aff13_wu100k_m256_seed2,13,102,True,0.004787563706197106,0.9999995209908167,4.790091831778216e-07,0.9999959439526069,M3r,0.34270547279440583,0.9999996356856127,3.643143874005341e-07,0.9999967635745873,M6l,0.34244528720030665,0.23348578985700258,13,0.004056667258352311,0.17135294982371463,6,3,0.9447621307431503,-1.0,True,0.0034716357132673734,1.0830440303572277,0.4985618014464168
aff13_wu100k_m256_seed2,13,103,True,0.008851117754357388,2.668599722172813e-06,0.9999973314002794,3.529145986904604e-07,M11r,6.697814400158523e-07,4.122605475475164e-06,0.9999958773945259,1.4356240896737816e-06,M3l,1.2449237906141347e-06,0.3429449652824336,13,1.1453681808273994,0.1543935502391174,4,1,0.0003046775784837993,1.0,False,0.9999814708367133,1.0000015440969408,0.49215154503616043
aff13_wu100k_m256_seed2,13,104,True,0.0036610299104283747,0.9999995459215156,4.540784843291334e-07,0.9999936206352034,M4r,0.34241128816732436,0.9999977013622656,2.2986377343095585e-06,0.9999952809196481,M9l,0.3425929663183023,0.233583037548983,13,0.0038642922777335385,0.17120583615446258,9,4,0.9494762775227472,-1.0,True,0.0035663863417946993,1.0830361344715174,0.4998356344510191
aff13_wu100k_m256_seed2,13,105,False,7.69092243976489e-09,0.8378929690924057,0.16210703090759354,0.42062696769003327,M9r,0.2869187178048626,0.83987887820842,0.16012112179157928,0.27593560319095295,M3l,0.35027130684247665,0.23367816193298685,13,0.562766177058813,0.1711408377563946,10,12,0.04843831217074086,1.0,False,0.9987608264895533,1.0001032644592038,0.5065746219592373
aff13_wu100k_m256_seed2,13,106,True,0.0029141913437680717,0.9999976816412868,2.3183587133004305e-06,0.9999878172057204,M5r,0.342856963265619,0.9999995227993458,4.772006542551314e-07,0.9999959103251089,M3l,0.3425722747308779,0.23345935545404972,13,0.004423643881279441,0.17142910043830042,3,5,0.9465766682708642,-1.0,True,0.0042654873547914125,1.0829778760537676,0.5001643655489809
aff13_wu100k_m256_seed2,13,107,True,0.003403406802657719,0.9999992876127128,7.123872873140542e-07,0.9999938478440998,M7r,0.3426095819482734,0.9999996463919507,3.536080493299344e-07,0.9999960472165902,M7l,0.3425223113731019,0.2331882198068029,13,0.0012518058562780978,0.17130504925385118,7,7,0.9506771071537023,-1.0,True,0.0024041814752677475,1.0831329848770612,0.49979454306377386
aff13_wu100k_m256_seed2,13,108,True,0.0031205848481679873,0.9999996418419776,3.5815802238268673e-07,0.9999953252699169,M8r,0.3425777059180466,0.9999992463620332,7.536379669662148e-07,0.9999961715019521,M10l,0.34268561137324366,0.23358178126376666,13,0.0029267729036155797,0.17128885016378587,10,8,0.9609924105264578,-1.0,True,0.0029557642824838545,1.0830870196431264,0.5018080210387903
aff13_wu100k_m256_seed2,13,109,True,0.0054110680650961826,3.6091637572155837e-06,0.9999963908362369,9.383324098299422e-07,M11r,1.1644125609653531e-06,4.774083619948689e-06,0.9999952259163748,9.966653770716226e-07,M7l,1.2879931002578285e-06,0.25702027541431866,11,0.09893261045101784,0.2926473962814028,12,1,0.000575092332487289,1.0,False,0.9999885261206977,1.0000009561566083,0.5010683760683761
aff13_wu100k_m256_seed2,13,110,True,0.00281023275397762,0.9999997654255814,2.3457441863436434e-07,0.9999954998069873,M5r,0.3428657461702471,0.9999959214133401,4.0785866597681574e-06,0.9999907559220613,M5l,0.34245731752448466,0.2334729368083336,13,0.0026745960735682804,0.17143297545127623,5,5,0.9122756626272142,-1.0,True,0.003239272622855268,1.0830633939480951,0.5019312952005259
aff13_wu100k_m256_seed2,13,111,False,1.1449714856496156e-08,0.8844899830203325,0.11551001697966709,0.34367538958397315,M3r,0.45201704974387824,0.8324864730261036,0.16751352697389607,0.5385154580707189,M10l,0.30418889089306567,0.23349413384311113,13,0.21071075627998784,0.17104294360347005,10,10,0.08133279383587129,1.0,False,1.1713846195565925,0.985717948370284,0.5027942143326759
aff13_wu100k_m256_seed2,13,112,True,0.004444265980809094,0.9999994778114378,5.22188562005662e-07,0.9999939865529188,M7r,0.34260265284297176,0.999999350926058,6.490739420856903e-07,0.9999961000612435,M2l,0.3425564526098756,0.2331958203220049,13,0.003216056413144012,0.17130179854526006,2,7,0.9475437586533766,-1.0,True,0.003216080525653859,1.0830653266228625,0.4996301775147929
aff13_wu100k_m256_seed2,13,113,True,0.003904216917678285,0.9999996721551815,3.278448185049992e-07,0.9999956814390182,M4r,0.3424140943559983,0.9999988153078891,1.1846921110698308e-06,0.9999949542220953,M9l,0.3425889382533098,0.2335897131966198,13,0.004574320751511682,0.1712071630160726,9,4,0.9565439930776438,-1.0,True,0.00398819459116217,1.08300098378407,0.4990138067061144
aff13_wu100k_m256_seed2,13,114,True,0.0030772760817565268,0.9999991654474308,8.34552569117203e-07,0.9999945089724328,M12r,0.34262974436410704,0.9999985972601163,1.4027398839408758e-06,0.9999944906555578,M8l,0.34261469081446416,0.23349715674329363,13,0.0036830318445465245,0.17131513939321147,8,12,0.9525733409758145,-1.0,True,0.0035304904471385973,1.0830391257960716,0.5008629191321499
aff13_wu100k_m256_seed2,13,115,True,0.002682813098395426,0.9999985275844581,1.4724155420818057e-06,0.9999908900905471,M0r,0.34263779217906887,0.9999998626887121,1.3731128815835547e-07,0.9999946035263543,M6l,0.3424370630732188,0.23374003365716522,13,0.005060596849773221,0.1713193725385158,6,0,0.9094833483690457,-1.0,True,0.0045084282887382105,1.0829576309759383,0.5004109138724523
aff13_wu100k_m256_seed2,13,116,True,0.002912695278526724,0.9999984856742195,1.514325780501798e-06,0.9999917528854242,M11r,0.342690765809834,0.9999996006851827,3.9931481745936407e-07,0.9999953847888825,M2l,0.34255576719752284,0.2334189921008189,13,0.0015354871948167837,0.17134597384801326,2,11,0.9413245000199544,-1.0,True,0.0027671019850246717,1.083102741501248,0.49893162393162394
aff13_wu100k_m256_seed2,13,117,True,0.0027758128219215923,0.9999997195730504,2.804269497206093e-07,0.9999953499300432,M6r,0.3425283422266719,0.9999993332325167,6.667674830647914e-07,0.9999967186213523,M6l,0.34244874795355984,0.23343331933777509,13,0.0047452204943683055,0.17126428395948123,6,6,0.9213567599282961,-1.0,True,0.004095755934073072,1.0829920203388272,0.4998356344510191
aff13_wu100k_m256_seed2,13,118,True,0.004486704253300173,0.99999955087748,4.491225201195033e-07,0.9999949214278115,M5r,0.34286031348663987,0.999998763978871,1.2360211291976204e-06,0.9999922287022563,M3l,0.34256891622244584,0.23346160160754686,13,0.002854341566197622,0.17143049565760757,3,5,0.9616383015667933,-1.0,True,0.0032283459181023533,1.0830643045068247,0.501232741617357
aff13_wu100k_m256_seed2,13,119,True,0.00309026191247632,0.9999998173888609,1.8261113936526318e-07,0.9999961406007624,M2r,0.3426971707134693,0.999999592619223,4.07380776923304e-07,0.9999944765610774,M9l,0.34257800202426003,0.23360246673709256,13,0.0037731802757225603,0.17134888502494475,9,2,0.9488713402634981,-1.0,True,0.0034003562569072453,1.0830499703119243,0.49860289283366205
aff13_wu100k_m256_seed2,13,120,True,0.00473170013451046,0.9999999242206852,7.577931484000683e-08,0.9999965378158404,M5r,0.34286452832230035,0.9999998774142654,1.2258573467306482e-07,0.999997779044769,M7l,0.3425339457453369,0.2334570633990397,13,0.0032425156600812454,0.1714323564630151,7,5,0.9484783551291386,-1.0,True,0.002901342914790186,1.083091554757101,0.49991781722550954
aff13_wu100k_m256_seed2,13,121,True,0.002566970768026914,0.9999984675040232,1.5324959767893677e-06,0.9999925966133753,M10r,0.34239264110657147,0.9999996818458098,3.1815419010776915e-07,0.9999935811570955,M5l,0.3424683308066764,0.23353204909390535,13,0.0023371245324870786,0.17119684734357363,5,10,0.9269861604247103,-1.0,True,0.0030560324888359016,1.0830786639592638,0.5007807363576594
aff13_wu100k_m256_seed2,13,122,True,0.0045775892103154196,0.99999909673663,9.032633702286655e-07,0.9999925839598107,M0r,0.34262953935902646,0.9999976317674706,2.3682325296774068e-06,0.999994429125293,M9l,0.3425820637868924,0.23371675766054123,13,0.0036518518866286913,0.17131512580184385,9,0,0.9610975211335947,-1.0,True,0.003624241687124626,1.0830313131927396,0.4987261669953978
aff13_wu100k_m256_seed2,13,123,True,0.004105954526534593,0.9999986709197715,1.3290802284977671e-06,0.9999940640673892,M3r,0.34271070574692897,0.9999990526382649,9.473617351035615e-07,0.9999945900855065,M10l,0.3426909802028208,0.2334904976964514,13,0.0036977774321579346,0.1713557202198492,10,3,0.9507126055945578,-1.0,True,0.003567573768445518,1.083036035519296,0.49732905982905984
aff13_wu100k_m256_seed2,13,124,True,0.0037263208268160744,0.9999998455420299,1.544579700148935e-07,0.9999946226242175,M12r,0.3426347681781071,0.9999975522272596,2.447772740233428e-06,0.9999943572093037,M5l,0.3424570158859313,0.23350230493665916,13,0.0011201873095463344,0.17131752600670377,5,12,0.9427424039299518,-1.0,True,0.0024140366511532503,1.0831321636124038,0.4954799474030243
aff13_wu100k_m256_seed2,13,125,True,0.004708436729941789,0.9999982531134454,1.7468865546858605e-06,0.9999945882178113,M10r,0.3423793425307433,0.9999995224960195,4.775039807227377e-07,0.9999969006306912,M7l,0.3425298624625646,0.23353038295125442,13,0.0040203979322801,0.1711901045760865,7,10,0.9630373532829575,-1.0,True,0.0036401396229505754,1.083029988364754,0.5006163708086785
aff13_wu100k_m256_seed2,13,126,True,0.0031460447959292754,0.9999995765817743,4.2341822586876097e-07,0.9999938563562525,M4r,0.34241503544868795,0.9999989266351511,1.073364848836149e-06,0.9999958815704172,M10l,0.34269084770750696,0.2335776267300953,13,0.003418827499830088,0.17120761315323488,10,4,0.9507769444927656,-1.0,True,0.0033558725051373614,1.0830536772912385,0.5001232741617357
aff13_wu100k_m256_seed2,13,127,True,0.0056108201530499415,0.9999988308382777,1.1691617224596274e-06,0.9999957204100093,M10r,0.34237654034450254,0.9999985414943675,1.4585056325024023e-06,0.99999395134809,M3l,0.34257094029112206,0.23352379405785365,13,0.002903035377660421,0.1711885206521385,3,10,0.9596262052583051,-1.0,True,0.003098454415344581,1.0830751287987215,0.5004930966469427
aff13_wu100k_m256_seed2,13,128,True,0.004309617768684395,0.9999997779990337,2.220009661350352e-07,0.9999958571773873,M3r,0.3427117292478093,0.9999990087381011,9.912618989699082e-07,0.9999968838291069,M5l,0.34245437742025575,0.23349355247427467,13,0.0032491000699782727,0.1713560047509882,5,3,0.9367494586160341,-1.0,True,0.0030591060095790483,1.0830784078325353,0.4962606837606838
aff13_wu100k_m256_seed2,13,129,True,0.0030982590845281283,0.9999979344624026,2.06553759756664e-06,0.9999916882593157,M4r,0.342423007442361,0.9999996883384338,3.1166156631066933e-07,0.999997380557143,M2l,0.3425585814839709,0.23358136421509773,13,0.004145015920912746,0.1712119174136879,2,4,0.9512839726742127,-1.0,True,0.0037444900951473766,1.0830212924920712,0.4992603550295858
aff13_wu100k_m256_seed2,13,130,True,0.004938840193999929,0.9999992008543579,7.991456420119952e-07,0.999995487504403,M3r,0.34270919695772994,0.9999999326223484,6.737765168613564e-08,0.9999961245240734,M2l,0.3425598184064267,0.23348991974131367,13,0.0032181143418420774,0.17135494567544973,2,3,0.9586327860654519,-1.0,True,0.003080034719652101,1.0830766637733622,0.4982741617357002
aff13_wu100k_m256_seed2,13,131,True,0.004268172766104307,0.9999987295365677,1.2704634326984988e-06,0.9999955861864526,M8r,0.3425674342985555,0.9999986563003891,1.3436996109140496e-06,0.999993659096952,M3l,0.34256411086004457,0.23357991381036636,13,0.0027190544950209377,0.17128395383707345,3,8,0.9622650244422122,-1.0,True,0.0029892627241933194,1.0830842281063169,0.49991781722550954
aff13_wu100k_m256_seed2,13,132,True,0.005115404409630861,4.1396598299798446e-06,0.9999958603401641,1.1882535018390803e-06,M7r,1.1969710892530343e-06,7.07474549390266e-06,0.9999929252545009,1.4133144089936428e-06,M10l,2.3323870958692966e-06,0.25144798357573894,13,0.5106256443513051,0.25563563017291296,2,10,0.0005857499687958918,-1.0,False,0.9999968838650286,1.0000002596779143,0.5016847468770546
aff13_wu100k_m256_seed2,13,133,True,0.003091769100667941,0.999998457673304,1.5423266960731058e-06,0.9999945320994725,M3r,0.34271227947725164,0.9999984162609851,1.583739014960881e-06,0.9999934775825178,M7l,0.3425289317304619,0.23348321696702062,13,0.00331263009057268,0.17135637616407068,7,3,0.9179717224783762,-1.0,True,0.0033827431388168843,1.083051438071765,0.5002465483234714
aff13_wu100k_m256_seed2,13,134,True,0.0045729247394928636,0.9999989733273742,1.0266726256708894e-06,0.9999961885363807,M12r,0.3426197887116418,0.999998663990406,1.3360095938366513e-06,0.9999949678083754,M9l,0.3425954709130717,0.233491713732621,13,0.004306568217028247,0.17131021692612397,9,12,0.9679208423124445,-1.0,True,0.0037929956666945043,1.0830172503611086,0.4995479947403024
aff13_wu100k_m256_seed2,13,135,True,0.004372982770344688,0.9999992832559217,7.167440785254801e-07,0.9999961008871329,M5r,0.3428560596014599,0.9999997499778173,2.5002218296148635e-07,0.9999969136847092,M6l,0.342441796400343,0.23345951013340463,13,0.00344515083923224,0.17142832372723124,6,5,0.9488895090594155,-1.0,True,0.003053643008937134,1.0830788630825885,0.49991781722550954
aff13_wu100k_m256_seed2,13,136,True,0.004332791597787003,0.9999998813331707,1.1866682926651037e-07,0.9999953071997392,M7r,0.34260310241533276,0.9999994767951143,5.232048856236548e-07,0.9999966627095909,M6l,0.34243667443282944,0.23318929812569622,13,0.004239454887321453,0.1713015628908354,6,7,0.9574359922119716,-1.0,True,0.0037028175113374335,1.0830247652073883,0.5001232741617357
aff13_wu100k_m256_seed2,13,137,True,0.006480750253621414,3.6387064662023146e-06,0.9999963612935282,7.265413247158917e-07,M12r,1.1959181525365605e-06,5.678141287890846e-06,0.9999943218587058,9.461238812433701e-07,M0l,1.2819660316549406e-06,0.21916256961782307,13,0.2048066712707668,0.2212646369632235,10,8,0.0005548766819695989,1.0,False,0.9999951310667052,1.0000004057444414,0.5016847468770546
aff13_wu100k_m256_seed2,13,138,True,0.004499390922637093,0.9999987272811047,1.2727188953006405e-06,0.9999945504902741,M10r,0.34238293716682083,0.9999972277906632,2.772209336791967e-06,0.9999923822351836,M8l,0.34262801793241576,0.23352984013734832,13,0.0030171536262346837,0.1711918919989972,8,10,0.951629285629907,-1.0,True,0.003358322138875354,1.0830534731550936,0.5004109138724523
aff13_wu100k_m256_seed2,13,139,False,7.935748519879589e-09,0.9019497965972665,0.0980502034027331,0.2588823335203546,M11r,0.475407626163907,0.8975616080909078,0.10243839190909165,0.4979761994544771,M11l,0.39468716955677047,0.23294878369918695,13,1.0562789314782406,0.1712186171875739,2,7,0.05122058129424091,1.0,False,0.9945786110935113,1.000451782408874,0.5027531229454306
aff13_wu100k_m256_seed2,13,140,True,0.003283305293164455,0.9999982872110462,1.7127889539465362e-06,0.9999938519719868,M6r,0.34254882358521876,0.9999974714226678,2.5285773322999972e-06,0.9999916939426955,M8l,0.3426074843335615,0.23342139494615508,13,0.005329263786875763,0.17127497030674765,8,6,0.9577898790311196,-1.0,True,0.004815347650337071,1.0829320543624719,0.4995479947403024
aff13_wu100k_m256_seed2,13,141,True,0.0046840777835533975,0.9999994445590137,5.554409865056112e-07,0.9999948656213065,M6r,0.34255611151583215,0.9999997094663785,2.9053362144837086e-07,0.9999949864827908,M9l,0.34259369276715945,0.23342248115881076,13,0.0011796915661953298,0.17127823696368544,9,6,0.9703404963464735,-1.0,True,0.002384150609221948,1.0831346541158982,0.49930144641683105
aff13_wu100k_m256_seed2,13,142,True,0.0030743853633165242,0.9999988909463886,1.1090536114328254e-06,0.9999922528268165,M9r,0.34282837681594686,0.9999988435448172,1.156455182707835e-06,0.9999937587883273,M3l,0.34256929203775305,0.23360950345385212,13,0.003825108694345369,0.17141437289487238,3,9,0.9520533138461156,-1.0,True,0.0037904423401050238,1.0830174631383245,0.49942472057856674
aff13_wu100k_m256_seed2,13,143,True,0.0040098533293733635,4.073664149740572e-06,0.9999959263358449,6.871346640468488e-07,M1r,1.5264544718088957e-06,6.730392418381124e-06,0.9999932696075762,1.5553649289625674e-06,M8l,2.1037274961169266e-06,0.3052139563931434,13,0.6593790235313542,0.18426994700203675,9,0,0.0005722235045941055,-1.0,False,0.9999934681874125,1.0000005443177158,0.49737015121630507
aff13_wu100k_m256_seed2,13,144,True,0.004808998277057701,0.999999580472807,4.195271930410642e-07,0.9999955955210362,M2r,0.3426935560317093,0.9999996912694332,3.0873056704528924e-07,0.9999962404374719,M9l,0.34258308087769634,0.23360496894901625,13,0.0031103006254733106,0.1713470444148401,9,2,0.9670961040185136,-1.0,True,0.003010053593500049,1.0830824955338751,0.5001643655489809
aff13_wu100k_m256_seed2,13,145,True,0.0026928072506267214,0.999998667695642,1.3323043579384623e-06,0.9999925320307357,M3r,0.34269704841483584,0.9999978718631238,2.1281368763816836e-06,0.9999937932105305,M3l,0.34255709867524275,0.23349386925005883,13,0.003656211637599418,0.17134873152148294,3,3,0.9166541077139337,-1.0,True,0.0036887637876648264,1.0830259363510282,0.4996301775147929
aff13_wu100k_m256_seed2,13,146,True,0.0029612297876284084,0.9999993617092146,6.382907855721231e-07,0.9999940993609298,M3r,0.3427448511287342,0.9999983662778837,1.633722116375782e-06,0.9999943760286641,M9l,0.34258016656650664,0.23349839633800185,13,0.002559888927144798,0.17137264796515078,9,3,0.9229683380926874,-1.0,True,0.0030511743088496024,1.083079068807596,0.502465483234714
aff13_wu100k_m256_seed2,13,147,True,0.0028154451269545165,0.999999438015246,5.619847540909811e-07,0.9999941285077679,M2r,0.34270126408848534,0.9999992180569915,7.819430085435097e-07,0.9999934688928808,M2l,0.3425505137009565,0.23359455440679874,13,0.0027736304287447086,0.17135091669163446,2,2,0.9367179613118682,-1.0,True,0.0032107483637835816,1.0830657709696847,0.498068704799474
aff13_wu100k_m256_seed2,13,148,True,0.003908969360745934,0.999998582082065,1.4179179349658876e-06,0.9999927670835908,M4r,0.3424248865314163,0.9999993600539275,6.399460726784391e-07,0.9999962821167634,M3l,0.34256311271400763,0.2335780541107687,13,0.003653808753812113,0.17121269494575442,3,4,0.9545452200710853,-1.0,True,0.003487715436687013,1.0830426903802757,0.5012738330046023
aff13_wu100k_m256_seed2,13,149,True,0.0031949973418935245,0.9999979756866957,2.0243133043644514e-06,0.9999934376403115,M10r,0.34236709197717885,0.9999985411637006,1.458836299329341e-06,0.999994560010733,M8l,0.34261164336436667,0.2335200876330571,13,0.0037524009694731015,0.17118400106207765,8,10,0.9495598876022668,-1.0,True,0.003645472742241872,1.0830295439381465,0.4995069033530572
aff13_wu100k_m256_seed2,13,150,True,0.004828288301952184,0.9999978871874597,2.112812540329619e-06,0.9999944965212154,M6r,0.34257284414536565,0.9999993872507907,6.127492094678928e-07,0.9999961634282603,M5l,0.34246948596645044,0.23342624348072444,13,0.002093393149039371,0.17128710942551087,5,6,0.9568634094041986,-1.0,True,0.0025832722337772954,1.083118060647185,0.4985207100591716
aff13_wu100k_m256_seed2,13,151,True,0.003514726700375723,0.9999990949889802,9.050110198903258e-07,0.9999920999879687,M12r,0.3426315134686901,0.9999994746220565,5.253779434679386e-07,0.999996465513536,M7l,0.3425251861662011,0.23350262901630045,13,0.003808342709266767,0.17131607969454074,7,12,0.939751308250628,-1.0,True,0.0036231991354567844,1.0830314000720453,0.500534188034188
aff13_wu100k_m256_seed2,13,152,True,0.0045741017543997255,0.999998580266169,1.4197338311319196e-06,0.9999934982945593,M8r,0.34256734411130707,0.9999996747581048,3.2524189499311226e-07,0.9999972128778724,M10l,0.3426843348702605,0.23358786743017732,13,0.0028840106922985178,0.17128401976996624,10,8,0.9638004282914139,-1.0,True,0.003031886351092265,1.0830806761374092,0.4993836291913215
aff13_wu100k_m256_seed2,13,153,True,0.010271627859557328,4.532426638692937e-06,0.9999954675733512,9.654616109793937e-07,M6r,1.338717271896291e-06,6.292689194708594e-06,0.9999937073107952,1.0436430781459262e-06,M10r,1.5550634785932454e-06,0.3335611246641209,13,0.32718151183650335,0.16371688411797242,5,11,0.00020785139648096774,-1.0,False,0.9999958560452866,1.0000003453295594,0.5118754109138725
aff13_wu100k_m256_seed2,13,154,True,0.003003660383296543,0.9999991772929824,8.227070176595456e-07,0.999989390517037,M8r,0.3425756674226418,0.9999991404222185,8.595777812626856e-07,0.9999965252219405,M2l,0.3425518109008704,0.23358941283491377,13,0.002186731325474595,0.1712881153466297,2,8,0.963938387398243,-1.0,True,0.0031024352823883264,1.083074797059801,0.49946581196581197
aff13_wu100k_m256_seed2,13,155,True,0.005676093838861185,0.9999992180939633,7.819060368716545e-07,0.9999945373474677,M11r,0.3427004331681674,0.9999995781904114,4.21809588630954e-07,0.9999972812798483,M11l,0.34245340596899787,0.23340392581595298,13,0.002480350994590168,0.17135079595177619,11,11,0.9616380119342502,-1.0,True,0.0026698439414226376,1.0831108463382144,0.49782215647600264
aff13_wu100k_m256_seed2,13,156,False,4.628661231685535e-09,0.8455927141575172,0.15440728584248153,0.2698767649409632,M8r,0.357620497031347,0.7100384531831947,0.2899615468168041,0.24027971194236936,M10l,0.32868961916621353,0.23387846486560976,13,0.16689738820895117,0.17080647099876453,3,0,0.043131912629176844,1.0,False,0.9872492983025348,1.0010625584747888,0.5043556870479947
aff13_wu100k_m256_seed2,13,157,True,0.0027983206823099837,0.999999340256329,6.59743671142707e-07,0.9999962558207757,M9r,0.3428300108800246,0.9999986590773124,1.3409226876467977e-06,0.9999946239218089,M6l,0.34244878352719105,0.2336093982389654,13,0.0034870775141226497,0.17141519296368485,6,9,0.9259479762653805,-1.0,True,0.003286790896670549,1.0830594340919442,0.4990138067061144
aff13_wu100k_m256_seed2,13,158,True,0.0023938090631173995,0.9999997334531703,2.665468297252523e-07,0.9999952147014749,M0r,0.34262752480261816,0.9999995899888044,4.100111956548314e-07,0.9999961269429781,M5l,0.3424496003925215,0.23374340683795997,13,0.004261109429222067,0.17131394522764948,5,0,0.9193269662618396,-1.0,True,0.0037187272392974167,1.0830234393967253,0.5014381985535832
aff13_wu100k_m256_seed2,13,159,True,0.004646119306452982,4.650337347075719e-06,0.9999953496626475,8.546284214526776e-07,M0r,1.3145397661095878e-06,6.641809307056223e-06,0.9999933581906874,1.509640079877566e-06,M0l,2.532619696675609e-06,0.18405215760084806,13,0.41164171300342656,0.16130990815657217,11,11,0.0007239302124280221,-1.0,False,1.0000109697750552,0.9999990858520788,0.49831525312294545
aff13_wu100k_m256_seed2,13,160,False,5.630483414589148e-09,0.8822227148304357,0.11777728516956387,0.2674686491334473,M3r,0.47956498424177096,0.8802307539255289,0.11976924607447059,0.2462079469369742,M8l,0.3765638375714801,0.2325644077317859,13,0.19690306906848806,0.17130450180106832,3,6,0.05556158265548757,1.0,False,0.9826696085237574,1.001444199289687,0.5067389875082183
aff13_wu100k_m256_seed2,13,161,True,0.002999932268097313,0.9999978078620622,2.192137937989107e-06,0.9999903646561181,M2r,0.3426953198175775,0.9999995614262499,4.385737501553032e-07,0.9999948791462253,M8l,0.3426254267959367,0.23359861681378327,13,0.0031399587529671443,0.17134833548137685,8,2,0.9625660666953931,-1.0,True,0.0035120076048974543,1.0830406660329248,0.49942472057856674
aff13_wu100k_m256_seed2,13,162,True,0.003324876665125994,0.9999975781315793,2.4218684208782646e-06,0.9999899593715879,M11r,0.3427010720788281,0.9999982057488365,1.7942511636872176e-06,0.9999954104163414,M8l,0.3426199858743619,0.23339957326439056,13,0.004523965710397653,0.17135124627729179,8,11,0.9435230727275918,-1.0,True,0.004323222290278157,1.0829730648091436,0.5010683760683761
aff13_wu100k_m256_seed2,13,163,True,0.003175405883241659,0.9999985162670608,1.4837329393246265e-06,0.9999949745251628,M8r,0.3425711876807518,0.999998810298191,1.1897018091179814e-06,0.9999961910031595,M3l,0.342563369428836,0.23357994942137386,13,0.0045638555614837175,0.17128608840321127,3,8,0.9498196823040475,-1.0,True,0.003909454470137901,1.083007545460822,0.4988494411571335
aff13_wu100k_m256_seed2,13,164,True,0.005621551370038535,0.9999995252319402,4.74768059693138e-07,0.9999955262289846,M0r,0.34263261044153814,0.9999992288309162,7.71169083824737e-07,0.9999972180001374,M3l,0.34255498785514765,0.23371897976543027,13,0.0034841987413795506,0.171316533181299,3,0,0.9610600522830327,-1.0,True,0.0031639634234342322,1.083069669714714,0.5020134779750164
aff13_wu100k_m256_seed2,13,165,True,0.004207893412700131,0.9999990122135676,9.877864325522073e-07,0.999995179761624,M12r,0.3426288157317414,0.9999994642198007,5.357801993669159e-07,0.9999965716265944,M6l,0.342446380529516,0.23351263660904736,13,0.003817347299358874,0.17131473606170647,6,12,0.9475344370117298,-1.0,True,0.003369211500261599,1.0830525657083114,0.4991781722550953
aff13_wu100k_m256_seed2,13,166,True,0.003199885533576097,0.9999966094261428,3.3905738575443865e-06,0.999991898254502,M10r,0.34237689870681426,0.9999996059592973,3.9404070294641295e-07,0.9999953207014078,M7l,0.3425266041405333,0.23352766277756273,13,0.00517755261495665,0.17118911786797608,7,10,0.9480587027430475,-1.0,True,0.004509552335236751,1.082957537305397,0.5007396449704142
aff13_wu100k_m256_seed2,13,167,True,0.003620956686883182,0.9999982571102264,1.742889773814475e-06,0.9999925705387697,M8r,0.3425658516667488,0.9999992354008328,7.645991672316345e-07,0.9999950359547112,M8l,0.34261771377667133,0.2335797966096822,13,0.0045046338354956805,0.17128326508299238,8,8,0.9578271399667696,-1.0,True,0.004090013959776906,1.0829924988366852,0.5008218277449047
aff13_wu100k_m256_seed2,13,168,True,0.008533462550904588,2.869419832252706e-06,0.9999971305801695,4.5716673819769345e-07,M10l,5.894098058722754e-07,3.99270639751853e-06,0.9999960072936043,9.988291584895933e-07,M3l,1.2410008108683956e-06,0.26812628623591406,12,0.6508074583541335,0.13560178777950554,9,7,0.00025612577396431777,-1.0,False,0.9999898761013178,1.0000008436582233,0.4835223537146614
aff13_wu100k_m256_seed2,13,169,True,0.0029731206917010663,0.9999996025238815,3.974761186641145e-07,0.9999939772596084,M7r,0.3426056041284609,0.9999988088618625,1.1911381374527049e-06,0.9999938564915722,M6l,0.3424456554921192,0.2331820695743201,13,0.005096558413511018,0.17130300254546982,6,7,0.9121504412618122,-1.0,True,0.004421519803440302,1.0829648733497133,0.5001232741617357
aff13_wu100k_m256_seed2,13,170,False,6.746908012020335e-09,0.7390416267356802,0.2609583732643195,0.2642064396681829,M7r,0.25338288450953117,0.4852791497280242,0.514720850271973,0.13694924679823395,M0l,0.16609404790148152,0.2340337839658103,13,0.3696698413126781,0.1718133167748765,9,12,0.060433956580367834,1.0,False,0.9926386564124116,1.0006134452989657,0.5033694937541091
aff13_wu100k_m256_seed2,13,171,True,0.004176840015304868,0.999999465182875,5.348171251181315e-07,0.9999928131462544,M5r,0.34285845567279183,0.9999998330108236,1.6698917676819656e-07,0.9999956087044629,M0l,0.34253811882599594,0.2334672007035625,13,0.0032993719053432103,0.17142945509370777,0,5,0.9590102760485109,-1.0,True,0.0033103598647849946,1.0830574700112678,0.4991781722550953
aff13_wu100k_m256_seed2,13,172,True,0.004301305091817239,0.9999985457616207,1.4542383794441273e-06,0.9999929591196913,M11r,0.34269862333554696,0.9999997356173299,2.643826701034119e-07,0.9999958699727728,M0l,0.34253849639757655,0.23340730296280435,13,0.004668612314920205,0.17134987044383845,0,11,0.952492261637963,-1.0,True,0.004157010786261377,1.0829869157678116,0.49942472057856674
aff13_wu100k_m256_seed2,13,173,True,0.0026574295227791566,0.9999995274280162,4.725719837590669e-07,0.9999952386095733,M9r,0.3428134129472183,0.9999987254097974,1.2745902027018122e-06,0.9999912950540423,M11l,0.3424597287629934,0.23361952068163364,13,0.0006151077296245283,0.17140696368282804,11,9,0.9246660487183027,-1.0,True,0.0025577414614179747,1.0831201882115484,0.5003698224852071
aff13_wu100k_m256_seed2,13,174,True,0.004751350281340423,0.999999690497438,3.095025619820938e-07,0.9999949608675299,M5r,0.3428691460437673,0.999999197853482,8.021465181438242e-07,0.9999967882539372,M10l,0.3426759904839435,0.23346688390722406,13,0.002851198175113803,0.1714347964197212,10,5,0.9626364865894614,-1.0,True,0.0028876303172622637,1.0830926974735613,0.49893162393162394
aff13_wu100k_m256_seed2,13,175,True,0.003192982898273835,0.9999983236424869,1.6763575131042116e-06,0.9999938389425497,M11r,0.3427053574139372,0.9999992928370116,7.071629884743561e-07,0.9999969685680714,M10l,0.34268141762957993,0.2333932434158533,13,0.0025527744880364783,0.17135328254111643,10,11,0.9290385360800096,-1.0,True,0.00283222257639449,1.0830973147853005,0.5014792899408284
aff13_wu100k_m256_seed2,13,176,True,0.004836330095949628,0.999999780452201,2.1954779910437763e-07,0.9999943085809602,M11r,0.3427073648877073,0.999999457379162,5.42620837990228e-07,0.9999963440885912,M9l,0.3425950293527535,0.2334003930453879,13,0.0034559309012773495,0.17135398925466697,9,11,0.9653092917169198,-1.0,True,0.003292828125235052,1.0830589309895637,0.49921926364234054
aff13_wu100k_m256_seed2,13,177,True,0.0034617584335559027,0.9999993133137576,6.866862424634381e-07,0.9999934974391356,M4r,0.3424266335542778,0.9999994138431743,5.861568255667081e-07,0.9999951912491954,M0l,0.34253424154820517,0.2335839000183267,13,0.0026728077919393614,0.1712136057737448,0,4,0.9477781478831024,-1.0,True,0.0030646751904746957,1.0830779437341271,0.4993425378040763
aff13_wu100k_m256_seed2,13,178,True,0.0033678140979637363,0.9999981235775275,1.876422472638345e-06,0.999991620747331,M11r,0.34269209050308036,0.9999990870337422,9.129662578200366e-07,0.9999954375111493,M9l,0.34259306349827306,0.23342276725734692,13,0.0019756428823122247,0.1713464869659586,9,11,0.9471314137439268,-1.0,True,0.0028370784119425485,1.0830969101323382,0.5020545693622617
aff13_wu100k_m256_seed2,13,179,True,0.005898609333496998,3.2955996348852362e-06,0.9999967044003594,7.764302854789429e-07,M5r,8.271853176500985e-07,4.3265853861634015e-06,0.9999956734146088,7.319296190219771e-07,M7l,1.2185218242532385e-06,0.2637961717282975,13,0.11616666472525973,0.1433944076510261,8,9,0.0007236470908006774,-1.0,False,0.9999965110040651,1.000000290749661,0.4980276134122288
aff13_wu100k_m256_seed2,13,180,True,0.0035827806214389665,0.9999996802571579,3.19742842225411e-07,0.9999954420253264,M4r,0.3424282151072251,0.9999993549087401,6.450912599516208e-07,0.9999936998755596,M0l,0.34252977015078184,0.23358004525501894,13,0.002389564737678136,0.1712141956832273,0,4,0.9413570969773348,-1.0,True,0.0028583618632612275,1.083095136511395,0.5011505588428665
aff13_wu100k_m256_seed2,13,181,True,0.004735150929468055,0.9999993790140762,6.209859240136489e-07,0.9999962050246228,M7r,0.3426114259878881,0.9999981259152143,1.8740847856002482e-06,0.9999955390082146,M7l,0.34252794081816906,0.23319078239463314,13,0.0044372310554519085,0.1713059623229425,7,7,0.9685443604249041,-1.0,True,0.0038452974213713715,1.0830128918815525,0.5000821827744905
aff13_wu100k_m256_seed2,13,182,True,0.003929132450772394,0.9999985425011187,1.4574988813666493e-06,0.9999938134341921,M7r,0.342598615582178,0.9999986022893077,1.3977106923206714e-06,0.9999940220718297,M5l,0.3424547950502425,0.23319731941158284,13,0.0036257875786424414,0.17129970912111692,5,7,0.9451218164586009,-1.0,True,0.0035390008583006394,1.0830384165951417,0.4985618014464168
aff13_wu100k_m256_seed2,13,183,True,0.004262655109788384,0.999998982647415,1.0173525847866587e-06,0.9999938134265645,M3r,0.34270186405605996,0.9999985877143251,1.412285674920312e-06,0.9999939655861364,M3l,0.342572857984909,0.23348795292132984,13,0.004372052687874847,0.17135117541764877,3,3,0.9456050847380427,-1.0,True,0.004003414731865427,1.0829997154390114,0.49942472057856674
aff13_wu100k_m256_seed2,13,184,True,0.004405180143854138,0.9999993815449999,6.184550004513489e-07,0.9999957307944808,M8r,0.3425887448138601,0.9999993277967212,6.722032789528077e-07,0.9999964455566127,M2l,0.3425539204253183,0.23357195819637153,13,0.0032767611041506156,0.1712946798792806,2,8,0.9513740677479485,-1.0,True,0.0030689842560706728,1.0830775846453276,0.4996712689020381
aff13_wu100k_m256_seed2,13,185,True,0.0032011343697790832,0.9999989048078808,1.0951921193576156e-06,0.9999937027744442,M6r,0.3425493735643401,0.9999984049698846,1.5950301154812395e-06,0.9999943091636642,M9l,0.3425878833348428,0.23344193934596744,13,0.004774710584974842,0.1712749208281673,9,6,0.9559697961785952,-1.0,True,0.0043235477296617525,1.0829730376891948,0.4993836291913215
aff13_wu100k_m256_seed2,13,186,True,0.0037416946746316295,0.9999987140756272,1.2859243729988714e-06,0.9999935932143686,M10r,0.3423876140950901,0.9999996314040959,3.685959042896067e-07,0.9999963489557353,M5l,0.34246613111032964,0.2335403871485669,13,0.0031948589195364657,0.1711942368588794,5,10,0.9469146098156352,-1.0,True,0.0031746019693410484,1.0830687831692218,0.4981508875739645
aff13_wu100k_m256_seed2,13,187,True,0.002746485946068732,0.9999998793601294,1.2063987071487196e-07,0.9999895983932774,M5r,0.34285781755640293,0.9999981491212543,1.8508787459756196e-06,0.9999937979271875,M6l,0.34244500349683954,0.23346021359515132,13,0.0026494963541360225,0.1714290083257721,6,5,0.932255705487981,-1.0,True,0.0034140307828799546,1.0830488307680932,0.5009861932938856
aff13_wu100k_m256_seed2,13,188,True,0.0036693251330063396,0.9999994754900495,5.245099506494015e-07,0.9999957387696179,M8r,0.3425688506877488,0.9999977898244572,2.210175542980533e-06,0.9999940133884858,M7l,0.34252773383840696,0.23359466939550447,13,0.0029817159111898686,0.1712845417214131,7,8,0.9515118383037279,-1.0,True,0.003155130560956843,1.083070405786587,0.4998767258382643
aff13_wu100k_m256_seed2,13,189,True,0.004417579498134783,0.9999991049509062,8.950490940088119e-07,0.9999970887219338,M10r,0.342391388168496,0.9999989559306105,1.0440693896388601e-06,0.9999967327724351,M2l,0.3425509762512383,0.23353308290090488,13,0.001868306842437526,0.17119604715946976,2,10,0.9607764709308699,-1.0,True,0.002191212622013995,1.0831507322814986,0.501232741617357
aff13_wu100k_m256_seed2,13,190,True,0.0028588627743948722,0.999998662818078,1.3371819220336413e-06,0.9999934181630626,M10r,0.3423728386059539,0.9999989089257904,1.0910742097895386e-06,0.9999936532767767,M10l,0.3426718855382972,0.23352649129822378,13,0.0032001050434325266,0.1711868458724676,10,10,0.9430651630717731,-1.0,True,0.0034047502623739505,1.0830496041448023,0.49995890861275477
aff13_wu100k_m256_seed2,13,191,True,0.005650144712572657,0.9999992156668625,7.843331377770376e-07,0.9999952972660706,M12r,0.3426121147856666,0.9999994294856271,5.705143729904236e-07,0.999996871603884,M3l,0.3425675160716852,0.23349531671844687,13,0.0039007437375027307,0.17130627347001304,3,12,0.9607604109889042,-1.0,True,0.0033748954040727277,1.083052092049661,0.4988905325443787
aff13_wu100k_m256_seed2,13,192,True,0.002862586508492866,0.9999997212874316,2.7871256853406077e-07,0.9999901078697075,M7r,0.34261022533586094,0.9999991277802514,8.722197486636452e-07,0.9999949081145938,M3l,0.342556940542967,0.23317140248789453,13,0.0030219459923730434,0.17130532750582506,3,7,0.9398436843335879,-1.0,True,0.0035451375856096166,1.0830379052011994,0.5
aff13_wu100k_m256_seed2,13,193,True,0.005657616545078883,0.9999996669601571,3.330398430067849e-07,0.9999960810041326,M5r,0.34285419908325676,0.9999994598403545,5.401596454538815e-07,0.9999964328819243,M11l,0.3424542923758996,0.23345636818984475,13,0.0029895509760554328,0.17142719025809589,11,5,0.9597966044546896,-1.0,True,0.0028432783639728964,1.083096393469669,0.4995069033530572
aff13_wu100k_m256_seed2,13,194,True,0.0044343855761674045,0.9999988342310839,1.165768916144576e-06,0.9999958282461081,M10r,0.34239429188265014,0.9999997389805878,2.6101941245559073e-07,0.9999950767347487,M0l,0.3425285890921416,0.23352768680260186,13,0.0021607028984106506,0.17119754013823066,0,10,0.9558930648522203,-1.0,True,0.002619054369429399,1.0831150788025474,0.5003287310979618
aff13_wu100k_m256_seed2,13,195,True,0.004777844705882176,0.9999988880983617,1.1119016384449836e-06,0.999994555989778,M2r,0.34270268752290184,0.9999990224569293,9.775430707520428e-07,0.9999964027339526,M11l,0.34244072738671233,0.2335996882396954,13,0.003002661683394202,0.17135171093840867,11,2,0.9672623414432429,-1.0,True,0.002980964159488082,1.0830849196533758,0.5004930966469427
aff13_wu100k_m256_seed2,13,196,True,0.004753311364909143,2.960690521200342e-06,0.9999970393094735,6.18934485930357e-07,M4r,7.290474144773924e-07,7.396848787164181e-06,0.9999926031512074,1.4250837239868343e-06,M6r,2.5232346291880942e-06,0.2681734873700078,13,0.7127887672200132,0.188829361115843,2,10,0.0002615584460917709,1.0,False,0.9999921438056683,1.000000654682861,0.5014792899408284
aff13_wu100k_m256_seed2,13,197,True,0.008601588828271566,2.8282396369932563e-06,0.9999971717603648,4.988755662446817e-07,M6r,6.207841364864377e-07,4.138708810687419e-06,0.9999958612911911,7.82329701075606e-07,M3l,1.23477634675902e-06,0.2525554082652794,13,0.4410162208846,0.20754534578269623,12,1,0.00016681196356608952,1.0,False,0.9999986328663039,1.0000001139278079,0.514258711374096
aff13_wu100k_m256_seed2,13,198,True,0.002671781217978618,0.9999979153071192,2.084692880729177e-06,0.9999926404235656,M8r,0.34257730302643186,0.9999981334529822,1.8665470178934148e-06,0.9999925841117868,M11l,0.3424472173563337,0.23357559893712407,13,0.0017751310243338235,0.1712890226011964,11,8,0.9451458130810466,-1.0,True,0.0029943529844854723,1.0830838039179596,0.5004930966469427
aff13_wu100k_m256_seed2,13,199,True,0.004086459636108447,0.9999998070071481,1.9299285197043024e-07,0.9999952774795815,M12r,0.34261353459854627,0.9999984015264407,1.5984735595434635e-06,0.9999931771910693,M0l,0.34252835666678955,0.2335031527716357,13,0.003527658570815728,0.17130683305503253,0,12,0.9463172187093075,-1.0,True,0.00341937092036342,1.0830483857566364,0.4983974358974359
aff13_wu100k_m256_seed2,13,200,True,0.004355725233284318,0.9999992584690128,7.415309872928564e-07,0.9999935608675825,M9r,0.3428063959479277,0.9999993246098974,6.75390102581101e-07,0.9999940489954796,M3l,0.34257760596871845,0.23361719376630447,13,0.003473620704965532,0.17140340257807177,3,9,0.9391083301068052,-1.0,True,0.003401394106729373,1.0830498838244393,0.5007396449704142
aff13_wu100k_m256_seed2,13,201,True,0.004101954365426357,0.9999992321651474,7.67834852787132e-07,0.9999929907483475,M0r,0.3426309319182322,0.9999994630882856,5.369117144738446e-07,0.9999948531869624,M5l,0.34246460389287237,0.2337284359133845,13,0.0013603876024876397,0.17131565552143588,5,0,0.944335561156362,-1.0,True,0.002583815423409079,1.0831180153813826,0.4983563445101907
aff13_wu100k_m256_seed2,13,202,True,0.0038914641435970477,4.951956121875793e-06,0.9999950480438727,1.2537884213847029e-06,M6l,1.4570884333038208e-06,6.3651384261875734e-06,0.9999936348615679,1.373776809131067e-06,M6r,2.3727437733935015e-06,0.2179631854101312,12,0.3852868128044907,0.1674716698626071,8,9,0.000746388858354468,-1.0,False,1.0000207799880299,0.9999982683343307,0.500534188034188
aff13_wu100k_m256_seed2,13,203,True,0.004139542845925106,0.9999991556892308,8.443107691538682e-07,0.9999938113177964,M4r,0.34240794048674783,0.9999996346831376,3.653168625502621e-07,0.9999964583794978,M6l,0.34245338802107705,0.23357693710601607,13,0.004637300827095819,0.17120419367034315,6,4,0.9473207662016799,-1.0,True,0.004041113650506305,1.0829965738624576,0.5003287310979618
aff13_wu100k_m256_seed2,13,204,True,0.004663416606454656,0.9999995400750458,4.5992495436241636e-07,0.9999960184321472,M7r,0.34260667492900415,0.9999996407087274,3.5929127271778153e-07,0.9999961231508964,M8l,0.34261310543810597,0.23318688408262947,13,0.004113400116892061,0.17130345171461409,8,7,0.9580989962348726,-1.0,True,0.0036199913428741413,1.0830316673880938,0.5008218277449047
aff13_wu100k_m256_seed2,13,205,True,0.004084935611504425,4.958193173641484e-06,0.9999950418068205,1.0715178790309144e-06,M2r,1.9645425722978353e-06,5.007318906339184e-06,0.9999949926810879,7.586976493997389e-07,M5r,1.2918479739499294e-06,0.15916120524107885,12,0.5635270733148273,0.24817803835777294,12,4,0.0006532658813474436,1.0,False,1.000006961411404,0.9999994198823833,0.49737015121630507
aff13_wu100k_m256_seed2,13,206,True,0.00577343492151872,0.9999987438746479,1.2561253520004584e-06,0.9999944664596212,M6r,0.3425464763437323,0.9999991634012456,8.365987544090134e-07,0.999995918849135,M11l,0.3424554475295461,0.23342383099438013,13,0.003733448278551762,0.17127346863710877,11,6,0.9669647580071536,-1.0,True,0.003453574452808684,1.083045535462266,0.5002876397107167
aff13_wu100k_m256_seed2,13,207,True,0.004739223907425714,0.999998885865814,1.114134186016189e-06,0.9999944631036202,M6r,0.3425516856116367,0.9999996650426405,3.349573595547322e-07,0.9999944864714633,M7l,0.34252718863730774,0.2334268271521523,13,0.003487042685462692,0.17127619200935482,7,6,0.9571545949677,-1.0,True,0.0034469841253802866,1.0830460846562187,0.5004520052596976
aff13_wu100k_m256_seed2,13,208,True,0.007656168859177235,3.5794133818199488e-06,0.9999964205866122,1.3184916357447656e-06,M6r,1.0053859302106464e-06,5.783317158836859e-06,0.999994216682835,1.1870573506111266e-06,M10l,1.74613584396803e-06,0.25902294764170836,13,0.3976295864216606,0.12900627516399968,1,7,0.00037083787391037945,-1.0,False,0.9999960118549531,1.0000003323454203,0.4985207100591716
aff13_wu100k_m256_seed2,13,209,True,0.0026385342012499907,0.9999986905672253,1.3094327746773602e-06,0.9999942097049969,M3r,0.34270816510929586,0.9999993824637063,6.175362936102011e-07,0.9999967818011499,M10l,0.34269014519539726,0.23349383525746087,13,0.0045026008595959325,0.17135443360185845,10,3,0.921868372435006,-1.0,True,0.0039375961780232305,1.0830052003184982,0.5014792899408284
aff13_wu100k_m256_seed2,13,210,True,0.004155736034806014,0.9999994969489954,5.030510045463856e-07,0.999995408719855,M0r,0.3426326557670238,0.9999980932293862,1.9067706139983786e-06,0.9999947696549752,M0l,0.3425308340827312,0.23372152003190777,13,0.003233514699514476,0.1713165759952893,0,0,0.9527368332608793,-1.0,True,0.003164967432741126,1.0830695860472714,0.49995890861275477
aff13_wu100k_m256_seed2,13,211,True,0.0048357503618457675,0.9999991556617309,8.443382689903556e-07,0.9999942495151958,M2r,0.34270290928724784,0.9999989405647758,1.0594352242738515e-06,0.9999963874195649,M10l,0.34269611664196015,0.23360607650630222,13,0.004012646866288673,0.17135180056575727,10,2,0.9654862979154406,-1.0,True,0.0036645424596858053,1.0830279547950261,0.5007807363576594
aff13_wu100k_m256_seed2,13,212,True,0.0029448178543373146,0.9999966582657652,3.341734234788804e-06,0.9999918725783555,M3r,0.3426969282012718,0.9999994682640516,5.317359485340888e-07,0.9999953830815609,M8l,0.34261812099633493,0.23348526769020725,13,0.0029611047564202463,0.17134908386776024,8,3,0.9383452265261467,-1.0,True,0.003267224195026191,1.0830610646504146,0.5010272846811308
aff13_wu100k_m256_seed2,13,213,True,0.0028235154532943725,0.9999997259280826,2.7407191751695303e-07,0.9999960715168547,M4r,0.34241889238635626,0.9999990863403546,9.136596453786022e-07,0.9999943265972131,M11l,0.3424526126077534,0.23358215445176594,13,0.002611215639600403,0.17120952926095287,11,4,0.9478106496183094,-1.0,True,0.0028506908587548475,1.0830957757617703,0.5013971071663379
aff13_wu100k_m256_seed2,13,214,True,0.004651798425588012,0.9999991931925628,8.068074372432786e-07,0.9999946603227928,M2r,0.3427130104206614,0.9999974969880734,2.5030119263897735e-06,0.9999917919907789,M3l,0.3425626568810436,0.23358961196975536,13,0.002371172656031848,0.17135676733264524,3,2,0.9613264104762211,-1.0,True,0.003030895048207504,1.083080758745983,0.5016025641025641
aff13_wu100k_m256_seed2,13,215,True,0.004372270298292724,0.9999996141739068,3.85826093095714e-07,0.9999962762952109,M6r,0.3425423853997396,0.9999991110400525,8.889599476667717e-07,0.9999962499086981,M8l,0.34264095197922,0.2334194939161527,13,0.0038558858520508867,0.17127138238744496,8,6,0.9637521623137616,-1.0,True,0.0034578366322327654,1.0830451802806476,0.5016025641025641
aff13_wu100k_m256_seed2,13,216,True,0.0031827344885235593,0.9999986217405804,1.3782594199628758e-06,0.9999932107315427,M9r,0.34282170020516345,0.9999989354755578,1.0645244421333965e-06,0.9999949410368125,M10l,0.34268740458105196,0.23361534295346512,13,0.0038125099916131878,0.1714111800875035,10,9,0.9413610128461646,-1.0,True,0.0036927708305255543,1.0830256024307896,0.5
aff13_wu100k_m256_seed2,13,217,True,0.004009574476489454,0.9999990640832254,9.359167747658714e-07,0.9999954169748471,M8r,0.34258099600312314,0.9999996621442762,3.378557237983482e-07,0.9999949148890186,M6l,0.34244968240682383,0.23357803862077683,13,0.0030695325293395017,0.17129080529291024,6,8,0.9531899511555021,-1.0,True,0.0030995363879949746,1.0830750386343337,0.4986850756081525
aff13_wu100k_m256_seed2,13,218,True,0.008568793456539284,2.6229955214220086e-06,0.9999973770044801,4.212549655128266e-07,M3r,6.644122795079985e-07,3.860212881609272e-06,0.99999613978712,8.44921112821091e-07,M3l,1.0665987066377288e-06,0.22727925768935286,12,0.5764236853564634,0.19205670865388771,12,1,0.0003172599659634774,1.0,False,1.0000051650687354,0.9999995695776053,0.5097386587771203
aff13_wu100k_m256_seed2,13,219,True,0.004580711424361532,0.9999990044894482,9.955105518839541e-07,0.9999937861726695,M6r,0.3425602676923133,0.9999986129740142,1.3870259861005191e-06,0.999995359735666,M2l,0.3425501356343166,0.2334265685531036,13,0.003953432396400436,0.17128046226113797,2,6,0.9583915369139359,-1.0,True,0.0037055846896270794,1.0830245346091978,0.5011094674556213
aff13_wu100k_m256_seed2,13,220,True,0.004033763049777132,4.39434934029171e-06,0.9999956056506538,9.755201657349131e-07,M12r,1.6230090559717133e-06,7.203323243747916e-06,0.9999927966767506,1.576033406548476e-06,M10l,1.97985710616707e-06,0.18630443566742572,13,0.6008548281136119,0.21926836179443426,7,4,0.00031126585619825967,-1.0,False,1.000007718335994,0.9999993568053337,0.5027120315581854
aff13_wu100k_m256_seed2,13,221,True,0.00439936077861475,0.9999984481003735,1.5518996267874957e-06,0.9999930075052383,M9r,0.3428235811790359,0.9999993780996004,6.21900399495503e-07,0.999996219567312,M7l,0.3425316036893654,0.23361170420546756,13,0.0032565687067317903,0.17141210856633235,7,9,0.9472192737338921,-1.0,True,0.00324621553139029,1.0830628153723842,0.5020545693622617
aff13_wu100k_m256_seed2,13,222,True,0.0032718501401451166,0.9999991343830987,8.656169014124372e-07,0.9999953606237407,M5r,0.34286628629350907,0.9999985788140451,1.4211859548933304e-06,0.9999940647336453,M8l,0.3426217013617538,0.23344973307662473,13,0.004313995132079858,0.17143356269605037,8,5,0.9476082304500643,-1.0,True,0.0039122799284226845,1.0830073100059647,0.5002054569362262
aff13_wu100k_m256_seed2,13,223,True,0.002483493845043584,0.9999989395795932,1.0604204068572763e-06,0.9999932440751844,M12r,0.3426253980368815,0.999998530229432,1.4697705680623656e-06,0.9999944521546261,M11l,0.3424354167809635,0.2334972287872698,13,0.002546756188401339,0.17131307780307442,11,12,0.9384847180774284,-1.0,True,0.0030517937824123998,1.083079017184799,0.5015614727153189
aff13_wu100k_m256_seed2,13,224,True,0.004683237644358608,0.9999993582780625,6.417219373515177e-07,0.9999925954279302,M11r,0.3426934503003637,0.9999994372422056,5.627577943739378e-07,0.9999968134464368,M3l,0.3425572776430594,0.23340640420059952,13,0.0033349484246275795,0.17134721784587795,3,11,0.9620114001873431,-1.0,True,0.003313221324024022,1.0830572315563314,0.49946581196581197
aff13_wu100k_m256_seed2,13,225,True,0.0029449298867766692,0.9999988384686929,1.161531307228424e-06,0.9999929595435337,M2r,0.3427091888853629,0.9999992586867973,7.413132029795876e-07,0.9999954945770627,M10l,0.3426859287693966,0.23359489240878314,13,0.0037462047979319453,0.1713549453332169,10,2,0.9401036784061186,-1.0,True,0.00355064219789938,1.0830374464835084,0.5007807363576594
aff13_wu100k_m256_seed2,13,226,False,5.803303676905812e-09,0.8791682887931576,0.1208317112068416,0.3050481780641848,M0r,0.3009813079914729,0.8454047699858204,0.15459523001417952,0.21395760141901554,M10r,0.33452556234801106,0.23414261630024166,13,0.379508679335254,0.17082723014644938,3,1,0.037240766169427945,-1.0,False,1.0054307984626303,0.9995474334614474,0.4927679158448389
aff13_wu100k_m256_seed2,13,227,True,0.0030968860753344666,0.9999994678950999,5.321049001387113e-07,0.9999919308986451,M5r,0.3428688392078609,0.9999988494274213,1.150572578620238e-06,0.9999943090322702,M9l,0.342586917250918,0.23346096562956678,13,0.004605508418520466,0.1714344824036201,9,5,0.9511216710895095,-1.0,True,0.0042559123679208315,1.0829786739693397,0.5013560157790927
aff13_wu100k_m256_seed2,13,228,True,0.006307987062731083,3.8269928703426576e-06,0.9999961730071248,7.5113997361018e-07,M6l,9.633959488168177e-07,6.852947570582199e-06,0.999993147052423,1.843708175019601e-06,M7l,2.090007051518512e-06,0.21956610029534618,13,0.6547060633377786,0.16903284624786832,2,11,0.000817817166248682,1.0,False,1.0000127580469174,0.9999989368294235,0.49732905982905984
aff13_wu100k_m256_seed2,13,229,True,0.0036946590607953916,0.9999998523316178,1.4766838223158506e-07,0.9999963224176471,M4r,0.34241467782908214,0.9999998374307625,1.62569237613193e-07,0.9999969817693785,M8l,0.3426193040824031,0.233585428794733,13,0.004866913643556002,0.17120748683883863,8,4,0.9460377300459017,-1.0,True,0.004039910283345125,1.0829966741430546,0.500698553583169
aff13_wu100k_m256_seed2,13,230,True,0.004285709365436134,0.9999993384189316,6.615810685030873e-07,0.9999967941794018,M8r,0.34258291213696884,0.9999985757819116,1.4242180883181598e-06,0.9999939571200716,M7l,0.34252581738546134,0.23358759579446173,13,0.0015507345927908837,0.1712916494907503,7,8,0.960806928852734,-1.0,True,0.002331701579702671,1.0831390248683581,0.500698553583169
aff13_wu100k_m256_seed2,13,231,False,5.091884899198602e-09,0.7186962894252358,0.2813037105747627,0.18168260924267854,M10l,0.24649707943421675,0.7827524188119549,0.21724758118804424,0.31171916332901833,M7l,0.2960037437248604,0.21236468075341702,13,0.34589083624549843,0.1664168519787701,3,3,0.07315254537832327,1.0,False,1.003621326948294,0.9996982227543088,0.5098619329388561
aff13_wu100k_m256_seed2,13,232,True,0.0038689249892365444,0.9999994198010307,5.801989694846952e-07,0.9999933009245934,M3r,0.3426886794550887,0.9999995111820422,4.888179578359773e-07,0.999996423609516,M0l,0.3425218201524469,0.233485372913909,13,0.0037107403878516654,0.1713445655992092,0,3,0.9450495803503115,-1.0,True,0.0035073703442254772,1.0830410524713145,0.5013560157790927
aff13_wu100k_m256_seed2,13,233,True,0.004417441043683084,0.9999997456132177,2.543867822701263e-07,0.999993240540682,M0r,0.3426315757713845,0.999999781309542,2.1869045806657563e-07,0.9999961069842533,M2l,0.34255716432799516,0.2337171242039827,13,0.0033734234031322246,0.1713156620906422,2,0,0.9635920630996359,-1.0,True,0.003282270777406912,1.0830598107685492,0.4995069033530572
aff13_wu100k_m256_seed2,13,234,True,0.0043653143953688404,0.9999990541999955,9.458000045066794e-07,0.9999955442184564,M8r,0.34256949662602526,0.9999996474096757,3.525903244043949e-07,0.9999969556525911,M11l,0.3424501454333564,0.23358763134019397,13,0.002697894275199397,0.1712850450541507,11,8,0.958246407078755,-1.0,True,0.002741441734593255,1.0831048798554506,0.498233070348455
aff13_wu100k_m256_seed2,13,235,True,0.004272434962147018,0.999999422382636,5.776173640949285e-07,0.9999953877601628,M3r,0.3427089133220054,0.9999991797106315,8.202893685773243e-07,0.9999937184208914,M7l,0.3425334949949093,0.23349519189744006,13,0.0037732882131305276,0.17135459691061347,7,3,0.9519402789880865,-1.0,True,0.0036499683792872435,1.083029169301726,0.4990548980933596
aff13_wu100k_m256_seed2,13,236,True,0.0027461142516797365,0.9999989520912795,1.0479087203399489e-06,0.9999955500954939,M8r,0.342582969477049,0.9999998584257795,1.4157422055513944e-07,0.9999906394574319,M6l,0.3424637248362884,0.2335631488388463,13,0.003554296703984076,0.17129188529548967,6,8,0.9490288939356157,-1.0,True,0.0036651016856531077,1.0830279081928622,0.500534188034188
aff13_wu100k_m256_seed2,13,237,True,0.003277664094762071,0.999999094820297,9.051797031866673e-07,0.9999947971528077,M5r,0.34286049823061954,0.9999991768435406,8.23156459636689e-07,0.999995846371494,M7l,0.34253841539692387,0.23345282428428993,13,0.001353136189221648,0.1714304244094007,7,5,0.9475988321656913,-1.0,True,0.0023603840101414954,1.0831366346658216,0.4995479947403024
aff13_wu100k_m256_seed2,13,238,True,0.00493360023418837,0.9999996625579171,3.3744208304099605e-07,0.9999931805399146,M11r,0.3427083522666368,0.9999992622796072,7.377203930434038e-07,0.9999965924692565,M5l,0.34247388343334445,0.23340377743183385,13,0.003569308985910378,0.17135444066026234,5,11,0.9518200127571155,-1.0,True,0.0034568112547109417,1.0830452657287741,0.498767258382643
aff13_wu100k_m256_seed2,13,239,True,0.007056551380369522,3.7110619998373406e-06,0.9999962889379943,6.743318439908664e-07,M9r,1.1910094355154343e-06,5.532098595769863e-06,0.9999944679013992,1.1668871487733906e-06,M7l,1.8106982997165528e-06,0.4430716901739983,12,0.5301295751200035,0.1608260617313486,2,2,0.00033241290191061594,-1.0,False,1.0000022683840832,0.9999998109679931,0.49979454306377386
aff13_wu100k_m256_seed2,13,240,True,0.004179930346616152,4.039773491434607e-06,0.999995960226503,1.1096180172327521e-06,M6l,1.4056061107271535e-06,5.352437273709047e-06,0.9999946475627213,1.1144715716905993e-06,M5r,1.5717876045830666e-06,0.29920821544147524,13,0.24568751233398273,0.27417854231524486,11,11,0.0004817468929567031,-1.0,False,0.9999975720613021,1.0000002023282248,0.4981508875739645
aff13_wu100k_m256_seed2,13,241,True,0.004311467041559346,0.9999991290603433,8.70939656783355e-07,0.9999947192693716,M3r,0.34273124882304035,0.9999988412470137,1.1587529865201917e-06,0.9999962347725034,M9l,0.34258696395663935,0.2334952776876976,13,0.0035413081360037325,0.1713659689785188,9,3,0.9537820743472915,-1.0,True,0.0033062145718466217,1.0830578154523465,0.4977399737015122
aff13_wu100k_m256_seed2,13,242,True,0.003584457897356273,0.9999997401968922,2.598031078341789e-07,0.9999951146897349,M9r,0.3428187387360935,0.9999993219002696,6.780997305411099e-07,0.9999961078710001,M9l,0.34258066043436497,0.23362915442079416,13,0.003615129418428551,0.17140951802988455,9,9,0.9357089748120005,-1.0,True,0.003299928955716419,1.0830583392536905,0.4995479947403024
aff13_wu100k_m256_seed2,13,243,True,0.0030477256195856786,0.9999981900038857,1.8099961142728631e-06,0.9999929462502546,M10r,0.34237948893612835,0.9999998908783525,1.0912164761378763e-07,0.9999972104477659,M0l,0.34253793986964065,0.2335255919576979,13,0.005130673760120267,0.17119037319270436,0,10,0.9476754027366571,-1.0,True,0.004361268174074921,1.082969894318827,0.5014381985535832
aff13_wu100k_m256_seed2,13,244,True,0.0044567799998191954,0.9999994802118005,5.197881993732573e-07,0.9999924493173132,M12r,0.34263543644687927,0.9999996658964315,3.3410356830162624e-07,0.9999959398512246,M7l,0.34253433837187347,0.23350325689072335,13,0.0036163294433956793,0.17131779904706287,7,12,0.9546090716595883,-1.0,True,0.003602346765817171,1.083033137769515,0.4996712689020381
aff13_wu100k_m256_seed2,13,245,True,0.005596272366285413,5.103885286747838e-06,0.9999948961147077,1.5566186664897282e-06,M11r,1.5207371666790179e-06,5.416908577217224e-06,0.9999945830914172,8.640796555661748e-07,M5r,1.2107405354101737e-06,0.26085251160746403,13,0.4247417836937345,0.26325045125298846,4,1,0.0005557111852640551,1.0,False,0.9999922601850395,1.00000064498458,0.5007807363576594
aff13_wu100k_m256_seed2,13,246,True,0.004858949972587793,0.9999976793820416,2.320617958368381e-06,0.9999922742503387,M10r,0.34238165571971707,0.9999994064775909,5.935224090335707e-07,0.9999971998395315,M9l,0.342590740027888,0.23352333634984865,13,0.0021068845427682503,0.17119125456741183,9,10,0.9646891463561618,-1.0,True,0.0027892429480767754,1.0831008964209936,0.4998356344510191
aff13_wu100k_m256_seed2,13,247,True,0.003969063575215041,0.9999987088829786,1.2911170215340492e-06,0.9999940709371651,M9r,0.3428349099641249,0.9999984196916418,1.5803083583629388e-06,0.9999949015021838,M6l,0.34243931823770146,0.23360306692798843,13,0.003304725393234544,0.17141781859911576,6,9,0.9394664518927942,-1.0,True,0.0033077582005383312,1.083057686816622,0.5006163708086785
aff13_wu100k_m256_seed2,13,248,True,0.005460136354571448,0.999999902145173,9.785482719947146e-08,0.9999965783564665,M5r,0.3428610266258526,0.9999996912787105,3.087212896524678e-07,0.9999976366330128,M2l,0.34256324793318205,0.2334593934673415,13,0.0029532652825834155,0.1714307521711878,2,5,0.9701604327108047,-1.0,True,0.0027083792333536722,1.0831076350638873,0.5010272846811308
aff13_wu100k_m256_seed2,13,249,False,9.452179819171273e-09,0.9208325907434277,0.079167409256572,0.25629543732105814,M3r,0.42224778356596093,0.6368218410013967,0.3631781589986018,0.27512081570778907,M8l,0.36198048683330364,0.23402550983420006,13,0.4238774190775888,0.17181400228602717,9,7,0.05159678767284468,-1.0,False,0.982205325777949,1.0014828895185042,0.49511012491781725
aff13_wu100k_m256_seed2,13,250,True,0.004083251381967679,0.9999991261989636,8.738010363692302e-07,0.9999932251601391,M9r,0.3428303531141512,0.9999992543311398,7.456688603599091e-07,0.9999965680828771,M11l,0.3424447350613969,0.2336171668105554,13,0.0024220787918895078,0.17141534178199092,11,9,0.9554069022067411,-1.0,True,0.0027977995796690624,1.083100183368361,0.5001232741617357
aff13_wu100k_m256_seed2,13,251,True,0.004582148414770242,0.9999980729015138,1.927098486208318e-06,0.9999927031531076,M10r,0.3423773871947455,0.999999630779784,3.692202161563955e-07,0.9999975898208415,M11l,0.34244763003014733,0.23352898254259552,13,0.002134418145194961,0.17118910989422764,11,10,0.9639631912366863,-1.0,True,0.0026663821043892686,1.0831111348246343,0.4986850756081525
aff13_wu100k_m256_seed2,13,252,True,0.004339204681529282,0.999999415929326,5.840706741548615e-07,0.9999957131867208,M9r,0.3428219414821523,0.9999994434584176,5.565415823662116e-07,0.9999967871288452,M9l,0.3425781018267004,0.23361844027270026,13,0.0026252053654833613,0.17141121762016834,9,9,0.9534092345279781,-1.0,True,0.0026455418342728565,1.0831128715138105,0.5003698224852071
aff13_wu100k_m256_seed2,13,253,True,0.003113482600132457,0.9999979718802845,2.0281197155595717e-06,0.9999951364580496,M6r,0.3425431319845271,0.9999997825615433,2.1743845680105105e-07,0.9999953533398834,M0l,0.34254905966439714,0.23343055912627145,13,0.0036800943060961116,0.17127211460665398,0,6,0.9480667544198883,-1.0,True,0.003399825673547912,1.0830500145272044,0.500698553583169
aff13_wu100k_m256_seed2,13,254,True,0.005257641638649115,0.9999995635208813,4.364791187541552e-07,0.9999958312962544,M11r,0.3427112459379331,0.9999995572137005,4.427862996566205e-07,0.9999962201284132,M6l,0.3424502127325663,0.23340665100768304,13,0.00373299126046159,0.17135599449554362,6,11,0.9587169686605298,-1.0,True,0.003398908483158786,1.0830500909597367,0.49958908612754765
aff13_wu100k_m256_seed2,13,255,True,0.004684290850382476,0.9999991193490214,8.806509789038746e-07,0.9999947300097912,M11r,0.3427051543577232,0.9999996745389671,3.2546103284654616e-07,0.999995979326945,M2l,0.3425557893803849,0.23339517662817158,13,0.004422153847816085,0.17135297676665123,2,11,0.9596500996794571,-1.0,True,0.003873071811715444,1.0830105773490235,0.4986439842209073
