run,n,side,neuron,energy,live,dom_irrep,dom_dim,dom_block,e_dom,block_dominant,alpha_plain,plain_label,alpha_twist,twist_label,aligned_plain,aligned_twist,support_orbit,support_freqs,test_acc
aff11_wu25k_absq1.5_m128_seed1,11,x,0,159.55625792072038,True,10,10,11,0.9997908324022279,True,0.9978675218216488,M1r,0.24556986114968257,k1l,True,False,10,"1,2,3,4,5,6,7,8,9,10",0.9982093572616577
aff11_wu25k_absq1.5_m128_seed1,11,x,1,113.80585152808536,True,10,10,11,0.9989143718870791,True,0.4614352507436561,M0r,0.24594926866964367,k1l,False,False,10,"1,2,3,4,5,6,7,8,9,10",0.9982093572616577
aff11_wu25k_absq1.5_m128_seed1,11,x,2,129.9945604772511,True,10,10,11,0.9995599607455219,True,0.996819873977885,M2r,0.24732842552286877,k1l,True,False,10,"1,2,3,4,5,6,7,8,9,10",0.9982093572616577
aff11_wu25k_absq1.5_m128_seed1,11,x,3,4.2415503063289396e-05,True,10,10,11,0.37932915109824106,False,0.13846436998369824,M7l,0.20491410620870334,k1r,False,False,0,,0.9982093572616577
aff11_wu25k_absq1.5_m128_seed1,11,x,4,3.158721219238118e-05,True,10,10,11,0.8470599406726195,False,0.3018978099278759,M5r,0.36249122704731956,k3r,False,False,0,,0.9982093572616577
aff11_wu25k_absq1.5_m128_seed1,11,x,5,2.053879760282916e-05,True,10,10,11,0.6624391517425423,False,0.32345147373263783,M0r,0.3453654646407985,k1r,False,False,0,,0.9982093572616577
aff11_wu25k_absq1.5_m128_seed1,11,x,6,112.14221604158524,True,10,10,11,0.9984958959778575,True,0.47400348291664257,M3r,0.24431025016998373,k1l,False,False,10,"1,2,3,4,5,6,7,8,9,10",0.9982093572616577
aff11_wu25k_absq1.5_m128_seed1,11,x,7,136.8454572296917,True,10,10,11,0.9994394975716979,True,0.9971810518500245,M9r,0.24822805989275323,k1l,True,False,10,"1,2,3,4,5,6,7,8,9,10",0.9982093572616577
aff11_wu25k_absq1.5_m128_seed1,11,x,8,113.23582370026641,True,10,10,11,0.9969772259915485,True,0.4449580724225331,M0r,0.245007070498119,k1l,False,False,10,"1,2,3,4,5,6,7,8,9,10",0.9982093572616577
aff11_wu25k_absq1.5_m128_seed1,11,x,9,148.0611989651748,True,10,10,11,0.9992966903339271,True,0.9963252330657187,M6r,0.24462951894320836,k1l,True,False,10,"1,2,3,4,5,6,7,8,9,10",0.9982093572616577
aff11_wu25k_absq1.5_m128_seed1,11,x,10,99.75509033410871,True,10,10,11,0.9997142166421316,True,0.4742245236064871,M5r,0.24236233047312622,k1l,False,False,10,"1,2,3,4,5,6,7,8,9,10",0.9982093572616577
aff11_wu25k_absq1.5_m128_seed1,11,x,11,102.24563349255772,True,10,10,11,0.9986354108363663,True,0.4770446221309218,M4r,0.24354838458652336,k1l,False,False,10,"1,2,3,4,5,6,7,8,9,10",0.9982093572616577
aff11_wu25k_absq1.5_m128_seed1,11,x,12,111.10758500703008,True,10,10,11,0.9994502564571949,True,0.4552735977574977,M9r,0.2441740506744133,k1l,False,False,10,"1,2,3,4,5,6,7,8,9,10",0.9982093572616577
aff11_wu25k_absq1.5_m128_seed1,11,x,13,120.51910669332982,True,10,10,11,0.9995324255245877,True,0.4353079879076242,M3r,0.243566801361468,k1l,False,False,10,"1,2,3,4,5,6,7,8,9,10",0.9982093572616577
aff11_wu25k_absq1.5_m128_seed1,11,x,14,95.62575978250166,True,10,10,11,0.9987355118922281,True,0.4582703355985452,M7r,0.24720495866952347,k1l,False,False,10,"1,2,3,4,5,6,7,8,9,10",0.9982093572616577
aff11_wu25k_absq1.5_m128_seed1,11,x,15,138.9100781026997,True,10,10,11,0.9997375607706976,True,0.9968232088584572,M10r,0.2464854616294663,k1l,True,False,10,"1,2,3,4,5,6,7,8,9,10",0.9982093572616577
aff11_wu25k_absq1.5_m128_seed1,11,x,16,226.26231821847057,True,7,1,0,0.43688101471147905,False,0.00048059452140880956,M9r,0.0006625201209465492,k1l,False,False,0,,0.9982093572616577
aff11_wu25k_absq1.5_m128_seed1,11,x,17,2.4596135689784176e-05,True,10,10,11,0.8838827676170812,False,0.31337545873414585,M7l,0.49683378581644944,k3r,False,False,0,,0.9982093572616577
aff11_wu25k_absq1.5_m128_seed1,11,x,18,107.3346067611662,True,10,10,11,0.9982788513291921,True,0.4388568953504608,M2r,0.239376167639032,k1l,False,False,10,"1,2,3,4,5,6,7,8,9,10",0.9982093572616577
aff11_wu25k_absq1.5_m128_seed1,11,x,19,2.195278758697948e-05,True,10,10,11,0.8588574632314017,False,0.36708906508763656,M6r,0.2931043261757508,k5r,False,False,0,,0.9982093572616577
aff11_wu25k_absq1.5_m128_seed1,11,x,20,129.69374019377625,True,10,10,11,0.9997945761016496,True,0.9956422422034485,M5r,0.2479941082426089,k1l,True,False,10,"1,2,3,4,5,6,7,8,9,10",0.9982093572616577
aff11_wu25k_absq1.5_m128_seed1,11,x,21,1.9228937430369186e-05,True,10,10,11,0.963040787479531,True,0.33740131631940085,M7l,0.360334104214278,k5r,False,False,10,"1,2,3,4,5,6,7,8,9,10",0.9982093572616577
aff11_wu25k_absq1.5_m128_seed1,11,x,22,103.31296405653744,True,10,10,11,0.9996332266658099,True,0.43940726826850696,M1r,0.2432007034433838,k1l,False,False,10,"1,2,3,4,5,6,7,8,9,10",0.9982093572616577
aff11_wu25k_absq1.5_m128_seed1,11,x,23,2.196637831563078e-05,True,10,10,11,0.5943798752854745,False,0.22307959499512084,M5r,0.3428928070373608,k1r,False,False,0,,0.9982093572616577
aff11_wu25k_absq1.5_m128_seed1,11,x,24,3.938393570099596e-05,True,10,10,11,0.817319085147932,False,0.29399136755179744,M7l,0.2711012847481551,k1r,False,False,0,,0.9982093572616577
aff11_wu25k_absq1.5_m128_seed1,11,x,25,2.429280961365899e-05,True,10,10,11,0.45434813121232737,False,0.20435300622404562,M3r,0.2732004311115174,k2r,False,False,0,,0.9982093572616577
aff11_wu25k_absq1.5_m128_seed1,11,x,26,163.86240167523016,True,10,10,11,0.999343964176355,True,0.9968416969219042,M0r,0.24485962635491143,k1l,True,False,10,"1,2,3,4,5,6,7,8,9,10",0.9982093572616577
aff11_wu25k_absq1.5_m128_seed1,11,x,27,157.58501372381835,True,10,10,11,0.9997735400735379,True,0.9980724656415121,M3r,0.24160879678256791,k1l,True,False,10,"1,2,3,4,5,6,7,8,9,10",0.9982093572616577
aff11_wu25k_absq1.5_m128_seed1,11,x,28,120.4941876177888,True,10,10,11,0.9985427609545929,True,0.42458663231340904,M0r,0.2438335993544593,k1l,False,False,10,"1,2,3,4,5,6,7,8,9,10",0.9982093572616577
aff11_wu25k_absq1.5_m128_seed1,11,x,29,1.4363625422595199e-05,True,10,10,11,0.7293407986478107,False,0.46111536177943657,M1r,0.3554741385308496,k5r,False,False,0,,0.9982093572616577
aff11_wu25k_absq1.5_m128_seed1,11,x,30,127.82418463596026,True,10,10,11,0.9994760738996459,True,0.9960965627776458,M8r,0.25046093828942473,k1l,True,False,10,"1,2,3,4,5,6,7,8,9,10",0.9982093572616577
aff11_wu25k_absq1.5_m128_seed1,11,x,31,95.08342344918056,True,10,10,11,0.9968975164267729,True,0.47878584893725534,M10r,0.24610686502389437,k1l,False,False,10,"1,2,3,4,5,6,7,8,9,10",0.9982093572616577
aff11_wu25k_absq1.5_m128_seed1,11,x,32,120.96378790404113,True,10,10,11,0.9996215033420558,True,0.418120810199516,M1r,0.25552700171186166,k1l,False,False,10,"1,2,3,4,5,6,7,8,9,10",0.9982093572616577
aff11_wu25k_absq1.5_m128_seed1,11,x,33,107.34687954689642,True,10,10,11,0.9982468438662602,True,0.4532833678389576,M9r,0.24414777281009534,k1l,False,False,10,"1,2,3,4,5,6,7,8,9,10",0.9982093572616577
aff11_wu25k_absq1.5_m128_seed1,11,x,34,2.6142052662456262e-05,True,10,10,11,0.8653540223877686,False,0.39768771982456114,M1r,0.4189826060494603,k2r,False,False,0,,0.9982093572616577
aff11_wu25k_absq1.5_m128_seed1,11,x,35,264.33755747537174,True,3,1,0,0.4309363822131084,False,0.0004025110754365965,M5l,0.0005202518607809737,k2l,False,False,0,,0.9982093572616577
aff11_wu25k_absq1.5_m128_seed1,11,x,36,164.6310058235748,True,10,10,11,0.9995793536438086,True,0.9970532397629677,M10r,0.24657225952975018,k1l,True,False,10,"1,2,3,4,5,6,7,8,9,10",0.9982093572616577
aff11_wu25k_absq1.5_m128_seed1,11,x,37,115.365027220672,True,10,10,11,0.9989857211267902,True,0.4480242235334974,M2r,0.2519258711910491,k1l,False,False,10,"1,2,3,4,5,6,7,8,9,10",0.9982093572616577
aff11_wu25k_absq1.5_m128_seed1,11,x,38,2.435727093106088e-05,True,10,10,11,0.818714083036133,False,0.3227816132555293,M3r,0.38038021570439484,k4r,False,False,0,,0.9982093572616577
aff11_wu25k_absq1.5_m128_seed1,11,x,39,137.73183030641812,True,10,10,11,0.9997597901967636,True,0.9977329102313018,M3r,0.2415951615423903,k1l,True,False,10,"1,2,3,4,5,6,7,8,9,10",0.9982093572616577
aff11_wu25k_absq1.5_m128_seed1,11,x,40,109.39657888356139,True,10,10,11,0.9989611437629256,True,0.4336205014100094,M10r,0.24786124471269377,k1l,False,False,10,"1,2,3,4,5,6,7,8,9,10",0.9982093572616577
aff11_wu25k_absq1.5_m128_seed1,11,x,41,99.02367003598519,True,10,10,11,0.9991871653810245,True,0.48244440922042714,M8r,0.25300770273059636,k1l,False,False,10,"1,2,3,4,5,6,7,8,9,10",0.9982093572616577
aff11_wu25k_absq1.5_m128_seed1,11,x,42,96.06737139194198,True,10,10,11,0.9994417035851619,True,0.46870271491833054,M0r,0.2460444651765444,k1l,False,False,10,"1,2,3,4,5,6,7,8,9,10",0.9982093572616577
aff11_wu25k_absq1.5_m128_seed1,11,x,43,105.80567980973981,True,10,10,11,0.9991818775255553,True,0.4645430240677682,M8r,0.2529137877462672,k1l,False,False,10,"1,2,3,4,5,6,7,8,9,10",0.9982093572616577
aff11_wu25k_absq1.5_m128_seed1,11,x,44,105.29454385059904,True,10,10,11,0.9992211367675371,True,0.4798275420518649,M6r,0.24054721254749675,k1l,False,False,10,"1,2,3,4,5,6,7,8,9,10",0.9982093572616577
aff11_wu25k_absq1.5_m128_seed1,11,x,45,1.79761742033732e-05,True,10,10,11,0.6438163543368375,False,0.2262188583719293,M7l,0.2988117110233142,k5r,False,False,0,,0.9982093572616577
aff11_wu25k_absq1.5_m128_seed1,11,x,46,124.27573880107224,True,10,10,11,0.9994632722248793,True,0.9962080434863121,M6r,0.24471790811100566,k1l,True,False,10,"1,2,3,4,5,6,7,8,9,10",0.9982093572616577
aff11_wu25k_absq1.5_m128_seed1,11,x,47,8.677684155863e-06,True,10,10,11,0.7026931798015228,False,0.26936196141402313,M9r,0.34242531616241917,k4r,False,False,0,,0.9982093572616577
aff11_wu25k_absq1.5_m128_seed1,11,x,48,7.892987660490488e-06,True,10,10,11,0.6184688068883609,False,0.29301059578627164,M8r,0.3500445159796193,k2r,False,False,0,,0.9982093572616577
aff11_wu25k_absq1.5_m128_seed1,11,x,49,100.21922790736501,True,10,10,11,0.9987353439197483,True,0.5021538320234238,M5r,0.2418454918940569,k1l,False,False,10,"1,2,3,4,5,6,7,8,9,10",0.9982093572616577
aff11_wu25k_absq1.5_m128_seed1,11,x,50,1.777598276071191e-05,True,10,10,11,0.5272891954866977,False,0.18378023571829658,M7l,0.20343051578411286,k4r,False,False,0,,0.9982093572616577
aff11_wu25k_absq1.5_m128_seed1,11,x,51,113.61838903882453,True,10,10,11,0.9972652058190963,True,0.4564647654771549,M9r,0.2451141759367963,k1l,False,False,10,"1,2,3,4,5,6,7,8,9,10",0.9982093572616577
aff11_wu25k_absq1.5_m128_seed1,11,x,52,1.4434834983004875e-05,True,10,10,11,0.8252608304294734,False,0.29192729691403313,M7l,0.5643938852718509,k2r,False,False,0,,0.9982093572616577
aff11_wu25k_absq1.5_m128_seed1,11,x,53,135.51272699553704,True,10,10,11,0.999492424780743,True,0.9958842484701773,M0r,0.24471241738981442,k1l,True,False,10,"1,2,3,4,5,6,7,8,9,10",0.9982093572616577
aff11_wu25k_absq1.5_m128_seed1,11,x,54,3.150203602943491e-05,True,10,10,11,0.6634068280815901,False,0.29870963227550207,M1r,0.1965476456527122,k2r,False,False,0,,0.9982093572616577
aff11_wu25k_absq1.5_m128_seed1,11,x,55,100.16358947815739,True,10,10,11,0.9988853813817943,True,0.49813206432000545,M2r,0.2521825924305409,k1l,False,False,10,"1,2,3,4,5,6,7,8,9,10",0.9982093572616577
aff11_wu25k_absq1.5_m128_seed1,11,x,56,2.962151581294425e-05,True,10,10,11,0.4310395031877733,False,0.2919905764355804,M1r,0.10968270830781554,k1l,False,False,0,,0.9982093572616577
aff11_wu25k_absq1.5_m128_seed1,11,x,57,1.8577155999717774e-05,True,10,10,11,0.6953433564070058,False,0.2600150180345521,M5r,0.2804436742401345,k4r,False,False,0,,0.9982093572616577
aff11_wu25k_absq1.5_m128_seed1,11,x,58,9.473946038766228e-06,True,10,10,11,0.8399815412816535,False,0.44993753499828376,M6r,0.5082292512132157,k4r,False,False,0,,0.9982093572616577
aff11_wu25k_absq1.5_m128_seed1,11,x,59,2.031368614641182e-05,True,10,10,11,0.8685112568655972,False,0.3099132985403438,M7l,0.4429096872646092,k5r,False,False,0,,0.9982093572616577
aff11_wu25k_absq1.5_m128_seed1,11,x,60,3.130157884177077e-05,True,10,10,11,0.5011764307933185,False,0.17417570080362157,M7l,0.2314077620468429,k2r,False,False,0,,0.9982093572616577
aff11_wu25k_absq1.5_m128_seed1,11,x,61,219.87865569006883,True,5,1,0,0.4889899218901215,False,0.0006256490036960011,M6l,0.0008323225832753908,k4l,False,False,0,,0.9982093572616577
aff11_wu25k_absq1.5_m128_seed1,11,x,62,101.53091747512626,True,10,10,11,0.9994692892774204,True,0.4896083458792888,M9r,0.24460706331107906,k1l,False,False,10,"1,2,3,4,5,6,7,8,9,10",0.9982093572616577
aff11_wu25k_absq1.5_m128_seed1,11,x,63,115.81178074927242,True,10,10,11,0.9995100314874048,True,0.4659224718903556,M1r,0.24212393667292048,k1l,False,False,10,"1,2,3,4,5,6,7,8,9,10",0.9982093572616577
aff11_wu25k_absq1.5_m128_seed1,11,x,64,313.71154028105394,True,3,1,0,0.39707608241247055,False,0.00029282830479891237,M4l,0.0005682641557803853,k4l,False,False,0,,0.9982093572616577
aff11_wu25k_absq1.5_m128_seed1,11,x,65,106.7730074157042,True,10,10,11,0.9991571937261098,True,0.45318680587820215,M10r,0.246644788336683,k1l,False,False,10,"1,2,3,4,5,6,7,8,9,10",0.9982093572616577
aff11_wu25k_absq1.5_m128_seed1,11,x,66,2.2909956480778105e-05,True,10,10,11,0.7882022113677203,False,0.46954630012276366,M8r,0.366641297611296,k4r,False,False,0,,0.9982093572616577
aff11_wu25k_absq1.5_m128_seed1,11,x,67,100.29311852205842,True,10,10,11,0.9983055129845346,True,0.47418531993006036,M8r,0.2521372633221563,k1l,False,False,10,"1,2,3,4,5,6,7,8,9,10",0.9982093572616577
aff11_wu25k_absq1.5_m128_seed1,11,x,68,88.4401573343053,True,10,10,11,0.9972245427349633,True,0.43960374983066003,M4r,0.24408058571139749,k1l,False,False,10,"1,2,3,4,5,6,7,8,9,10",0.9982093572616577
aff11_wu25k_absq1.5_m128_seed1,11,x,69,249.1160821112206,True,7,1,0,0.4571560962453982,False,0.0003541976985645964,M0l,0.0005210783467916953,k4l,False,False,0,,0.9982093572616577
aff11_wu25k_absq1.5_m128_seed1,11,x,70,112.08987043520096,True,10,10,11,0.9985159487677888,True,0.48419255632605485,M9r,0.24393724933389324,k1l,False,False,10,"1,2,3,4,5,6,7,8,9,10",0.9982093572616577
aff11_wu25k_absq1.5_m128_seed1,11,x,71,1.0005300065469686e-05,True,10,10,11,0.5355596989689478,False,0.3923161302087273,M9r,0.21146837083294287,k1r,False,False,0,,0.9982093572616577
aff11_wu25k_absq1.5_m128_seed1,11,x,72,107.21979167914658,True,10,10,11,0.9992092956381892,True,0.440479921129484,M1r,0.24219922177693753,k1l,False,False,10,"1,2,3,4,5,6,7,8,9,10",0.9982093572616577
aff11_wu25k_absq1.5_m128_seed1,11,x,73,135.33755330161003,True,10,10,11,0.9994278210742411,True,0.997528474568623,M1r,0.24550862947857113,k1l,True,False,10,"1,2,3,4,5,6,7,8,9,10",0.9982093572616577
aff11_wu25k_absq1.5_m128_seed1,11,x,74,3.5059251511094535e-05,True,10,10,11,0.6571124286669231,False,0.27241676123534153,M9r,0.2110475152329028,k1r,False,False,0,,0.9982093572616577
aff11_wu25k_absq1.5_m128_seed1,11,x,75,254.17581257440105,True,5,1,0,0.48975077040340215,False,0.0006215735094024665,M7r,0.0009418520554747935,k4l,False,False,0,,0.9982093572616577
aff11_wu25k_absq1.5_m128_seed1,11,x,76,102.79061973284952,True,10,10,11,0.9981451721857222,True,0.4503792162384694,M7r,0.2474248436613274,k1l,False,False,10,"1,2,3,4,5,6,7,8,9,10",0.9982093572616577
aff11_wu25k_absq1.5_m128_seed1,11,x,77,113.92921324383545,True,10,10,11,0.9979287424699865,True,0.43527094216570206,M5r,0.24175675459518342,k1l,False,False,10,"1,2,3,4,5,6,7,8,9,10",0.9982093572616577
aff11_wu25k_absq1.5_m128_seed1,11,x,78,3.7311664062729605e-05,True,10,10,11,0.41533106766259115,False,0.14895437200052794,M7l,0.27499046291483675,k3r,False,False,0,,0.9982093572616577
aff11_wu25k_absq1.5_m128_seed1,11,x,79,1.1840869496491024e-05,True,10,10,11,0.9093907569821698,True,0.4448740694830911,M10r,0.32949418533287106,k3r,False,False,10,"1,2,3,4,5,6,7,8,9,10",0.9982093572616577
aff11_wu25k_absq1.5_m128_seed1,11,x,80,153.44131402415024,True,10,10,11,0.9995293914326857,True,0.9965238860348611,M2r,0.24698664548155622,k1l,True,False,10,"1,2,3,4,5,6,7,8,9,10",0.9982093572616577
aff11_wu25k_absq1.5_m128_seed1,11,x,81,92.39118883509315,True,10,10,11,0.9986554770626145,True,0.4786724560315428,M10r,0.24675294693644348,k1l,False,False,10,"1,2,3,4,5,6,7,8,9,10",0.9982093572616577
aff11_wu25k_absq1.5_m128_seed1,11,x,82,106.38994515076931,True,10,10,11,0.9992945192830939,True,0.4325578956236183,M7r,0.23947413342066534,k1l,False,False,10,"1,2,3,4,5,6,7,8,9,10",0.9982093572616577
aff11_wu25k_absq1.5_m128_seed1,11,x,83,1.6182689475577026e-05,True,10,10,11,0.4146233683973347,False,0.17990618164447222,M10r,0.1467292071530104,k3r,False,False,0,,0.9982093572616577
aff11_wu25k_absq1.5_m128_seed1,11,x,84,91.38783096692912,True,10,10,11,0.9992296253070893,True,0.49775265849476963,M2r,0.25215320242041767,k1l,False,False,10,"1,2,3,4,5,6,7,8,9,10",0.9982093572616577
aff11_wu25k_absq1.5_m128_seed1,11,x,85,1.6306643451751404e-05,True,10,10,11,0.6478831873817449,False,0.22985293940093282,M7l,0.26331066991403634,k5r,False,False,0,,0.9982093572616577
aff11_wu25k_absq1.5_m128_seed1,11,x,86,136.79714823216338,True,10,10,11,0.9988698534282129,True,0.9953337772541879,M4r,0.23753829469212895,k1l,True,False,10,"1,2,3,4,5,6,7,8,9,10",0.9982093572616577
aff11_wu25k_absq1.5_m128_seed1,11,x,87,2.337736550880477e-05,True,10,10,11,0.7668658585414021,False,0.2792017753455327,M7l,0.2974650260188372,k3r,False,False,0,,0.9982093572616577
aff11_wu25k_absq1.5_m128_seed1,11,x,88,106.20521669198186,True,10,10,11,0.9981510227723942,True,0.498082051946219,M7r,0.24753742486888802,k1l,False,False,10,"1,2,3,4,5,6,7,8,9,10",0.9982093572616577
aff11_wu25k_absq1.5_m128_seed1,11,x,89,103.47278294440682,True,10,10,11,0.999265142300527,True,0.45311316629282067,M10r,0.24739391210240366,k1l,False,False,10,"1,2,3,4,5,6,7,8,9,10",0.9982093572616577
aff11_wu25k_absq1.5_m128_seed1,11,x,90,158.053069285862,True,10,10,11,0.9998495612633305,True,0.9968617422367476,M7r,0.2495242067385972,k1l,True,False,10,"1,2,3,4,5,6,7,8,9,10",0.9982093572616577
aff11_wu25k_absq1.5_m128_seed1,11,x,91,1.682829979379552e-05,True,10,10,11,0.735375883043362,False,0.26494810461852797,M7r,0.4075504659643528,k3r,False,False,0,,0.9982093572616577
aff11_wu25k_absq1.5_m128_seed1,11,x,92,154.60778953672744,True,10,10,11,0.9995867708549286,True,0.9962151655259851,M5r,0.24796120306394107,k1l,True,False,10,"1,2,3,4,5,6,7,8,9,10",0.9982093572616577
aff11_wu25k_absq1.5_m128_seed1,11,x,93,97.3067642584222,True,10,10,11,0.9977427983788562,True,0.4735270913235715,M6r,0.240214566373507,k1l,False,False,10,"1,2,3,4,5,6,7,8,9,10",0.9982093572616577
aff11_wu25k_absq1.5_m128_seed1,11,x,94,119.00772498340267,True,10,10,11,0.999149563292945,True,0.452478193866445,M6r,0.2522810338478559,k1r,False,False,10,"1,2,3,4,5,6,7,8,9,10",0.9982093572616577
aff11_wu25k_absq1.5_m128_seed1,11,x,95,110.88838345709638,True,10,10,11,0.9989553831147452,True,0.41282633282636,M4r,0.24673443050320912,k1l,False,False,10,"1,2,3,4,5,6,7,8,9,10",0.9982093572616577
aff11_wu25k_absq1.5_m128_seed1,11,x,96,3.589208871825136e-05,True,10,10,11,0.9621633690315492,True,0.3454244211404047,M7l,0.5953811234294363,k2r,False,False,10,"1,2,3,4,5,6,7,8,9,10",0.9982093572616577
aff11_wu25k_absq1.5_m128_seed1,11,x,97,109.63033281426745,True,10,10,11,0.998341560444572,True,0.46086074935467825,M5r,0.24429341526837772,k1l,False,False,10,"1,2,3,4,5,6,7,8,9,10",0.9982093572616577
aff11_wu25k_absq1.5_m128_seed1,11,x,98,1.2100909610507277e-05,True,10,10,11,0.3632639496334007,False,0.12631012445604772,M7l,0.1516629982333208,k2r,False,False,0,,0.9982093572616577
aff11_wu25k_absq1.5_m128_seed1,11,x,99,114.04526180483164,True,10,10,11,0.9993818463945117,True,0.4545101351461739,M3r,0.24445835231111054,k1l,False,False,10,"1,2,3,4,5,6,7,8,9,10",0.9982093572616577
aff11_wu25k_absq1.5_m128_seed1,11,x,100,115.94524513639021,True,10,10,11,0.9996494947795042,True,0.4435557661634685,M8r,0.2530906687927298,k1l,False,False,10,"1,2,3,4,5,6,7,8,9,10",0.9982093572616577
aff11_wu25k_absq1.5_m128_seed1,11,x,101,104.07811027009555,True,10,10,11,0.9989180530888694,True,0.4610348829510554,M6r,0.24079184855929175,k1l,False,False,10,"1,2,3,4,5,6,7,8,9,10",0.9982093572616577
aff11_wu25k_absq1.5_m128_seed1,11,x,102,2.193725270183409e-05,True,10,10,11,0.7712611185695953,False,0.27664995499481054,M7l,0.29330633527129574,k5r,False,False,0,,0.9982093572616577
aff11_wu25k_absq1.5_m128_seed1,11,x,103,99.86028842688975,True,10,10,11,0.9988909302782348,True,0.44092517773220646,M4r,0.24506066604767782,k1l,False,False,10,"1,2,3,4,5,6,7,8,9,10",0.9982093572616577
aff11_wu25k_absq1.5_m128_seed1,11,x,104,112.12745866960455,True,10,10,11,0.9992194365853211,True,0.42912240963221093,M4r,0.24456801561275324,k1l,False,False,10,"1,2,3,4,5,6,7,8,9,10",0.9982093572616577
aff11_wu25k_absq1.5_m128_seed1,11,x,105,207.73486997857546,True,5,1,0,0.49734729969110186,False,0.0005735349202384179,M10r,0.0009044560192496879,k1l,False,False,0,,0.9982093572616577
aff11_wu25k_absq1.5_m128_seed1,11,x,106,104.53030916236905,True,10,10,11,0.9984985189189948,True,0.421789938053175,M7r,0.24660280478791233,k1l,False,False,10,"1,2,3,4,5,6,7,8,9,10",0.9982093572616577
aff11_wu25k_absq1.5_m128_seed1,11,x,107,132.67234835778896,True,10,10,11,0.9995883151804906,True,0.9964397027725665,M7r,0.24954815255032833,k1l,True,False,10,"1,2,3,4,5,6,7,8,9,10",0.9982093572616577
aff11_wu25k_absq1.5_m128_seed1,11,x,108,163.67872655243576,True,10,10,11,0.9994569245098378,True,0.9967456341658936,M8r,0.2502993386651227,k1l,True,False,10,"1,2,3,4,5,6,7,8,9,10",0.9982093572616577
aff11_wu25k_absq1.5_m128_seed1,11,x,109,100.94198435860773,True,10,10,11,0.9989886268457884,True,0.48957929416794155,M0r,0.24581232633287475,k1l,False,False,10,"1,2,3,4,5,6,7,8,9,10",0.9982093572616577
aff11_wu25k_absq1.5_m128_seed1,11,x,110,1.4479010013809302e-05,True,10,10,11,0.8794988811125952,False,0.35538965082225155,M5r,0.4049747004641856,k4r,False,False,0,,0.9982093572616577
aff11_wu25k_absq1.5_m128_seed1,11,x,111,96.24097228908335,True,10,10,11,0.9987820181142356,True,0.5301372995021605,M1r,0.24172206109889824,k1l,False,False,10,"1,2,3,4,5,6,7,8,9,10",0.9982093572616577
aff11_wu25k_absq1.5_m128_seed1,11,x,112,160.6086333925451,True,10,10,11,0.9997792117772247,True,0.9968001754781975,M9r,0.24810399705918912,k1l,True,False,10,"1,2,3,4,5,6,7,8,9,10",0.9982093572616577
aff11_wu25k_absq1.5_m128_seed1,11,x,113,1.924334101569033e-05,True,10,10,11,0.6773188026235322,False,0.3102004502369075,M1r,0.1761530949618099,k1r,False,False,0,,0.9982093572616577
aff11_wu25k_absq1.5_m128_seed1,11,x,114,2.0916709099025436e-05,True,10,10,11,0.7063796951988695,False,0.33399123184738494,M2r,0.4062830222914671,k4r,False,False,0,,0.9982093572616577
aff11_wu25k_absq1.5_m128_seed1,11,x,115,250.71495044706634,True,7,1,0,0.44505408528012386,False,0.00039883753647234504,M9r,0.0005203754679180535,k5r,False,False,0,,0.9982093572616577
aff11_wu25k_absq1.5_m128_seed1,11,x,116,3.096666934069113e-05,True,10,10,11,0.7751440618981146,False,0.35319913743265086,M9r,0.22783778285009965,k2r,False,False,0,,0.9982093572616577
aff11_wu25k_absq1.5_m128_seed1,11,x,117,1.3350200630636292e-05,True,10,10,11,0.7221618591018505,False,0.3167706170312289,M5r,0.32245139791262223,k2r,False,False,0,,0.9982093572616577
aff11_wu25k_absq1.5_m128_seed1,11,x,118,2.4487638396609777e-05,True,10,10,11,0.8422794689881578,False,0.42063715868585605,M2r,0.4475078412787071,k1r,False,False,0,,0.9982093572616577
aff11_wu25k_absq1.5_m128_seed1,11,x,119,110.19596406103635,True,10,10,11,0.9998240832183825,True,0.45266724649108264,M5r,0.2419590749555483,k1l,False,False,10,"1,2,3,4,5,6,7,8,9,10",0.9982093572616577
aff11_wu25k_absq1.5_m128_seed1,11,x,120,1.9704085136416275e-05,True,10,10,11,0.8648430334109802,False,0.3022508410728367,M7l,0.32577912664415265,k4r,False,False,0,,0.9982093572616577
aff11_wu25k_absq1.5_m128_seed1,11,x,121,2.4118769223849434e-05,True,10,10,11,0.7097228489574375,False,0.25591431575758933,M7l,0.3406961909077986,k4r,False,False,0,,0.9982093572616577
aff11_wu25k_absq1.5_m128_seed1,11,x,122,1.8976718643259456e-05,True,10,10,11,0.7667774389393163,False,0.39260535647789024,M4r,0.28148835825741,k4r,False,False,0,,0.9982093572616577
aff11_wu25k_absq1.5_m128_seed1,11,x,123,98.40527615155251,True,10,10,11,0.9981306736756865,True,0.4725998832348351,M3r,0.2440552673119301,k1l,False,False,10,"1,2,3,4,5,6,7,8,9,10",0.9982093572616577
aff11_wu25k_absq1.5_m128_seed1,11,x,124,117.36129189790381,True,10,10,11,0.9988863303314367,True,0.4384741940469639,M2r,0.2517520675759784,k1l,False,False,10,"1,2,3,4,5,6,7,8,9,10",0.9982093572616577
aff11_wu25k_absq1.5_m128_seed1,11,x,125,2.369050498815567e-05,True,10,10,11,0.8862549379123287,False,0.31620864994108505,M7l,0.5070580515684401,k1r,False,False,0,,0.9982093572616577
aff11_wu25k_absq1.5_m128_seed1,11,x,126,108.05809339152707,True,10,10,11,0.9985007603623156,True,0.4413632390533844,M8r,0.24694187927671882,k1l,False,False,10,"1,2,3,4,5,6,7,8,9,10",0.9982093572616577
aff11_wu25k_absq1.5_m128_seed1,11,x,127,96.83620891461106,True,10,10,11,0.9969205787845016,True,0.5123354169226232,M3r,0.24364899628633105,k1l,False,False,10,"1,2,3,4,5,6,7,8,9,10",0.9982093572616577
aff11_wu25k_absq1.5_m128_seed1,11,y,0,185.6956313625271,True,10,10,11,0.9990327744652944,True,0.9893679502795497,M1l,0.2345550012121153,k1r,True,False,10,"1,2,3,4,5,6,7,8,9,10",0.9982093572616577
aff11_wu25k_absq1.5_m128_seed1,11,y,1,123.74189561647438,True,10,10,11,0.9988732849613805,True,0.4791554340911052,M10l,0.2517160063686328,k2r,False,False,10,"1,2,3,4,5,6,7,8,9,10",0.9982093572616577
aff11_wu25k_absq1.5_m128_seed1,11,y,2,144.09178387583367,True,10,10,11,0.9995919909929244,True,0.9899602077996543,M5l,0.24047015408284367,k1r,True,False,10,"1,2,3,4,5,6,7,8,9,10",0.9982093572616577
aff11_wu25k_absq1.5_m128_seed1,11,y,3,1.4751572611348276e-05,True,10,10,11,0.6209269706731011,False,0.25009609089670715,M7l,0.25892991217061917,k4l,False,False,0,,0.9982093572616577
aff11_wu25k_absq1.5_m128_seed1,11,y,4,2.1071401787999937e-05,True,10,10,11,0.6428622471096691,False,0.21829301382265084,M5r,0.28458713826431675,k2l,False,False,0,,0.9982093572616577
aff11_wu25k_absq1.5_m128_seed1,11,y,5,2.4620697639891448e-05,True,10,10,11,0.7766399881665612,False,0.2581176784525352,M7r,0.4905573819279746,k2l,False,False,0,,0.9982093572616577
aff11_wu25k_absq1.5_m128_seed1,11,y,6,125.9572489709445,True,10,10,11,0.9974201156488662,True,0.4408350968195084,M10l,0.297829027541692,k1l,False,False,10,"1,2,3,4,5,6,7,8,9,10",0.9982093572616577
aff11_wu25k_absq1.5_m128_seed1,11,y,7,151.4512306218529,True,10,10,11,0.9995176739769176,True,0.9890814407599389,M5l,0.23961190241454644,k1r,True,False,10,"1,2,3,4,5,6,7,8,9,10",0.9982093572616577
aff11_wu25k_absq1.5_m128_seed1,11,y,8,130.9518560478642,True,10,10,11,0.999054463059568,True,0.4143031890739369,M10l,0.30458273114779805,k1l,False,False,10,"1,2,3,4,5,6,7,8,9,10",0.9982093572616577
aff11_wu25k_absq1.5_m128_seed1,11,y,9,178.31581241009616,True,10,10,11,0.9991569789996623,True,0.9880149305164566,M1l,0.2343858641742612,k1r,True,False,10,"1,2,3,4,5,6,7,8,9,10",0.9982093572616577
aff11_wu25k_absq1.5_m128_seed1,11,y,10,103.37329254321982,True,10,10,11,0.997984109295562,True,0.4459396199155283,M0l,0.25853783310151157,k1r,False,False,10,"1,2,3,4,5,6,7,8,9,10",0.9982093572616577
aff11_wu25k_absq1.5_m128_seed1,11,y,11,114.9515385252769,True,10,10,11,0.9924274555222772,True,0.46251345380200526,M4l,0.3117424976736194,k4l,False,False,10,"1,2,3,4,5,6,7,8,9,10",0.9982093572616577
aff11_wu25k_absq1.5_m128_seed1,11,y,12,122.87803867191028,True,10,10,11,0.9960526179625514,True,0.47627902594448296,M10l,0.2506446768351193,k2r,False,False,10,"1,2,3,4,5,6,7,8,9,10",0.9982093572616577
aff11_wu25k_absq1.5_m128_seed1,11,y,13,143.16428483017776,True,10,10,11,0.9973908175013385,True,0.4011345577533224,M9l,0.25234174714858987,k1r,False,False,10,"1,2,3,4,5,6,7,8,9,10",0.9982093572616577
aff11_wu25k_absq1.5_m128_seed1,11,y,14,103.46043451678455,True,10,10,11,0.9989403533750778,True,0.460778870165977,M0l,0.2584877596338622,k1r,False,False,10,"1,2,3,4,5,6,7,8,9,10",0.9982093572616577
aff11_wu25k_absq1.5_m128_seed1,11,y,15,152.48096496982205,True,10,10,11,0.9992763228561856,True,0.9902365035273718,M5l,0.23970134035545837,k1r,True,False,10,"1,2,3,4,5,6,7,8,9,10",0.9982093572616577
aff11_wu25k_absq1.5_m128_seed1,11,y,16,232.67458788772245,True,7,1,0,0.4789052142071624,False,0.0012009938167106215,M1l,0.0028621658457260845,k3r,False,False,0,,0.9982093572616577
aff11_wu25k_absq1.5_m128_seed1,11,y,17,3.687482303446837e-05,True,10,10,11,0.9165544518853538,True,0.4469608549659038,M1l,0.5237970233624651,k2l,False,False,10,"1,2,3,4,5,6,7,8,9,10",0.9982093572616577
aff11_wu25k_absq1.5_m128_seed1,11,y,18,130.83758688143988,True,10,10,11,0.9974865710549509,True,0.39582804859705517,M9l,0.25243802587507236,k1r,False,False,10,"1,2,3,4,5,6,7,8,9,10",0.9982093572616577
aff11_wu25k_absq1.5_m128_seed1,11,y,19,1.0186473849530384e-05,True,10,10,11,0.8952986458172922,False,0.3191999622735064,M7r,0.42870822804609354,k2l,False,False,0,,0.9982093572616577
aff11_wu25k_absq1.5_m128_seed1,11,y,20,143.3570900091031,True,10,10,11,0.999062042590871,True,0.9894804673402403,M5l,0.23889995429506003,k1r,True,False,10,"1,2,3,4,5,6,7,8,9,10",0.9982093572616577
aff11_wu25k_absq1.5_m128_seed1,11,y,21,7.003258976837708e-06,True,10,10,11,0.5419390357835309,False,0.19098989779923667,M7r,0.36761868736573955,k4l,False,False,0,,0.9982093572616577
aff11_wu25k_absq1.5_m128_seed1,11,y,22,110.80526891211109,True,10,10,11,0.9988525600113725,True,0.43966915165701165,M0l,0.2587056039509427,k1r,False,False,10,"1,2,3,4,5,6,7,8,9,10",0.9982093572616577
aff11_wu25k_absq1.5_m128_seed1,11,y,23,6.777192002133751e-06,True,10,10,11,0.7218325592085284,False,0.5094913554530132,M5l,0.2571242346882615,k1l,False,False,0,,0.9982093572616577
aff11_wu25k_absq1.5_m128_seed1,11,y,24,1.3880401088190033e-05,True,10,10,11,0.8334061102215758,False,0.37797606346774226,M1l,0.5047321757929245,k4l,False,False,0,,0.9982093572616577
aff11_wu25k_absq1.5_m128_seed1,11,y,25,1.166059506192919e-05,True,10,10,11,0.5781261575366509,False,0.21210574867864163,M7r,0.4351820435701425,k4l,False,False,0,,0.9982093572616577
aff11_wu25k_absq1.5_m128_seed1,11,y,26,193.22681407739557,True,10,10,11,0.9990468889553293,True,0.9894617688903514,M1l,0.23474395884003268,k1r,True,False,10,"1,2,3,4,5,6,7,8,9,10",0.9982093572616577
aff11_wu25k_absq1.5_m128_seed1,11,y,27,186.63079024889967,True,10,10,11,0.9996348516317667,True,0.9894326754935536,M1l,0.2353950759309644,k1r,True,False,10,"1,2,3,4,5,6,7,8,9,10",0.9982093572616577
aff11_wu25k_absq1.5_m128_seed1,11,y,28,140.85038996589617,True,10,10,11,0.9967562316522902,True,0.3936253633516444,M9l,0.2520292860342971,k1r,False,False,10,"1,2,3,4,5,6,7,8,9,10",0.9982093572616577
aff11_wu25k_absq1.5_m128_seed1,11,y,29,1.4717300483513065e-05,True,10,10,11,0.6171883591725406,False,0.2333373147650381,M4l,0.33892967584188427,k4l,False,False,0,,0.9982093572616577
aff11_wu25k_absq1.5_m128_seed1,11,y,30,142.13843402073627,True,10,10,11,0.9995935090787845,True,0.9901206092128767,M5l,0.23994128080287333,k1r,True,False,10,"1,2,3,4,5,6,7,8,9,10",0.9982093572616577
aff11_wu25k_absq1.5_m128_seed1,11,y,31,109.82503514545697,True,10,10,11,0.9953940607105901,True,0.4819317793217134,M4l,0.298616484183348,k4l,False,False,10,"1,2,3,4,5,6,7,8,9,10",0.9982093572616577
aff11_wu25k_absq1.5_m128_seed1,11,y,32,136.90628237886654,True,10,10,11,0.9977640950668488,True,0.39805738508759,M9l,0.2528341400864537,k1r,False,False,10,"1,2,3,4,5,6,7,8,9,10",0.9982093572616577
aff11_wu25k_absq1.5_m128_seed1,11,y,33,125.6348979836282,True,10,10,11,0.9960529709877892,True,0.44605070531524965,M10l,0.2902215864116267,k1l,False,False,10,"1,2,3,4,5,6,7,8,9,10",0.9982093572616577
aff11_wu25k_absq1.5_m128_seed1,11,y,34,2.3278097855492762e-05,True,10,10,11,0.8479436064446935,False,0.3065823278463065,M7r,0.2380181119723558,k1l,False,False,0,,0.9982093572616577
aff11_wu25k_absq1.5_m128_seed1,11,y,35,256.4573650485459,True,3,1,0,0.43355416678642045,False,0.0009529962376227111,M5l,0.0019356972796755894,k5r,False,False,0,,0.9982093572616577
aff11_wu25k_absq1.5_m128_seed1,11,y,36,192.2097067494381,True,10,10,11,0.9992603638267086,True,0.9889519720000339,M1l,0.23516612297243095,k1r,True,False,10,"1,2,3,4,5,6,7,8,9,10",0.9982093572616577
aff11_wu25k_absq1.5_m128_seed1,11,y,37,131.00324795928933,True,10,10,11,0.9988301165970054,True,0.43909648224473496,M10l,0.27975062591522176,k1l,False,False,10,"1,2,3,4,5,6,7,8,9,10",0.9982093572616577
aff11_wu25k_absq1.5_m128_seed1,11,y,38,1.0219086803989921e-05,True,10,10,11,0.6705035416481839,False,0.2662048061891959,M10l,0.35925608520028907,k3l,False,False,0,,0.9982093572616577
aff11_wu25k_absq1.5_m128_seed1,11,y,39,148.06961113226234,True,10,10,11,0.9994175826643019,True,0.9907295925268761,M5l,0.2395818216206115,k1r,True,False,10,"1,2,3,4,5,6,7,8,9,10",0.9982093572616577
aff11_wu25k_absq1.5_m128_seed1,11,y,40,127.37437774812456,True,10,10,11,0.9982274837190008,True,0.4118291655837648,M9l,0.25309987121932165,k1r,False,False,10,"1,2,3,4,5,6,7,8,9,10",0.9982093572616577
aff11_wu25k_absq1.5_m128_seed1,11,y,41,106.31973871007101,True,10,10,11,0.9985788210121189,True,0.4481155219648729,M0l,0.2582861925274324,k1r,False,False,10,"1,2,3,4,5,6,7,8,9,10",0.9982093572616577
aff11_wu25k_absq1.5_m128_seed1,11,y,42,105.60615756947273,True,10,10,11,0.9980684590109944,True,0.43856899116602205,M0l,0.2581280078408378,k1r,False,False,10,"1,2,3,4,5,6,7,8,9,10",0.9982093572616577
aff11_wu25k_absq1.5_m128_seed1,11,y,43,122.88511835139394,True,10,10,11,0.9978971048461313,True,0.4774358756397272,M10l,0.28347461973623866,k1l,False,False,10,"1,2,3,4,5,6,7,8,9,10",0.9982093572616577
aff11_wu25k_absq1.5_m128_seed1,11,y,44,118.8407998686034,True,10,10,11,0.9958849634131248,True,0.42657495063904427,M10l,0.3520077078643334,k1l,False,False,10,"1,2,3,4,5,6,7,8,9,10",0.9982093572616577
aff11_wu25k_absq1.5_m128_seed1,11,y,45,2.1172688105524346e-05,True,10,10,11,0.4676154864083982,False,0.17081907878373956,M1l,0.23094182967196306,k2l,False,False,0,,0.9982093572616577
aff11_wu25k_absq1.5_m128_seed1,11,y,46,140.30410665073546,True,10,10,11,0.9994379735780802,True,0.9900345615138951,M5l,0.24012394513352378,k1r,True,False,10,"1,2,3,4,5,6,7,8,9,10",0.9982093572616577
aff11_wu25k_absq1.5_m128_seed1,11,y,47,1.5967243679837984e-05,True,10,10,11,0.6080882646006555,False,0.24474119978462608,M10l,0.25690799574424006,k2l,False,False,0,,0.9982093572616577
aff11_wu25k_absq1.5_m128_seed1,11,y,48,1.686882941728142e-05,True,10,10,11,0.827002286099533,False,0.5192572612286926,M5l,0.3240842340892286,k5l,False,False,0,,0.9982093572616577
aff11_wu25k_absq1.5_m128_seed1,11,y,49,113.54575466351257,True,10,10,11,0.9966994859680851,True,0.4785006242452228,M4l,0.28740532034193494,k4l,False,False,10,"1,2,3,4,5,6,7,8,9,10",0.9982093572616577
aff11_wu25k_absq1.5_m128_seed1,11,y,50,7.825000190455113e-06,True,10,10,11,0.6623700934382448,False,0.3194854833677026,M3l,0.23484913043515207,k5l,False,False,0,,0.9982093572616577
aff11_wu25k_absq1.5_m128_seed1,11,y,51,136.8697726304619,True,10,10,11,0.9960987672496707,True,0.3861280625204828,M9l,0.2519694994426644,k1r,False,False,10,"1,2,3,4,5,6,7,8,9,10",0.9982093572616577
aff11_wu25k_absq1.5_m128_seed1,11,y,52,2.350985640295593e-05,True,10,10,11,0.9139466831785652,True,0.3681368813817417,M10l,0.5402393045589069,k1l,False,False,10,"1,2,3,4,5,6,7,8,9,10",0.9982093572616577
aff11_wu25k_absq1.5_m128_seed1,11,y,53,147.46812913743508,True,10,10,11,0.9990949095625211,True,0.9903818725422081,M5l,0.24024176888658055,k1r,True,False,10,"1,2,3,4,5,6,7,8,9,10",0.9982093572616577
aff11_wu25k_absq1.5_m128_seed1,11,y,54,1.803663262114063e-05,True,10,10,11,0.5496774559057382,False,0.22486639161129188,M1l,0.3210879823479097,k2l,False,False,0,,0.9982093572616577
aff11_wu25k_absq1.5_m128_seed1,11,y,55,114.45302575777615,True,10,10,11,0.9951824693259376,True,0.4795334478464638,M4l,0.2897124962125208,k4l,False,False,10,"1,2,3,4,5,6,7,8,9,10",0.9982093572616577
aff11_wu25k_absq1.5_m128_seed1,11,y,56,8.196638462773897e-06,True,10,10,11,0.8343466958383715,False,0.30066932950810404,M7r,0.5760316655518198,k4l,False,False,0,,0.9982093572616577
aff11_wu25k_absq1.5_m128_seed1,11,y,57,2.1853666673960857e-05,True,10,10,11,0.9105244931583262,True,0.3892201382340707,M5l,0.36189134413411816,k4l,False,False,10,"1,2,3,4,5,6,7,8,9,10",0.9982093572616577
aff11_wu25k_absq1.5_m128_seed1,11,y,58,3.441447326767672e-05,True,10,10,11,0.45835218203943884,False,0.3491632846622507,M10l,0.18232352519034642,k3l,False,False,0,,0.9982093572616577
aff11_wu25k_absq1.5_m128_seed1,11,y,59,1.2142617860466349e-05,True,10,10,11,0.5736919625424866,False,0.2755223342347916,M4l,0.24063511465597567,k4l,False,False,0,,0.9982093572616577
aff11_wu25k_absq1.5_m128_seed1,11,y,60,1.732575654347514e-05,True,10,10,11,0.6591390311428115,False,0.2442241090763253,M5l,0.19827306723912516,k1l,False,False,0,,0.9982093572616577
aff11_wu25k_absq1.5_m128_seed1,11,y,61,231.95550713620298,True,5,1,0,0.480380850183332,False,0.001925166415770808,M1l,0.002744923597398693,k5r,False,False,0,,0.9982093572616577
aff11_wu25k_absq1.5_m128_seed1,11,y,62,104.75396201189444,True,10,10,11,0.9982181721619809,True,0.44788204490001066,M0l,0.2582942521200603,k1r,False,False,10,"1,2,3,4,5,6,7,8,9,10",0.9982093572616577
aff11_wu25k_absq1.5_m128_seed1,11,y,63,128.08421680766136,True,10,10,11,0.9990191686425917,True,0.491655247747031,M10l,0.25219266286813663,k2r,False,False,10,"1,2,3,4,5,6,7,8,9,10",0.9982093572616577
aff11_wu25k_absq1.5_m128_seed1,11,y,64,246.59829770880697,True,3,1,0,0.4212780006370505,False,0.0017658296886810935,M8l,0.0027513331562362417,k5r,False,False,0,,0.9982093572616577
aff11_wu25k_absq1.5_m128_seed1,11,y,65,120.95326064178622,True,10,10,11,0.9986593683553426,True,0.4720924856086881,M10l,0.2513956205406189,k2r,False,False,10,"1,2,3,4,5,6,7,8,9,10",0.9982093572616577
aff11_wu25k_absq1.5_m128_seed1,11,y,66,2.0992681965627163e-05,True,10,10,11,0.9026687087545692,True,0.510180144238488,M10l,0.42486976172339475,k1l,False,False,10,"1,2,3,4,5,6,7,8,9,10",0.9982093572616577
aff11_wu25k_absq1.5_m128_seed1,11,y,67,109.79698877328414,True,10,10,11,0.9964838185881776,True,0.49288348306980884,M4l,0.2729079543792045,k5l,False,False,10,"1,2,3,4,5,6,7,8,9,10",0.9982093572616577
aff11_wu25k_absq1.5_m128_seed1,11,y,68,96.25211769307086,True,10,10,11,0.9992976082257171,True,0.42171739011224507,M0l,0.2577026197377378,k1r,False,False,10,"1,2,3,4,5,6,7,8,9,10",0.9982093572616577
aff11_wu25k_absq1.5_m128_seed1,11,y,69,285.39439051394714,True,7,1,0,0.47345532281862596,False,0.0011356970106250258,M1l,0.0015726197980782185,k3r,False,False,0,,0.9982093572616577
aff11_wu25k_absq1.5_m128_seed1,11,y,70,123.17546597323731,True,10,10,11,0.9982652270389524,True,0.4772038365792312,M4l,0.2814090172126893,k4l,False,False,10,"1,2,3,4,5,6,7,8,9,10",0.9982093572616577
aff11_wu25k_absq1.5_m128_seed1,11,y,71,1.6975468500716476e-05,True,10,10,11,0.8366453034663478,False,0.46002906153952916,M5l,0.42239358227897006,k3l,False,False,0,,0.9982093572616577
aff11_wu25k_absq1.5_m128_seed1,11,y,72,120.28150485222766,True,10,10,11,0.9986151869758012,True,0.41510559709646505,M10l,0.30143995927162237,k1l,False,False,10,"1,2,3,4,5,6,7,8,9,10",0.9982093572616577
aff11_wu25k_absq1.5_m128_seed1,11,y,73,146.2973735649371,True,10,10,11,0.9995535901685892,True,0.9908204593220162,M5l,0.23993896859904099,k1r,True,False,10,"1,2,3,4,5,6,7,8,9,10",0.9982093572616577
aff11_wu25k_absq1.5_m128_seed1,11,y,74,8.38664018534584e-06,True,10,10,11,0.6037112476369685,False,0.32833536864894336,M3l,0.24445742208179352,k2l,False,False,0,,0.9982093572616577
aff11_wu25k_absq1.5_m128_seed1,11,y,75,252.52222513817802,True,5,1,0,0.48468686841534936,False,0.00234179434351637,M4l,0.0028085171958885957,k5r,False,False,0,,0.9982093572616577
aff11_wu25k_absq1.5_m128_seed1,11,y,76,118.34416259010234,True,10,10,11,0.9957894201664034,True,0.44158073712950446,M10l,0.30985680637770135,k1l,False,False,10,"1,2,3,4,5,6,7,8,9,10",0.9982093572616577
aff11_wu25k_absq1.5_m128_seed1,11,y,77,134.24578410009713,True,10,10,11,0.9981403057672161,True,0.43460285326378245,M10l,0.29112676332197934,k1l,False,False,10,"1,2,3,4,5,6,7,8,9,10",0.9982093572616577
aff11_wu25k_absq1.5_m128_seed1,11,y,78,1.2965818123202331e-05,True,10,10,11,0.6621501891267859,False,0.23881238132960586,M7r,0.30735927678512803,k4l,False,False,0,,0.9982093572616577
aff11_wu25k_absq1.5_m128_seed1,11,y,79,2.003084468513306e-05,True,10,10,11,0.33035955460356053,False,0.11315281812739048,M5r,0.13277822633483016,k3l,False,False,0,,0.9982093572616577
aff11_wu25k_absq1.5_m128_seed1,11,y,80,180.57322374512626,True,10,10,11,0.9993689919709102,True,0.9889557575227579,M1l,0.2347294539375621,k1r,True,False,10,"1,2,3,4,5,6,7,8,9,10",0.9982093572616577
aff11_wu25k_absq1.5_m128_seed1,11,y,81,101.64168155185156,True,10,10,11,0.9983118394197655,True,0.4476127886842092,M0l,0.25810132885983483,k1r,False,False,10,"1,2,3,4,5,6,7,8,9,10",0.9982093572616577
aff11_wu25k_absq1.5_m128_seed1,11,y,82,128.18038006586906,True,10,10,11,0.9982257129545575,True,0.3781132181012083,M9l,0.255335797092746,k3l,False,False,10,"1,2,3,4,5,6,7,8,9,10",0.9982093572616577
aff11_wu25k_absq1.5_m128_seed1,11,y,83,1.831295347913238e-05,True,10,10,11,0.6627772724948331,False,0.2608671745399914,M1l,0.1998777679837332,k2l,False,False,0,,0.9982093572616577
aff11_wu25k_absq1.5_m128_seed1,11,y,84,97.15211907610443,True,10,10,11,0.9986156890112041,True,0.46725364260421465,M0l,0.2586349768925611,k1r,False,False,10,"1,2,3,4,5,6,7,8,9,10",0.9982093572616577
aff11_wu25k_absq1.5_m128_seed1,11,y,85,1.5062111945376072e-05,True,10,10,11,0.48703320398602923,False,0.20367211469151947,M0l,0.1552659941882221,k5l,False,False,0,,0.9982093572616577
aff11_wu25k_absq1.5_m128_seed1,11,y,86,174.34514638196308,True,10,10,11,0.9987883497481769,True,0.9877105332763745,M1l,0.23477397625019694,k1r,True,False,10,"1,2,3,4,5,6,7,8,9,10",0.9982093572616577
aff11_wu25k_absq1.5_m128_seed1,11,y,87,9.887084406226783e-06,True,10,10,11,0.6918218276877695,False,0.27022243963554565,M5l,0.28040338421596817,k2l,False,False,0,,0.9982093572616577
aff11_wu25k_absq1.5_m128_seed1,11,y,88,119.30859808281922,True,10,10,11,0.9937711606372805,True,0.4923973097421079,M4l,0.27979826469687763,k4l,False,False,10,"1,2,3,4,5,6,7,8,9,10",0.9982093572616577
aff11_wu25k_absq1.5_m128_seed1,11,y,89,117.8873573592129,True,10,10,11,0.9968279901447507,True,0.4368678332672779,M10l,0.3227998400810132,k1l,False,False,10,"1,2,3,4,5,6,7,8,9,10",0.9982093572616577
aff11_wu25k_absq1.5_m128_seed1,11,y,90,189.5344881262732,True,10,10,11,0.9995949453874964,True,0.9891724584290821,M1l,0.23451554033411273,k1r,True,False,10,"1,2,3,4,5,6,7,8,9,10",0.9982093572616577
aff11_wu25k_absq1.5_m128_seed1,11,y,91,1.3737592193851752e-05,True,10,10,11,0.8212317960274915,False,0.2899929413346869,M7r,0.4563357659870662,k4l,False,False,0,,0.9982093572616577
aff11_wu25k_absq1.5_m128_seed1,11,y,92,185.1399458805067,True,10,10,11,0.9994795964375706,True,0.9886091254384647,M1l,0.23487762444240576,k1r,True,False,10,"1,2,3,4,5,6,7,8,9,10",0.9982093572616577
aff11_wu25k_absq1.5_m128_seed1,11,y,93,114.28421791947714,True,10,10,11,0.9967164112424363,True,0.5100542883878946,M4l,0.25107040990288765,k4l,False,False,10,"1,2,3,4,5,6,7,8,9,10",0.9982093572616577
aff11_wu25k_absq1.5_m128_seed1,11,y,94,143.75634033828024,True,10,10,11,0.9990552853285872,True,0.3953222904872282,M9l,0.25312149359996217,k1r,False,False,10,"1,2,3,4,5,6,7,8,9,10",0.9982093572616577
aff11_wu25k_absq1.5_m128_seed1,11,y,95,139.97101459176585,True,10,10,11,0.9962903104117471,True,0.39728065107854527,M9l,0.251760662409289,k1r,False,False,10,"1,2,3,4,5,6,7,8,9,10",0.9982093572616577
aff11_wu25k_absq1.5_m128_seed1,11,y,96,2.006004578538405e-05,True,10,10,11,0.7347630812656929,False,0.26852042819268074,M7r,0.2613402435889546,k1l,False,False,0,,0.9982093572616577
aff11_wu25k_absq1.5_m128_seed1,11,y,97,127.95580759208181,True,10,10,11,0.999215988687895,True,0.424597826734596,M9l,0.25451973571776987,k1r,False,False,10,"1,2,3,4,5,6,7,8,9,10",0.9982093572616577
aff11_wu25k_absq1.5_m128_seed1,11,y,98,2.0807701948558598e-05,True,10,10,11,0.5953140067983559,False,0.34665270485238525,M5l,0.2941061489715343,k3l,False,False,0,,0.9982093572616577
aff11_wu25k_absq1.5_m128_seed1,11,y,99,125.43571994382776,True,10,10,11,0.9995913964006236,True,0.4579664793955423,M10l,0.2516082784774328,k2r,False,False,10,"1,2,3,4,5,6,7,8,9,10",0.9982093572616577
aff11_wu25k_absq1.5_m128_seed1,11,y,100,129.8487184595917,True,10,10,11,0.9985949027556429,True,0.4628422795381759,M10l,0.2506268322287865,k2r,False,False,10,"1,2,3,4,5,6,7,8,9,10",0.9982093572616577
aff11_wu25k_absq1.5_m128_seed1,11,y,101,117.58297409664395,True,10,10,11,0.9987143091720277,True,0.45810342081714966,M10l,0.25144885466333766,k2r,False,False,10,"1,2,3,4,5,6,7,8,9,10",0.9982093572616577
aff11_wu25k_absq1.5_m128_seed1,11,y,102,1.817172464583443e-05,True,10,10,11,0.9230343559850904,True,0.3517733578290421,M5l,0.3431289936611812,k3l,False,False,10,"1,2,3,4,5,6,7,8,9,10",0.9982093572616577
aff11_wu25k_absq1.5_m128_seed1,11,y,103,118.25432188497714,True,10,10,11,0.998572584302242,True,0.421135216122822,M10l,0.30023868239484275,k1l,False,False,10,"1,2,3,4,5,6,7,8,9,10",0.9982093572616577
aff11_wu25k_absq1.5_m128_seed1,11,y,104,124.42494121048516,True,10,10,11,0.999202339735333,True,0.4526442126771606,M10l,0.2514416946473078,k2r,False,False,10,"1,2,3,4,5,6,7,8,9,10",0.9982093572616577
aff11_wu25k_absq1.5_m128_seed1,11,y,105,226.61137215323726,True,5,1,0,0.4859359529022097,False,0.0030344084465896565,M4l,0.004175956589249604,k2r,False,False,0,,0.9982093572616577
aff11_wu25k_absq1.5_m128_seed1,11,y,106,119.63599770401497,True,10,10,11,0.9990987019593016,True,0.43093555903275116,M10l,0.2505202389673295,k2r,False,False,10,"1,2,3,4,5,6,7,8,9,10",0.9982093572616577
aff11_wu25k_absq1.5_m128_seed1,11,y,107,146.5810159618244,True,10,10,11,0.9993865412378485,True,0.990309754812196,M5l,0.24025160329341033,k1r,True,False,10,"1,2,3,4,5,6,7,8,9,10",0.9982093572616577
aff11_wu25k_absq1.5_m128_seed1,11,y,108,191.4659943503057,True,10,10,11,0.9988237027833724,True,0.9881035125522734,M1l,0.2345582826713214,k1r,True,False,10,"1,2,3,4,5,6,7,8,9,10",0.9982093572616577
aff11_wu25k_absq1.5_m128_seed1,11,y,109,111.83675930787071,True,10,10,11,0.9981599366166849,True,0.47662424617182686,M4l,0.2924663962655195,k4l,False,False,10,"1,2,3,4,5,6,7,8,9,10",0.9982093572616577
aff11_wu25k_absq1.5_m128_seed1,11,y,110,2.149209536269044e-05,True,10,10,11,0.8777500160413813,False,0.5414862794101755,M1l,0.3920157236803017,k2l,False,False,0,,0.9982093572616577
aff11_wu25k_absq1.5_m128_seed1,11,y,111,106.36293150949875,True,10,10,11,0.9983443388330694,True,0.48669862096238986,M4l,0.2955350623940534,k4l,False,False,10,"1,2,3,4,5,6,7,8,9,10",0.9982093572616577
aff11_wu25k_absq1.5_m128_seed1,11,y,112,189.0569596253442,True,10,10,11,0.9987045797180982,True,0.9888553581345457,M1l,0.23518732816031518,k1r,True,False,10,"1,2,3,4,5,6,7,8,9,10",0.9982093572616577
aff11_wu25k_absq1.5_m128_seed1,11,y,113,1.709982092248954e-05,True,10,10,11,0.7095217002899418,False,0.3509739781263516,M1l,0.45761272211163945,k4l,False,False,0,,0.9982093572616577
aff11_wu25k_absq1.5_m128_seed1,11,y,114,3.953914915823072e-05,True,10,10,11,0.6881980494358131,False,0.47161305391031,M1l,0.24385960788612362,k1l,False,False,0,,0.9982093572616577
aff11_wu25k_absq1.5_m128_seed1,11,y,115,296.3355547844804,True,7,1,0,0.4768798835741988,False,0.0012317688269918251,M4l,0.002329945023296727,k3r,False,False,0,,0.9982093572616577
aff11_wu25k_absq1.5_m128_seed1,11,y,116,2.038032051513454e-05,True,10,10,11,0.7096167585448784,False,0.2624384897478106,M1l,0.281647884971125,k5l,False,False,0,,0.9982093572616577
aff11_wu25k_absq1.5_m128_seed1,11,y,117,2.4805234461677663e-05,True,10,10,11,0.7740057734152184,False,0.28364817853670343,M7r,0.5474127998150995,k4l,False,False,0,,0.9982093572616577
aff11_wu25k_absq1.5_m128_seed1,11,y,118,3.683010254577158e-05,True,10,10,11,0.7609008692241559,False,0.31897405402517276,M10l,0.31151870547494237,k1l,False,False,0,,0.9982093572616577
aff11_wu25k_absq1.5_m128_seed1,11,y,119,121.72173884694065,True,10,10,11,0.9978970824614932,True,0.4841256667054347,M10l,0.2521476553390103,k2r,False,False,10,"1,2,3,4,5,6,7,8,9,10",0.9982093572616577
aff11_wu25k_absq1.5_m128_seed1,11,y,120,6.219755348819508e-06,True,10,10,11,0.6918708019664415,False,0.2507762795702146,M7r,0.26716340499144325,k5l,False,False,0,,0.9982093572616577
aff11_wu25k_absq1.5_m128_seed1,11,y,121,2.1293902674161846e-05,True,10,10,11,0.8628045798416787,False,0.30806627153519095,M7r,0.4735447826272929,k3l,False,False,0,,0.9982093572616577
aff11_wu25k_absq1.5_m128_seed1,11,y,122,2.617526751091032e-05,True,10,10,11,0.5155372006159692,False,0.17654012215152368,M7r,0.2923110316997796,k1l,False,False,0,,0.9982093572616577
aff11_wu25k_absq1.5_m128_seed1,11,y,123,106.59815218227442,True,10,10,11,0.997690536843924,True,0.4480309766294333,M0l,0.2583800389528244,k1r,False,False,10,"1,2,3,4,5,6,7,8,9,10",0.9982093572616577
aff11_wu25k_absq1.5_m128_seed1,11,y,124,130.62475282472093,True,10,10,11,0.9968035208448844,True,0.4468880282057606,M10l,0.25009215326673984,k2r,False,False,10,"1,2,3,4,5,6,7,8,9,10",0.9982093572616577
aff11_wu25k_absq1.5_m128_seed1,11,y,125,1.2569478317356942e-05,True,10,10,11,0.8582964662791267,False,0.368446703385231,M0l,0.41991376890486093,k5l,False,False,0,,0.9982093572616577
aff11_wu25k_absq1.5_m128_seed1,11,y,126,126.1196575951975,True,10,10,11,0.9978817714472011,True,0.3943346354927414,M9l,0.25227721089116195,k1r,False,False,10,"1,2,3,4,5,6,7,8,9,10",0.9982093572616577
aff11_wu25k_absq1.5_m128_seed1,11,y,127,108.48695947950868,True,10,10,11,0.9975249875109582,True,0.494517302499927,M4l,0.27283057744153394,k5l,False,False,10,"1,2,3,4,5,6,7,8,9,10",0.9982093572616577
aff11_wu25k_absq1_m128_seed1,11,x,0,92.82751591994139,True,10,10,11,0.9999994202841924,True,0.9999895818234995,M0r,0.2903970606925299,k2l,True,False,10,"1,2,3,4,5,6,7,8,9,10",1.0
aff11_wu25k_absq1_m128_seed1,11,x,1,93.83750672292022,True,10,10,11,0.9999996992222729,True,0.9999918775921359,M4r,0.2905530103560856,k2l,True,False,10,"1,2,3,4,5,6,7,8,9,10",1.0
aff11_wu25k_absq1_m128_seed1,11,x,2,89.03703241125847,True,10,10,11,0.9999989892951695,True,0.9999917886779988,M3r,0.2904581436758745,k2l,True,False,10,"1,2,3,4,5,6,7,8,9,10",1.0
aff11_wu25k_absq1_m128_seed1,11,x,3,0.00013311823307363276,True,10,10,11,0.9999933538280822,True,0.4404386947385397,M7r,0.3105378865961509,k5r,False,False,10,"1,2,3,4,5,6,7,8,9,10",1.0
aff11_wu25k_absq1_m128_seed1,11,x,4,95.54683733164546,True,10,10,11,0.9999995916853677,True,0.9999939089694232,M1r,0.29077667526157797,k2l,True,False,10,"1,2,3,4,5,6,7,8,9,10",1.0
aff11_wu25k_absq1_m128_seed1,11,x,5,89.65195980791108,True,10,10,11,0.9999998687811055,True,0.9999956214192242,M4r,0.29058077756430767,k2l,True,False,10,"1,2,3,4,5,6,7,8,9,10",1.0
aff11_wu25k_absq1_m128_seed1,11,x,6,87.7018062286224,True,10,10,11,0.9999993068071744,True,0.9999887615781413,M0r,0.2904000642741317,k2l,True,False,10,"1,2,3,4,5,6,7,8,9,10",1.0
aff11_wu25k_absq1_m128_seed1,11,x,7,0.0004706780516758524,True,10,10,11,0.998551237139415,True,0.5046703903716743,M8r,0.33487818060179436,k2r,False,False,10,"1,2,3,4,5,6,7,8,9,10",1.0
aff11_wu25k_absq1_m128_seed1,11,x,8,87.52368937966357,True,10,10,11,0.9999994353647335,True,0.9999912271000515,M3r,0.29046919497667173,k2l,True,False,10,"1,2,3,4,5,6,7,8,9,10",1.0
aff11_wu25k_absq1_m128_seed1,11,x,9,88.94109527453413,True,10,10,11,0.9999997346715697,True,0.9999879002033844,M10r,0.2903220569100486,k2l,True,False,10,"1,2,3,4,5,6,7,8,9,10",1.0
aff11_wu25k_absq1_m128_seed1,11,x,10,92.23984041296941,True,10,10,11,0.9999998134795199,True,0.9999939458543449,M10r,0.29031783263291716,k2l,True,False,10,"1,2,3,4,5,6,7,8,9,10",1.0
aff11_wu25k_absq1_m128_seed1,11,x,11,97.22627812020974,True,10,10,11,0.9999997364935422,True,0.9999927347458011,M6r,0.29052603299962393,k2l,True,False,10,"1,2,3,4,5,6,7,8,9,10",1.0
aff11_wu25k_absq1_m128_seed1,11,x,12,88.80742440380001,True,10,10,11,0.9999996790532266,True,0.999985535418397,M7r,0.290298884541748,k2l,True,False,10,"1,2,3,4,5,6,7,8,9,10",1.0
aff11_wu25k_absq1_m128_seed1,11,x,13,94.5559632513962,True,10,10,11,0.9999997882652769,True,0.9999930069744297,M5r,0.29087762928505234,k2l,True,False,10,"1,2,3,4,5,6,7,8,9,10",1.0
aff11_wu25k_absq1_m128_seed1,11,x,14,93.8674134917988,True,10,10,11,0.9999990142701756,True,0.9999909874566566,M8r,0.29052197306482186,k2l,True,False,10,"1,2,3,4,5,6,7,8,9,10",1.0
aff11_wu25k_absq1_m128_seed1,11,x,15,88.78051185365884,True,10,10,11,0.9999994950562414,True,0.9999871148005745,M3r,0.2904938739917099,k2l,True,False,10,"1,2,3,4,5,6,7,8,9,10",1.0
aff11_wu25k_absq1_m128_seed1,11,x,16,0.0001992250871070017,True,10,10,11,0.999995744261825,True,0.5455062966509471,M7r,0.48807212655007326,k3r,False,False,10,"1,2,3,4,5,6,7,8,9,10",1.0
aff11_wu25k_absq1_m128_seed1,11,x,17,89.34560835548402,True,10,10,11,0.999999690051732,True,0.9999933230039183,M10r,0.2903224048220844,k2l,True,False,10,"1,2,3,4,5,6,7,8,9,10",1.0
aff11_wu25k_absq1_m128_seed1,11,x,18,93.8491545167583,True,10,10,11,0.9999994543829414,True,0.999993925043094,M1r,0.2907554611722893,k2l,True,False,10,"1,2,3,4,5,6,7,8,9,10",1.0
aff11_wu25k_absq1_m128_seed1,11,x,19,92.42718704072446,True,10,10,11,0.9999994369204579,True,0.9999918728840838,M3r,0.29045979014874773,k2l,True,False,10,"1,2,3,4,5,6,7,8,9,10",1.0
aff11_wu25k_absq1_m128_seed1,11,x,20,88.72492010039646,True,10,10,11,0.9999998311590853,True,0.999992452544986,M6r,0.2905270808486773,k2l,True,False,10,"1,2,3,4,5,6,7,8,9,10",1.0
aff11_wu25k_absq1_m128_seed1,11,x,21,92.7654632600632,True,10,10,11,0.9999994851206163,True,0.9999925802001468,M8r,0.29049881682691153,k2l,True,False,10,"1,2,3,4,5,6,7,8,9,10",1.0
aff11_wu25k_absq1_m128_seed1,11,x,22,92.58993070863772,True,10,10,11,0.9999990213191857,True,0.9999887715414152,M2r,0.29019775733018627,k2l,True,False,10,"1,2,3,4,5,6,7,8,9,10",1.0
aff11_wu25k_absq1_m128_seed1,11,x,23,99.96779012074036,True,10,10,11,0.9999998092930013,True,0.9999931642042745,M9r,0.29047998267674924,k2l,True,False,10,"1,2,3,4,5,6,7,8,9,10",1.0
aff11_wu25k_absq1_m128_seed1,11,x,24,90.77956037553963,True,10,10,11,0.9999997624831314,True,0.9999929323374767,M7r,0.2902923089682978,k2l,True,False,10,"1,2,3,4,5,6,7,8,9,10",1.0
aff11_wu25k_absq1_m128_seed1,11,x,25,89.65579807508057,True,10,10,11,0.9999997456011899,True,0.9999939594028359,M4r,0.2905733372464413,k2l,True,False,10,"1,2,3,4,5,6,7,8,9,10",1.0
aff11_wu25k_absq1_m128_seed1,11,x,26,93.03885617697838,True,10,10,11,0.9999990563903016,True,0.999984006094899,M2r,0.2902163007617399,k2l,True,False,10,"1,2,3,4,5,6,7,8,9,10",1.0
aff11_wu25k_absq1_m128_seed1,11,x,27,90.34497250165265,True,10,10,11,0.9999998839211275,True,0.9999904022358697,M4r,0.290621300050866,k2l,True,False,10,"1,2,3,4,5,6,7,8,9,10",1.0
aff11_wu25k_absq1_m128_seed1,11,x,28,92.41550069911506,True,10,10,11,0.999998615532418,True,0.9999880470018176,M2r,0.2902196519091388,k2l,True,False,10,"1,2,3,4,5,6,7,8,9,10",1.0
aff11_wu25k_absq1_m128_seed1,11,x,29,89.0900924488573,True,10,10,11,0.9999997861339991,True,0.9999889579489192,M10r,0.29031778077129616,k2l,True,False,10,"1,2,3,4,5,6,7,8,9,10",1.0
aff11_wu25k_absq1_m128_seed1,11,x,30,91.42753611510176,True,10,10,11,0.9999996377791853,True,0.9999948224471968,M10r,0.29031586513104474,k2l,True,False,10,"1,2,3,4,5,6,7,8,9,10",1.0
aff11_wu25k_absq1_m128_seed1,11,x,31,86.35293125856982,True,10,10,11,0.9999998034545191,True,0.9999948623829761,M5r,0.2908928452063842,k2l,True,False,10,"1,2,3,4,5,6,7,8,9,10",1.0
aff11_wu25k_absq1_m128_seed1,11,x,32,96.02257292571456,True,10,10,11,0.9999995906254346,True,0.9999922779392768,M0r,0.2904220909269524,k2l,True,False,10,"1,2,3,4,5,6,7,8,9,10",1.0
aff11_wu25k_absq1_m128_seed1,11,x,33,89.5699646876355,True,10,10,11,0.9999997540117898,True,0.9999940680126197,M7r,0.29030086801376476,k2l,True,False,10,"1,2,3,4,5,6,7,8,9,10",1.0
aff11_wu25k_absq1_m128_seed1,11,x,34,195.95075515821793,True,9,1,0,0.9599685432473505,True,0.003796979668421908,M6r,0.007466357638190641,k5r,False,False,0,,1.0
aff11_wu25k_absq1_m128_seed1,11,x,35,88.2969606406799,True,10,10,11,0.9999998041143858,True,0.9999910680367338,M6r,0.2905323005919014,k2l,True,False,10,"1,2,3,4,5,6,7,8,9,10",1.0
aff11_wu25k_absq1_m128_seed1,11,x,36,91.05824238248907,True,10,10,11,0.9999992680176315,True,0.9999873718380488,M2r,0.2902209495458073,k2l,True,False,10,"1,2,3,4,5,6,7,8,9,10",1.0
aff11_wu25k_absq1_m128_seed1,11,x,37,93.14061438752053,True,10,10,11,0.9999994923603599,True,0.9999944926702787,M8r,0.2904898471664303,k2l,True,False,10,"1,2,3,4,5,6,7,8,9,10",1.0
aff11_wu25k_absq1_m128_seed1,11,x,38,94.05323642077684,True,10,10,11,0.999999589048932,True,0.9999919498984268,M1r,0.29075815132645033,k2l,True,False,10,"1,2,3,4,5,6,7,8,9,10",1.0
aff11_wu25k_absq1_m128_seed1,11,x,39,93.98057720982935,True,10,10,11,0.9999993433657096,True,0.9999960018465651,M8r,0.2905075397519012,k2l,True,False,10,"1,2,3,4,5,6,7,8,9,10",1.0
aff11_wu25k_absq1_m128_seed1,11,x,40,92.3793718175276,True,10,10,11,0.9999997184282273,True,0.9999912930264151,M5r,0.29087822031804617,k2l,True,False,10,"1,2,3,4,5,6,7,8,9,10",1.0
aff11_wu25k_absq1_m128_seed1,11,x,41,0.00022621695640602445,True,10,10,11,0.9849097114752372,True,0.3468247454202412,M6r,0.5359517563466464,k1r,False,False,10,"1,2,3,4,5,6,7,8,9,10",1.0
aff11_wu25k_absq1_m128_seed1,11,x,42,87.01116695422604,True,10,10,11,0.99999931134187,True,0.9999938449430396,M8r,0.2905133012812367,k2l,True,False,10,"1,2,3,4,5,6,7,8,9,10",1.0
aff11_wu25k_absq1_m128_seed1,11,x,43,98.00817427258256,True,10,10,11,0.9999992009222737,True,0.9999889695258386,M1r,0.2907624693921162,k2l,True,False,10,"1,2,3,4,5,6,7,8,9,10",1.0
aff11_wu25k_absq1_m128_seed1,11,x,44,88.53606242933328,True,10,10,11,0.9999999118975015,True,0.9999901282960266,M9r,0.29049598392227444,k2l,True,False,10,"1,2,3,4,5,6,7,8,9,10",1.0
aff11_wu25k_absq1_m128_seed1,11,x,45,91.86222057131627,True,10,10,11,0.999999560809591,True,0.9999904601727774,M10r,0.29033253327916164,k2l,True,False,10,"1,2,3,4,5,6,7,8,9,10",1.0
aff11_wu25k_absq1_m128_seed1,11,x,46,91.4908029982006,True,10,10,11,0.9999993073560547,True,0.9999911085045887,M3r,0.29047217470572845,k2l,True,False,10,"1,2,3,4,5,6,7,8,9,10",1.0
aff11_wu25k_absq1_m128_seed1,11,x,47,94.67283119137775,True,10,10,11,0.9999995232425968,True,0.9999868876237605,M1r,0.2907590498868206,k2l,True,False,10,"1,2,3,4,5,6,7,8,9,10",1.0
aff11_wu25k_absq1_m128_seed1,11,x,48,93.8845334016995,True,10,10,11,0.9999994531526257,True,0.9999944546896531,M8r,0.2905052702853929,k2l,True,False,10,"1,2,3,4,5,6,7,8,9,10",1.0
aff11_wu25k_absq1_m128_seed1,11,x,49,91.49860359464103,True,10,10,11,0.9999995795210773,True,0.9999928337023227,M1r,0.2907710023724451,k2l,True,False,10,"1,2,3,4,5,6,7,8,9,10",1.0
aff11_wu25k_absq1_m128_seed1,11,x,50,95.13534944174984,True,10,10,11,0.9999996810510695,True,0.9999909878867598,M0r,0.29041614107949637,k2l,True,False,10,"1,2,3,4,5,6,7,8,9,10",1.0
aff11_wu25k_absq1_m128_seed1,11,x,51,97.13250190915247,True,10,10,11,0.9999996688453452,True,0.9999935754555322,M0r,0.29040822759438645,k2l,True,False,10,"1,2,3,4,5,6,7,8,9,10",1.0
aff11_wu25k_absq1_m128_seed1,11,x,52,91.84768558680301,True,10,10,11,0.99999958152464,True,0.9999915896477519,M1r,0.29075924716995216,k2l,True,False,10,"1,2,3,4,5,6,7,8,9,10",1.0
aff11_wu25k_absq1_m128_seed1,11,x,53,94.98514157841304,True,10,10,11,0.9999996601944214,True,0.9999955843924511,M0r,0.29041420092770925,k2l,True,False,10,"1,2,3,4,5,6,7,8,9,10",1.0
aff11_wu25k_absq1_m128_seed1,11,x,54,92.5771455457985,True,10,10,11,0.9999994698088968,True,0.9999933358058738,M8r,0.2905136952235839,k2l,True,False,10,"1,2,3,4,5,6,7,8,9,10",1.0
aff11_wu25k_absq1_m128_seed1,11,x,55,98.48391205204393,True,10,10,11,0.9999998081333966,True,0.9999923971471643,M9r,0.29049562432109527,k2l,True,False,10,"1,2,3,4,5,6,7,8,9,10",1.0
aff11_wu25k_absq1_m128_seed1,11,x,56,88.63844325283421,True,10,10,11,0.9999997688752084,True,0.9999904359940921,M10r,0.29031546756426146,k2l,True,False,10,"1,2,3,4,5,6,7,8,9,10",1.0
aff11_wu25k_absq1_m128_seed1,11,x,57,0.00030585495557496203,True,10,10,11,0.9267172387822358,True,0.5300075621889172,M1r,0.3744426143043263,k4r,False,False,10,"1,2,3,4,5,6,7,8,9,10",1.0
aff11_wu25k_absq1_m128_seed1,11,x,58,93.1148499321513,True,10,10,11,0.9999993003174888,True,0.9999935211810539,M1r,0.2907547206122593,k2l,True,False,10,"1,2,3,4,5,6,7,8,9,10",1.0
aff11_wu25k_absq1_m128_seed1,11,x,59,86.94308431898513,True,10,10,11,0.9999997502834768,True,0.9999960485986886,M7r,0.2902909934272911,k2l,True,False,10,"1,2,3,4,5,6,7,8,9,10",1.0
aff11_wu25k_absq1_m128_seed1,11,x,60,94.94542867740792,True,10,10,11,0.9999995607662381,True,0.9999938231113935,M1r,0.2907604712292245,k2l,True,False,10,"1,2,3,4,5,6,7,8,9,10",1.0
aff11_wu25k_absq1_m128_seed1,11,x,61,93.57976618656429,True,10,10,11,0.9999999013756656,True,0.9999950064808103,M9r,0.29050568559460443,k2l,True,False,10,"1,2,3,4,5,6,7,8,9,10",1.0
aff11_wu25k_absq1_m128_seed1,11,x,62,93.00724682237181,True,10,10,11,0.9999997398688786,True,0.9999915971954718,M9r,0.29048651239183565,k2l,True,False,10,"1,2,3,4,5,6,7,8,9,10",1.0
aff11_wu25k_absq1_m128_seed1,11,x,63,91.78211305994907,True,10,10,11,0.9999998101919766,True,0.9999920564393818,M5r,0.2908636542833935,k2l,True,False,10,"1,2,3,4,5,6,7,8,9,10",1.0
aff11_wu25k_absq1_m128_seed1,11,x,64,91.14801188726938,True,10,10,11,0.9999998139529648,True,0.9999934613082804,M5r,0.2908681840408914,k2l,True,False,10,"1,2,3,4,5,6,7,8,9,10",1.0
aff11_wu25k_absq1_m128_seed1,11,x,65,93.53961910810557,True,10,10,11,0.9999999323170192,True,0.9999917201814292,M9r,0.29049406592225274,k2l,True,False,10,"1,2,3,4,5,6,7,8,9,10",1.0
aff11_wu25k_absq1_m128_seed1,11,x,66,89.51496435103034,True,10,10,11,0.9999997103196999,True,0.999990834735613,M4r,0.29061003568248434,k2l,True,False,10,"1,2,3,4,5,6,7,8,9,10",1.0
aff11_wu25k_absq1_m128_seed1,11,x,67,89.98993262090774,True,10,10,11,0.9999993170478989,True,0.9999877281514088,M4r,0.2905491133891637,k2l,True,False,10,"1,2,3,4,5,6,7,8,9,10",1.0
aff11_wu25k_absq1_m128_seed1,11,x,68,90.8606828164078,True,10,10,11,0.9999999060700723,True,0.9999914574080206,M9r,0.2904809574874663,k2l,True,False,10,"1,2,3,4,5,6,7,8,9,10",1.0
aff11_wu25k_absq1_m128_seed1,11,x,69,94.86967247652468,True,10,10,11,0.9999996648864797,True,0.9999909613289415,M5r,0.29089761581702095,k2l,True,False,10,"1,2,3,4,5,6,7,8,9,10",1.0
aff11_wu25k_absq1_m128_seed1,11,x,70,91.18826521332366,True,10,10,11,0.9999993163531915,True,0.9999894892723071,M0r,0.2904169443167233,k2l,True,False,10,"1,2,3,4,5,6,7,8,9,10",1.0
aff11_wu25k_absq1_m128_seed1,11,x,71,95.88836778174519,True,10,10,11,0.9999991540099487,True,0.9999933284189744,M8r,0.2904688402304264,k2l,True,False,10,"1,2,3,4,5,6,7,8,9,10",1.0
aff11_wu25k_absq1_m128_seed1,11,x,72,88.66803279551341,True,10,10,11,0.9999994772702451,True,0.9999888773313458,M3r,0.2904844514459949,k2l,True,False,10,"1,2,3,4,5,6,7,8,9,10",1.0
aff11_wu25k_absq1_m128_seed1,11,x,73,94.24361477283144,True,10,10,11,0.9999995108660358,True,0.9999881642610019,M0r,0.29040518588018066,k2l,True,False,10,"1,2,3,4,5,6,7,8,9,10",1.0
aff11_wu25k_absq1_m128_seed1,11,x,74,89.5926654270372,True,10,10,11,0.9999993943448576,True,0.9999913139387453,M3r,0.29047101445741036,k2l,True,False,10,"1,2,3,4,5,6,7,8,9,10",1.0
aff11_wu25k_absq1_m128_seed1,11,x,75,88.26484944065128,True,10,10,11,0.9999999152959318,True,0.9999892806709386,M4r,0.29058844332968986,k2l,True,False,10,"1,2,3,4,5,6,7,8,9,10",1.0
aff11_wu25k_absq1_m128_seed1,11,x,76,90.47990650993874,True,10,10,11,0.9999997941515832,True,0.9999942456540739,M5r,0.29087190721923,k2l,True,False,10,"1,2,3,4,5,6,7,8,9,10",1.0
aff11_wu25k_absq1_m128_seed1,11,x,77,87.01252096034882,True,10,10,11,0.9999997224008754,True,0.9999929405446182,M5r,0.2908762023638481,k2l,True,False,10,"1,2,3,4,5,6,7,8,9,10",1.0
aff11_wu25k_absq1_m128_seed1,11,x,78,95.5897355480147,True,10,10,11,0.9999998063298192,True,0.9999845875439495,M6r,0.29052315590748995,k2l,True,False,10,"1,2,3,4,5,6,7,8,9,10",1.0
aff11_wu25k_absq1_m128_seed1,11,x,79,87.26308912610068,True,10,10,11,0.9999993850251317,True,0.9999917095490002,M4r,0.2905978034860825,k2l,True,False,10,"1,2,3,4,5,6,7,8,9,10",1.0
aff11_wu25k_absq1_m128_seed1,11,x,80,94.7782841599313,True,10,10,11,0.9999994238169285,True,0.9999932551504715,M3r,0.29047969093260195,k2l,True,False,10,"1,2,3,4,5,6,7,8,9,10",1.0
aff11_wu25k_absq1_m128_seed1,11,x,81,91.38930325716201,True,10,10,11,0.999999739655595,True,0.9999892375588537,M5r,0.29087377382858004,k2l,True,False,10,"1,2,3,4,5,6,7,8,9,10",1.0
aff11_wu25k_absq1_m128_seed1,11,x,82,88.87661575628461,True,10,10,11,0.9999995543982191,True,0.9999937283932169,M10r,0.2903270359873291,k2l,True,False,10,"1,2,3,4,5,6,7,8,9,10",1.0
aff11_wu25k_absq1_m128_seed1,11,x,83,95.84483071988745,True,10,10,11,0.9999997393791981,True,0.9999934759969559,M7r,0.29028788509727277,k2l,True,False,10,"1,2,3,4,5,6,7,8,9,10",1.0
aff11_wu25k_absq1_m128_seed1,11,x,84,91.68892967453995,True,10,10,11,0.9999992128488395,True,0.999981787979958,M2r,0.2902260398261899,k2l,True,False,10,"1,2,3,4,5,6,7,8,9,10",1.0
aff11_wu25k_absq1_m128_seed1,11,x,85,89.40129423247757,True,10,10,11,0.9999993502629707,True,0.9999924318162577,M1r,0.2907634317145212,k2l,True,False,10,"1,2,3,4,5,6,7,8,9,10",1.0
aff11_wu25k_absq1_m128_seed1,11,x,86,94.82309184368941,True,10,10,11,0.9999998202256138,True,0.9999888266197493,M6r,0.29053108684294343,k2l,True,False,10,"1,2,3,4,5,6,7,8,9,10",1.0
aff11_wu25k_absq1_m128_seed1,11,x,87,86.09519331836776,True,10,10,11,0.9999998632528356,True,0.9999916368090812,M4r,0.29060201184987855,k2l,True,False,10,"1,2,3,4,5,6,7,8,9,10",1.0
aff11_wu25k_absq1_m128_seed1,11,x,88,88.19187332498285,True,10,10,11,0.9999998986026072,True,0.9999837029992872,M4r,0.29057660001214586,k2l,True,False,10,"1,2,3,4,5,6,7,8,9,10",1.0
aff11_wu25k_absq1_m128_seed1,11,x,89,92.06939962083085,True,10,10,11,0.9999992511761197,True,0.9999896446596909,M2r,0.2902119800897039,k2l,True,False,10,"1,2,3,4,5,6,7,8,9,10",1.0
aff11_wu25k_absq1_m128_seed1,11,x,90,88.88983918939205,True,10,10,11,0.9999997460147453,True,0.9999938457053975,M7r,0.2902944957990385,k2l,True,False,10,"1,2,3,4,5,6,7,8,9,10",1.0
aff11_wu25k_absq1_m128_seed1,11,x,91,94.16852426058632,True,10,10,11,0.9999992597489549,True,0.9999878632456525,M2r,0.2902243047219482,k2l,True,False,10,"1,2,3,4,5,6,7,8,9,10",1.0
aff11_wu25k_absq1_m128_seed1,11,x,92,94.38185427051903,True,10,10,11,0.9999994365900299,True,0.999987664806708,M3r,0.29045975225552484,k2l,True,False,10,"1,2,3,4,5,6,7,8,9,10",1.0
aff11_wu25k_absq1_m128_seed1,11,x,93,93.78189277226488,True,10,10,11,0.9999995181211382,True,0.9999941448235375,M1r,0.29076338743068486,k2l,True,False,10,"1,2,3,4,5,6,7,8,9,10",1.0
aff11_wu25k_absq1_m128_seed1,11,x,94,96.48978714542918,True,10,10,11,0.9999992418495387,True,0.9999881991229453,M2r,0.2902286386971366,k2l,True,False,10,"1,2,3,4,5,6,7,8,9,10",1.0
aff11_wu25k_absq1_m128_seed1,11,x,95,93.64504440358017,True,10,10,11,0.9999993239091594,True,0.9999911327801851,M10r,0.29032409782303337,k2l,True,False,10,"1,2,3,4,5,6,7,8,9,10",1.0
aff11_wu25k_absq1_m128_seed1,11,x,96,89.88704420215709,True,10,10,11,0.9999994248328778,True,0.9999935889391699,M6r,0.2905174573065702,k2l,True,False,10,"1,2,3,4,5,6,7,8,9,10",1.0
aff11_wu25k_absq1_m128_seed1,11,x,97,92.47095558587635,True,10,10,11,0.9999992989653781,True,0.9999914646382141,M6r,0.2905257557916866,k2l,True,False,10,"1,2,3,4,5,6,7,8,9,10",1.0
aff11_wu25k_absq1_m128_seed1,11,x,98,87.26799032195828,True,10,10,11,0.9999997564491044,True,0.9999963693602001,M7r,0.2902852218896315,k2l,True,False,10,"1,2,3,4,5,6,7,8,9,10",1.0
aff11_wu25k_absq1_m128_seed1,11,x,99,94.77318401854393,True,10,10,11,0.999999600961488,True,0.9999900970124518,M6r,0.29053073241250016,k2l,True,False,10,"1,2,3,4,5,6,7,8,9,10",1.0
aff11_wu25k_absq1_m128_seed1,11,x,100,87.84730655596532,True,10,10,11,0.9999997365661978,True,0.9999924800873514,M7r,0.2902908088019973,k2l,True,False,10,"1,2,3,4,5,6,7,8,9,10",1.0
aff11_wu25k_absq1_m128_seed1,11,x,101,93.92571224170483,True,10,10,11,0.9999992494701069,True,0.9999823552985307,M2r,0.2902313427732461,k2l,True,False,10,"1,2,3,4,5,6,7,8,9,10",1.0
aff11_wu25k_absq1_m128_seed1,11,x,102,89.53066117826415,True,10,10,11,0.9999996621785253,True,0.9999924943540913,M7r,0.2903073129021235,k2l,True,False,10,"1,2,3,4,5,6,7,8,9,10",1.0
aff11_wu25k_absq1_m128_seed1,11,x,103,89.3210549033816,True,10,10,11,0.999999866905135,True,0.9999915553273767,M4r,0.29057116348011275,k2l,True,False,10,"1,2,3,4,5,6,7,8,9,10",1.0
aff11_wu25k_absq1_m128_seed1,11,x,104,91.18502858099492,True,10,10,11,0.999999818228257,True,0.999993591018891,M6r,0.2905300024685639,k2l,True,False,10,"1,2,3,4,5,6,7,8,9,10",1.0
aff11_wu25k_absq1_m128_seed1,11,x,105,91.67979706390847,True,10,10,11,0.9999999258225382,True,0.9999952014553841,M9r,0.2904846814029753,k2l,True,False,10,"1,2,3,4,5,6,7,8,9,10",1.0
aff11_wu25k_absq1_m128_seed1,11,x,106,93.07421400942715,True,10,10,11,0.9999992510422396,True,0.9999923778106775,M3r,0.29047123353532806,k2l,True,False,10,"1,2,3,4,5,6,7,8,9,10",1.0
aff11_wu25k_absq1_m128_seed1,11,x,107,89.32980947166222,True,10,10,11,0.9999992694088381,True,0.999989620452264,M3r,0.2904983721172258,k2l,True,False,10,"1,2,3,4,5,6,7,8,9,10",1.0
aff11_wu25k_absq1_m128_seed1,11,x,108,93.37763085024638,True,10,10,11,0.9999997961900489,True,0.9999885255761842,M9r,0.29047028852601503,k2l,True,False,10,"1,2,3,4,5,6,7,8,9,10",1.0
aff11_wu25k_absq1_m128_seed1,11,x,109,90.27119242241267,True,10,10,11,0.9999998121326451,True,0.9999936611301542,M5r,0.290871575353937,k2l,True,False,10,"1,2,3,4,5,6,7,8,9,10",1.0
aff11_wu25k_absq1_m128_seed1,11,x,110,89.67552217194509,True,10,10,11,0.9999996388416181,True,0.9999906222394049,M10r,0.2903213234746792,k2l,True,False,10,"1,2,3,4,5,6,7,8,9,10",1.0
aff11_wu25k_absq1_m128_seed1,11,x,111,97.7517379362487,True,10,10,11,0.9999992648153502,True,0.9999895693643104,M2r,0.29020249718193675,k2l,True,False,10,"1,2,3,4,5,6,7,8,9,10",1.0
aff11_wu25k_absq1_m128_seed1,11,x,112,91.56794668239661,True,10,10,11,0.9999998346684176,True,0.9999883034622207,M6r,0.29052019271193386,k2l,True,False,10,"1,2,3,4,5,6,7,8,9,10",1.0
aff11_wu25k_absq1_m128_seed1,11,x,113,89.01441455963925,True,10,10,11,0.9999989269268504,True,0.9999926314642092,M8r,0.29052627652992946,k2l,True,False,10,"1,2,3,4,5,6,7,8,9,10",1.0
aff11_wu25k_absq1_m128_seed1,11,x,114,92.63015098622488,True,10,10,11,0.9999997077205862,True,0.9999896461690954,M7r,0.29029519556132033,k2l,True,False,10,"1,2,3,4,5,6,7,8,9,10",1.0
aff11_wu25k_absq1_m128_seed1,11,x,115,0.00017154097565638023,True,10,10,11,0.9721493274386135,True,0.5164283279267651,M8r,0.4370136096051352,k4r,False,False,10,"1,2,3,4,5,6,7,8,9,10",1.0
aff11_wu25k_absq1_m128_seed1,11,x,116,89.82308416105496,True,10,10,11,0.9999995817002039,True,0.9999944630422958,M0r,0.2904119263751702,k2l,True,False,10,"1,2,3,4,5,6,7,8,9,10",1.0
aff11_wu25k_absq1_m128_seed1,11,x,117,93.81163742286085,True,10,10,11,0.9999994167393528,True,0.9999902201391493,M8r,0.2905151841481841,k2l,True,False,10,"1,2,3,4,5,6,7,8,9,10",1.0
aff11_wu25k_absq1_m128_seed1,11,x,118,95.33955147037999,True,10,10,11,0.9999984906240431,True,0.9999907977114882,M6r,0.29051784103567924,k2l,True,False,10,"1,2,3,4,5,6,7,8,9,10",1.0
aff11_wu25k_absq1_m128_seed1,11,x,119,93.33859883893,True,10,10,11,0.9999995672592024,True,0.9999889317844792,M0r,0.2904097329061719,k2l,True,False,10,"1,2,3,4,5,6,7,8,9,10",1.0
aff11_wu25k_absq1_m128_seed1,11,x,120,92.07060290687251,True,10,10,11,0.9999994109101462,True,0.9999943807961216,M8r,0.29050085319953767,k2l,True,False,10,"1,2,3,4,5,6,7,8,9,10",1.0
aff11_wu25k_absq1_m128_seed1,11,x,121,91.61639677434306,True,10,10,11,0.9999996507973218,True,0.999989646673743,M0r,0.29040923289495124,k2l,True,False,10,"1,2,3,4,5,6,7,8,9,10",1.0
aff11_wu25k_absq1_m128_seed1,11,x,122,91.44350408192399,True,10,10,11,0.9999998092499476,True,0.9999913845723144,M10r,0.2903159253609768,k2l,True,False,10,"1,2,3,4,5,6,7,8,9,10",1.0
aff11_wu25k_absq1_m128_seed1,11,x,123,92.7693057823819,True,10,10,11,0.9999997167780127,True,0.9999918866704962,M9r,0.2905057269277995,k2l,True,False,10,"1,2,3,4,5,6,7,8,9,10",1.0
aff11_wu25k_absq1_m128_seed1,11,x,124,92.17074737211799,True,10,10,11,0.9999998871876759,True,0.999992219698878,M9r,0.2904713857242506,k2l,True,False,10,"1,2,3,4,5,6,7,8,9,10",1.0
aff11_wu25k_absq1_m128_seed1,11,x,125,95.9129389681494,True,10,10,11,0.9999997311509737,True,0.9999912571261568,M5r,0.2908881130620865,k2l,True,False,10,"1,2,3,4,5,6,7,8,9,10",1.0
aff11_wu25k_absq1_m128_seed1,11,x,126,89.34902021369504,True,10,10,11,0.9999997316184372,True,0.999986509349157,M7r,0.29031981324175665,k2l,True,False,10,"1,2,3,4,5,6,7,8,9,10",1.0
aff11_wu25k_absq1_m128_seed1,11,x,127,91.0001929204836,True,10,10,11,0.9999979181695512,True,0.9999883989727232,M2r,0.29020309239403713,k2l,True,False,10,"1,2,3,4,5,6,7,8,9,10",1.0
aff11_wu25k_absq1_m128_seed1,11,y,0,92.05880773350502,True,10,10,11,0.9999971402403033,True,0.9999873968529189,M4l,0.29052697008790646,k2r,True,False,10,"1,2,3,4,5,6,7,8,9,10",1.0
aff11_wu25k_absq1_m128_seed1,11,y,1,93.13677148435983,True,10,10,11,0.9999992941781962,True,0.9999898861142756,M6l,0.2903184428401721,k2r,True,False,10,"1,2,3,4,5,6,7,8,9,10",1.0
aff11_wu25k_absq1_m128_seed1,11,y,2,88.1975136350161,True,10,10,11,0.9999997713215992,True,0.9999907423860933,M1l,0.2905432954785858,k2r,True,False,10,"1,2,3,4,5,6,7,8,9,10",1.0
aff11_wu25k_absq1_m128_seed1,11,y,3,0.00033518786691112755,True,10,10,11,0.9998202024482363,True,0.40427945359327155,M10l,0.46271392839186953,k4l,False,False,10,"1,2,3,4,5,6,7,8,9,10",1.0
aff11_wu25k_absq1_m128_seed1,11,y,4,95.09462070060748,True,10,10,11,0.9999988800452613,True,0.9999921653710957,M4l,0.29051779607144745,k2r,True,False,10,"1,2,3,4,5,6,7,8,9,10",1.0
aff11_wu25k_absq1_m128_seed1,11,y,5,88.58401337540762,True,10,10,11,0.9999996905443196,True,0.9999866776208632,M5l,0.2902306067851202,k2r,True,False,10,"1,2,3,4,5,6,7,8,9,10",1.0
aff11_wu25k_absq1_m128_seed1,11,y,6,86.90753314065188,True,10,10,11,0.9999995051148016,True,0.9999934969802868,M2l,0.2903568722927947,k2r,True,False,10,"1,2,3,4,5,6,7,8,9,10",1.0
aff11_wu25k_absq1_m128_seed1,11,y,7,0.0002879369849210806,True,10,10,11,0.991500059661243,True,0.3838656819707668,M10l,0.6324431130305843,k5l,False,False,10,"1,2,3,4,5,6,7,8,9,10",1.0
aff11_wu25k_absq1_m128_seed1,11,y,8,86.73515789600741,True,10,10,11,0.9999995669488838,True,0.9999861575264664,M9l,0.29041922990701885,k2r,True,False,10,"1,2,3,4,5,6,7,8,9,10",1.0
aff11_wu25k_absq1_m128_seed1,11,y,9,87.9737489559348,True,10,10,11,0.999999297057762,True,0.9999901305315895,M0l,0.29071037235648667,k2r,True,False,10,"1,2,3,4,5,6,7,8,9,10",1.0
aff11_wu25k_absq1_m128_seed1,11,y,10,91.34584976421564,True,10,10,11,0.999999282109467,True,0.9999900977022188,M10l,0.2903610599810829,k2r,True,False,10,"1,2,3,4,5,6,7,8,9,10",1.0
aff11_wu25k_absq1_m128_seed1,11,y,11,96.1355796715105,True,10,10,11,0.9999994711138626,True,0.9999869056018287,M4l,0.29052628508987116,k2r,True,False,10,"1,2,3,4,5,6,7,8,9,10",1.0
aff11_wu25k_absq1_m128_seed1,11,y,12,88.04248511865907,True,10,10,11,0.9999995613880892,True,0.9999872110192983,M2l,0.2903435290382832,k2r,True,False,10,"1,2,3,4,5,6,7,8,9,10",1.0
aff11_wu25k_absq1_m128_seed1,11,y,13,94.7183280970296,True,10,10,11,0.9999997766282291,True,0.9999919712408187,M10l,0.2903626943067514,k2r,True,False,10,"1,2,3,4,5,6,7,8,9,10",1.0
aff11_wu25k_absq1_m128_seed1,11,y,14,93.33399691805776,True,10,10,11,0.9999983077154884,True,0.9999883924330819,M1l,0.29056147475336,k2r,True,False,10,"1,2,3,4,5,6,7,8,9,10",1.0
aff11_wu25k_absq1_m128_seed1,11,y,15,88.57433441188951,True,10,10,11,0.9999992474349713,True,0.9999920147263793,M8l,0.29058834126277344,k2r,True,False,10,"1,2,3,4,5,6,7,8,9,10",1.0
aff11_wu25k_absq1_m128_seed1,11,y,16,0.00015306291770731322,True,10,10,11,0.9972870051550082,True,0.39035038483487217,M10l,0.7267574730284964,k5l,False,False,10,"1,2,3,4,5,6,7,8,9,10",1.0
aff11_wu25k_absq1_m128_seed1,11,y,17,88.22860805612864,True,10,10,11,0.9999996419503584,True,0.9999907422927281,M4l,0.29053166087929233,k2r,True,False,10,"1,2,3,4,5,6,7,8,9,10",1.0
aff11_wu25k_absq1_m128_seed1,11,y,18,92.94054852223779,True,10,10,11,0.9999991472392622,True,0.9999926006367089,M3l,0.2902893223272074,k2r,True,False,10,"1,2,3,4,5,6,7,8,9,10",1.0
aff11_wu25k_absq1_m128_seed1,11,y,19,91.62434613026622,True,10,10,11,0.999999778712837,True,0.9999906563391721,M4l,0.29052477759297485,k2r,True,False,10,"1,2,3,4,5,6,7,8,9,10",1.0
aff11_wu25k_absq1_m128_seed1,11,y,20,87.72686019977593,True,10,10,11,0.9999995388749575,True,0.9999897283807924,M8l,0.290568066385884,k2r,True,False,10,"1,2,3,4,5,6,7,8,9,10",1.0
aff11_wu25k_absq1_m128_seed1,11,y,21,92.41006736297895,True,10,10,11,0.999999668587256,True,0.9999877175610205,M10l,0.29036967074026426,k2r,True,False,10,"1,2,3,4,5,6,7,8,9,10",1.0
aff11_wu25k_absq1_m128_seed1,11,y,22,91.92925163840322,True,10,10,11,0.9999993423114459,True,0.9999908212751388,M0l,0.2907102430978658,k2r,True,False,10,"1,2,3,4,5,6,7,8,9,10",1.0
aff11_wu25k_absq1_m128_seed1,11,y,23,98.93752208151339,True,10,10,11,0.999999576834545,True,0.9999938586710098,M4l,0.29052621606480883,k2r,True,False,10,"1,2,3,4,5,6,7,8,9,10",1.0
aff11_wu25k_absq1_m128_seed1,11,y,24,89.78975125769982,True,10,10,11,0.9999991709706834,True,0.9999887970454987,M0l,0.2906846871890191,k2r,True,False,10,"1,2,3,4,5,6,7,8,9,10",1.0
aff11_wu25k_absq1_m128_seed1,11,y,25,88.65029795699701,True,10,10,11,0.9999991618543513,True,0.9999856764542571,M0l,0.29071574764599123,k2r,True,False,10,"1,2,3,4,5,6,7,8,9,10",1.0
aff11_wu25k_absq1_m128_seed1,11,y,26,92.32220224973256,True,10,10,11,0.9999995233161973,True,0.9999900955803992,M2l,0.290367151368084,k2r,True,False,10,"1,2,3,4,5,6,7,8,9,10",1.0
aff11_wu25k_absq1_m128_seed1,11,y,27,89.46348895134932,True,10,10,11,0.9999996752471886,True,0.9999953842369598,M7l,0.29052471358339843,k2r,True,False,10,"1,2,3,4,5,6,7,8,9,10",1.0
aff11_wu25k_absq1_m128_seed1,11,y,28,91.82604420791388,True,10,10,11,0.9999994619200542,True,0.9999914661916438,M4l,0.29052194286145816,k2r,True,False,10,"1,2,3,4,5,6,7,8,9,10",1.0
aff11_wu25k_absq1_m128_seed1,11,y,29,88.39525392943574,True,10,10,11,0.999999553262374,True,0.9999923189099482,M6l,0.2903280341612888,k2r,True,False,10,"1,2,3,4,5,6,7,8,9,10",1.0
aff11_wu25k_absq1_m128_seed1,11,y,30,90.82705118237277,True,10,10,11,0.9999989191222944,True,0.9999908550065102,M9l,0.29040773608676557,k2r,True,False,10,"1,2,3,4,5,6,7,8,9,10",1.0
aff11_wu25k_absq1_m128_seed1,11,y,31,86.23453054050897,True,10,10,11,0.9999993169645437,True,0.9999875176963267,M2l,0.29036116643003695,k2r,True,False,10,"1,2,3,4,5,6,7,8,9,10",1.0
aff11_wu25k_absq1_m128_seed1,11,y,32,95.49687070734016,True,10,10,11,0.9999997619568834,True,0.9999896919019181,M1l,0.29052064185858517,k2r,True,False,10,"1,2,3,4,5,6,7,8,9,10",1.0
aff11_wu25k_absq1_m128_seed1,11,y,33,88.58681768704054,True,10,10,11,0.9999997837934618,True,0.9999920799506211,M4l,0.2905286563211955,k2r,True,False,10,"1,2,3,4,5,6,7,8,9,10",1.0
aff11_wu25k_absq1_m128_seed1,11,y,34,196.83538434289628,True,9,1,0,0.9214980863264276,True,0.008125127032098717,M6r,0.014621412671775308,k1l,False,False,0,,1.0
aff11_wu25k_absq1_m128_seed1,11,y,35,87.46512463905414,True,10,10,11,0.9999989039838897,True,0.9999874881583533,M2l,0.29037908770820836,k2r,True,False,10,"1,2,3,4,5,6,7,8,9,10",1.0
aff11_wu25k_absq1_m128_seed1,11,y,36,90.07099291721313,True,10,10,11,0.9999989142747924,True,0.9999908647538088,M5l,0.2902207867124847,k2r,True,False,10,"1,2,3,4,5,6,7,8,9,10",1.0
aff11_wu25k_absq1_m128_seed1,11,y,37,92.23163561627723,True,10,10,11,0.9999996130177669,True,0.9999922446350145,M7l,0.29052616199529,k2r,True,False,10,"1,2,3,4,5,6,7,8,9,10",1.0
aff11_wu25k_absq1_m128_seed1,11,y,38,93.1809387121819,True,10,10,11,0.9999995066355648,True,0.9999938364107337,M7l,0.2905430444284158,k2r,True,False,10,"1,2,3,4,5,6,7,8,9,10",1.0
aff11_wu25k_absq1_m128_seed1,11,y,39,93.60925612937203,True,10,10,11,0.9999995560068515,True,0.9999874946451125,M9l,0.29042102245795914,k2r,True,False,10,"1,2,3,4,5,6,7,8,9,10",1.0
aff11_wu25k_absq1_m128_seed1,11,y,40,91.60920029680496,True,10,10,11,0.9999995401914531,True,0.9999864538896611,M9l,0.2904085898686116,k2r,True,False,10,"1,2,3,4,5,6,7,8,9,10",1.0
aff11_wu25k_absq1_m128_seed1,11,y,41,0.00025948833576038433,True,10,10,11,0.962792309090372,True,0.3016919125308488,M5r,0.5065652780623934,k4l,False,False,10,"1,2,3,4,5,6,7,8,9,10",1.0
aff11_wu25k_absq1_m128_seed1,11,y,42,86.79880500280939,True,10,10,11,0.999999571919321,True,0.9999861682821195,M2l,0.2903536092400114,k2r,True,False,10,"1,2,3,4,5,6,7,8,9,10",1.0
aff11_wu25k_absq1_m128_seed1,11,y,43,97.27089151446214,True,10,10,11,0.999999751352413,True,0.9999896932351362,M1l,0.29051855280364774,k2r,True,False,10,"1,2,3,4,5,6,7,8,9,10",1.0
aff11_wu25k_absq1_m128_seed1,11,y,44,87.88827966973815,True,10,10,11,0.9999997643383399,True,0.9999952724025996,M1l,0.29053571164066677,k2r,True,False,10,"1,2,3,4,5,6,7,8,9,10",1.0
aff11_wu25k_absq1_m128_seed1,11,y,45,91.38324688747265,True,10,10,11,0.9999994729736542,True,0.9999905604535599,M2l,0.29034621478088646,k2r,True,False,10,"1,2,3,4,5,6,7,8,9,10",1.0
aff11_wu25k_absq1_m128_seed1,11,y,46,90.843281549085,True,10,10,11,0.9999998439467546,True,0.9999867305728158,M10l,0.29036131264213644,k2r,True,False,10,"1,2,3,4,5,6,7,8,9,10",1.0
aff11_wu25k_absq1_m128_seed1,11,y,47,94.0063032564647,True,10,10,11,0.9999997599092465,True,0.9999935935743068,M10l,0.29035903482004166,k2r,True,False,10,"1,2,3,4,5,6,7,8,9,10",1.0
aff11_wu25k_absq1_m128_seed1,11,y,48,92.77635719060444,True,10,10,11,0.999999682329795,True,0.9999940046253122,M3l,0.2902823748180668,k2r,True,False,10,"1,2,3,4,5,6,7,8,9,10",1.0
aff11_wu25k_absq1_m128_seed1,11,y,49,91.01159561376593,True,10,10,11,0.9999994211062665,True,0.9999843718909159,M5l,0.29022553613860336,k2r,True,False,10,"1,2,3,4,5,6,7,8,9,10",1.0
aff11_wu25k_absq1_m128_seed1,11,y,50,94.19086240398099,True,10,10,11,0.9999995630388736,True,0.9999914258874808,M0l,0.2906929159141526,k2r,True,False,10,"1,2,3,4,5,6,7,8,9,10",1.0
aff11_wu25k_absq1_m128_seed1,11,y,51,96.16362844546038,True,10,10,11,0.9999996847096797,True,0.9999873921423528,M7l,0.290533685960097,k2r,True,False,10,"1,2,3,4,5,6,7,8,9,10",1.0
aff11_wu25k_absq1_m128_seed1,11,y,52,91.72730866844903,True,10,10,11,0.9999995594107327,True,0.9999910089820128,M9l,0.29042298311955267,k2r,True,False,10,"1,2,3,4,5,6,7,8,9,10",1.0
aff11_wu25k_absq1_m128_seed1,11,y,53,94.04281075503467,True,10,10,11,0.9999997704741275,True,0.9999929331467468,M3l,0.29027295421816496,k2r,True,False,10,"1,2,3,4,5,6,7,8,9,10",1.0
aff11_wu25k_absq1_m128_seed1,11,y,54,91.49174814877676,True,10,10,11,0.9999995635715414,True,0.9999899734129657,M8l,0.290572388972388,k2r,True,False,10,"1,2,3,4,5,6,7,8,9,10",1.0
aff11_wu25k_absq1_m128_seed1,11,y,55,97.88612311364686,True,10,10,11,0.9999997850184967,True,0.9999876558247377,M10l,0.29036606676312243,k2r,True,False,10,"1,2,3,4,5,6,7,8,9,10",1.0
aff11_wu25k_absq1_m128_seed1,11,y,56,87.83464191344606,True,10,10,11,0.9999996623066312,True,0.9999920597516962,M7l,0.2905296627785375,k2r,True,False,10,"1,2,3,4,5,6,7,8,9,10",1.0
aff11_wu25k_absq1_m128_seed1,11,y,57,0.0004157220234398498,True,10,10,11,0.9937473533888155,True,0.3759903098354645,M0l,0.3415392838137523,k1l,False,False,10,"1,2,3,4,5,6,7,8,9,10",1.0
aff11_wu25k_absq1_m128_seed1,11,y,58,92.96981487288416,True,10,10,11,0.9999995574245547,True,0.9999892945548837,M8l,0.29058101687544385,k2r,True,False,10,"1,2,3,4,5,6,7,8,9,10",1.0
aff11_wu25k_absq1_m128_seed1,11,y,59,86.15722472076342,True,10,10,11,0.9999995684485704,True,0.9999866050604815,M9l,0.29041457600450804,k2r,True,False,10,"1,2,3,4,5,6,7,8,9,10",1.0
aff11_wu25k_absq1_m128_seed1,11,y,60,94.14996121464614,True,10,10,11,0.999999366664189,True,0.9999860592772714,M6l,0.2903601584747653,k2r,True,False,10,"1,2,3,4,5,6,7,8,9,10",1.0
aff11_wu25k_absq1_m128_seed1,11,y,61,92.72825022409532,True,10,10,11,0.9999996504211301,True,0.9999934001899551,M6l,0.2903404653990895,k2r,True,False,10,"1,2,3,4,5,6,7,8,9,10",1.0
aff11_wu25k_absq1_m128_seed1,11,y,62,91.94433000617524,True,10,10,11,0.9999996076990036,True,0.9999846940896673,M0l,0.2907242228822321,k2r,True,False,10,"1,2,3,4,5,6,7,8,9,10",1.0
aff11_wu25k_absq1_m128_seed1,11,y,63,90.7337841625232,True,10,10,11,0.9999995999384941,True,0.9999933693371024,M8l,0.29057198782560767,k2r,True,False,10,"1,2,3,4,5,6,7,8,9,10",1.0
aff11_wu25k_absq1_m128_seed1,11,y,64,90.06575732305961,True,10,10,11,0.9999996311877312,True,0.9999917581579733,M6l,0.2903320087630708,k2r,True,False,10,"1,2,3,4,5,6,7,8,9,10",1.0
aff11_wu25k_absq1_m128_seed1,11,y,65,92.44967233891008,True,10,10,11,0.9999996977948501,True,0.9999889954547342,M5l,0.2902337740565418,k2r,True,False,10,"1,2,3,4,5,6,7,8,9,10",1.0
aff11_wu25k_absq1_m128_seed1,11,y,66,88.68444470739195,True,10,10,11,0.9999995635730266,True,0.9999853881140423,M9l,0.29041053603335915,k2r,True,False,10,"1,2,3,4,5,6,7,8,9,10",1.0
aff11_wu25k_absq1_m128_seed1,11,y,67,88.96026283212267,True,10,10,11,0.9999996469778093,True,0.9999879556447901,M4l,0.2905301935254404,k2r,True,False,10,"1,2,3,4,5,6,7,8,9,10",1.0
aff11_wu25k_absq1_m128_seed1,11,y,68,90.026643445433,True,10,10,11,0.999999454073164,True,0.9999964443650644,M7l,0.29051859236440836,k2r,True,False,10,"1,2,3,4,5,6,7,8,9,10",1.0
aff11_wu25k_absq1_m128_seed1,11,y,69,94.45156932460749,True,10,10,11,0.9999995387804363,True,0.999990535702402,M0l,0.29068367878666557,k2r,True,False,10,"1,2,3,4,5,6,7,8,9,10",1.0
aff11_wu25k_absq1_m128_seed1,11,y,70,90.45909867457819,True,10,10,11,0.9999997059123922,True,0.9999914658361541,M5l,0.2902404963901242,k2r,True,False,10,"1,2,3,4,5,6,7,8,9,10",1.0
aff11_wu25k_absq1_m128_seed1,11,y,71,95.13725630931705,True,10,10,11,0.9999996922921479,True,0.9999896127897837,M4l,0.2905321204598648,k2r,True,False,10,"1,2,3,4,5,6,7,8,9,10",1.0
aff11_wu25k_absq1_m128_seed1,11,y,72,87.9459799158057,True,10,10,11,0.999999796944052,True,0.9999910111309007,M3l,0.2902657478089511,k2r,True,False,10,"1,2,3,4,5,6,7,8,9,10",1.0
aff11_wu25k_absq1_m128_seed1,11,y,73,94.05492946571208,True,10,10,11,0.9999997907775742,True,0.999993112481715,M10l,0.2903560536832718,k2r,True,False,10,"1,2,3,4,5,6,7,8,9,10",1.0
aff11_wu25k_absq1_m128_seed1,11,y,74,88.44344733501153,True,10,10,11,0.9999994542534152,True,0.99998681284513,M2l,0.2903081546553145,k2r,True,False,10,"1,2,3,4,5,6,7,8,9,10",1.0
aff11_wu25k_absq1_m128_seed1,11,y,75,87.24943375730251,True,10,10,11,0.9999995943826849,True,0.9999897986483974,M8l,0.29057413824232886,k2r,True,False,10,"1,2,3,4,5,6,7,8,9,10",1.0
aff11_wu25k_absq1_m128_seed1,11,y,76,89.58420851755561,True,10,10,11,0.9999997250803438,True,0.9999915168197766,M5l,0.2902298326037225,k2r,True,False,10,"1,2,3,4,5,6,7,8,9,10",1.0
aff11_wu25k_absq1_m128_seed1,11,y,77,86.52960073662531,True,10,10,11,0.9999997880296936,True,0.9999840182531111,M3l,0.29026950632189735,k2r,True,False,10,"1,2,3,4,5,6,7,8,9,10",1.0
aff11_wu25k_absq1_m128_seed1,11,y,78,94.8097067786784,True,10,10,11,0.999998346117929,True,0.9999884169192054,M6l,0.2903208471677946,k2r,True,False,10,"1,2,3,4,5,6,7,8,9,10",1.0
aff11_wu25k_absq1_m128_seed1,11,y,79,86.34667879947304,True,10,10,11,0.999999685225853,True,0.9999894949226504,M3l,0.29026170068526674,k2r,True,False,10,"1,2,3,4,5,6,7,8,9,10",1.0
aff11_wu25k_absq1_m128_seed1,11,y,80,94.13237077988728,True,10,10,11,0.9999996881383502,True,0.999990849817247,M7l,0.29051991209682426,k2r,True,False,10,"1,2,3,4,5,6,7,8,9,10",1.0
aff11_wu25k_absq1_m128_seed1,11,y,81,90.32191390300353,True,10,10,11,0.9999994715358266,True,0.9999937632330794,M7l,0.2905473953525478,k2r,True,False,10,"1,2,3,4,5,6,7,8,9,10",1.0
aff11_wu25k_absq1_m128_seed1,11,y,82,88.19968186569196,True,10,10,11,0.9999997108859444,True,0.9999922553841287,M3l,0.2902521719361934,k2r,True,False,10,"1,2,3,4,5,6,7,8,9,10",1.0
aff11_wu25k_absq1_m128_seed1,11,y,83,95.00370133353904,True,10,10,11,0.9999996348010629,True,0.9999931157559848,M10l,0.2903593006397867,k2r,True,False,10,"1,2,3,4,5,6,7,8,9,10",1.0
aff11_wu25k_absq1_m128_seed1,11,y,84,91.03601828163885,True,10,10,11,0.9999997535101568,True,0.9999902552921888,M3l,0.29026427853836323,k2r,True,False,10,"1,2,3,4,5,6,7,8,9,10",1.0
aff11_wu25k_absq1_m128_seed1,11,y,85,88.84129580624908,True,10,10,11,0.9999991991179769,True,0.999989127044402,M2l,0.29036805212296524,k2r,True,False,10,"1,2,3,4,5,6,7,8,9,10",1.0
aff11_wu25k_absq1_m128_seed1,11,y,86,93.60916915838385,True,10,10,11,0.9999997798180645,True,0.9999918922301659,M3l,0.29027920367386306,k2r,True,False,10,"1,2,3,4,5,6,7,8,9,10",1.0
aff11_wu25k_absq1_m128_seed1,11,y,87,85.54562499343143,True,10,10,11,0.9999993911711976,True,0.9999842944234993,M2l,0.2903457303045968,k2r,True,False,10,"1,2,3,4,5,6,7,8,9,10",1.0
aff11_wu25k_absq1_m128_seed1,11,y,88,87.56786992591303,True,10,10,11,0.9999996828061253,True,0.9999894687331544,M10l,0.290355572048555,k2r,True,False,10,"1,2,3,4,5,6,7,8,9,10",1.0
aff11_wu25k_absq1_m128_seed1,11,y,89,91.09540840609526,True,10,10,11,0.9999995509474777,True,0.9999881607043606,M9l,0.2904146042078585,k2r,True,False,10,"1,2,3,4,5,6,7,8,9,10",1.0
aff11_wu25k_absq1_m128_seed1,11,y,90,88.59309242640805,True,10,10,11,0.9999996345393843,True,0.9999905974275949,M6l,0.2903405299362636,k2r,True,False,10,"1,2,3,4,5,6,7,8,9,10",1.0
aff11_wu25k_absq1_m128_seed1,11,y,91,93.47988532640463,True,10,10,11,0.999999644993046,True,0.9999887250338879,M1l,0.2905496149414604,k2r,True,False,10,"1,2,3,4,5,6,7,8,9,10",1.0
aff11_wu25k_absq1_m128_seed1,11,y,92,93.66868949531984,True,10,10,11,0.9999996156130946,True,0.9999904393051763,M0l,0.2906843520309534,k2r,True,False,10,"1,2,3,4,5,6,7,8,9,10",1.0
aff11_wu25k_absq1_m128_seed1,11,y,93,92.95945165926368,True,10,10,11,0.9999991824334642,True,0.9999919821795135,M0l,0.2907012541832553,k2r,True,False,10,"1,2,3,4,5,6,7,8,9,10",1.0
aff11_wu25k_absq1_m128_seed1,11,y,94,96.65317260075412,True,10,10,11,0.9999992845400529,True,0.9999937697483007,M10l,0.2903567213252011,k2r,True,False,10,"1,2,3,4,5,6,7,8,9,10",1.0
aff11_wu25k_absq1_m128_seed1,11,y,95,93.15130102714129,True,10,10,11,0.9999992144513191,True,0.9999876511751757,M1l,0.29055465124770496,k2r,True,False,10,"1,2,3,4,5,6,7,8,9,10",1.0
aff11_wu25k_absq1_m128_seed1,11,y,96,89.00634110244367,True,10,10,11,0.9999996095810377,True,0.9999899073015823,M1l,0.2905297286835328,k2r,True,False,10,"1,2,3,4,5,6,7,8,9,10",1.0
aff11_wu25k_absq1_m128_seed1,11,y,97,91.57754995168806,True,10,10,11,0.9999995270348432,True,0.9999898136092461,M9l,0.29042388154298127,k2r,True,False,10,"1,2,3,4,5,6,7,8,9,10",1.0
aff11_wu25k_absq1_m128_seed1,11,y,98,86.57166442247501,True,10,10,11,0.9999996157182196,True,0.9999916949492368,M5l,0.2902368137367807,k2r,True,False,10,"1,2,3,4,5,6,7,8,9,10",1.0
aff11_wu25k_absq1_m128_seed1,11,y,99,94.01508293472693,True,10,10,11,0.9999998223365455,True,0.9999938889198913,M10l,0.2903610831023213,k2r,True,False,10,"1,2,3,4,5,6,7,8,9,10",1.0
aff11_wu25k_absq1_m128_seed1,11,y,100,87.49439463891699,True,10,10,11,0.9999995825074356,True,0.9999901364040744,M7l,0.2905329636120429,k2r,True,False,10,"1,2,3,4,5,6,7,8,9,10",1.0
aff11_wu25k_absq1_m128_seed1,11,y,101,93.02240318888192,True,10,10,11,0.9999995511035973,True,0.9999938079126569,M8l,0.29056439477016466,k2r,True,False,10,"1,2,3,4,5,6,7,8,9,10",1.0
aff11_wu25k_absq1_m128_seed1,11,y,102,88.39575631927403,True,10,10,11,0.9999995650459768,True,0.9999916342774252,M8l,0.2905803294623372,k2r,True,False,10,"1,2,3,4,5,6,7,8,9,10",1.0
aff11_wu25k_absq1_m128_seed1,11,y,103,88.2225738485867,True,10,10,11,0.9999993196817898,True,0.9999872313135052,M1l,0.29054627410575534,k2r,True,False,10,"1,2,3,4,5,6,7,8,9,10",1.0
aff11_wu25k_absq1_m128_seed1,11,y,104,90.15504912614519,True,10,10,11,0.9999995905388679,True,0.9999935941815196,M7l,0.29051801237761826,k2r,True,False,10,"1,2,3,4,5,6,7,8,9,10",1.0
aff11_wu25k_absq1_m128_seed1,11,y,105,90.63174867781917,True,10,10,11,0.9999995118079142,True,0.9999904524585157,M8l,0.2905741822339167,k2r,True,False,10,"1,2,3,4,5,6,7,8,9,10",1.0
aff11_wu25k_absq1_m128_seed1,11,y,106,92.18047688402409,True,10,10,11,0.9999995450941686,True,0.9999923041961453,M6l,0.2903204384243384,k2r,True,False,10,"1,2,3,4,5,6,7,8,9,10",1.0
aff11_wu25k_absq1_m128_seed1,11,y,107,89.02652701981171,True,10,10,11,0.9999993984214631,True,0.999988099057325,M5l,0.29022966914232884,k2r,True,False,10,"1,2,3,4,5,6,7,8,9,10",1.0
aff11_wu25k_absq1_m128_seed1,11,y,108,92.3690498031574,True,10,10,11,0.9999994121220688,True,0.9999887115947845,M2l,0.2903438167795663,k2r,True,False,10,"1,2,3,4,5,6,7,8,9,10",1.0
aff11_wu25k_absq1_m128_seed1,11,y,109,89.54444555139102,True,10,10,11,0.9999997607160951,True,0.9999940064340412,M1l,0.2905398831235595,k2r,True,False,10,"1,2,3,4,5,6,7,8,9,10",1.0
aff11_wu25k_absq1_m128_seed1,11,y,110,88.54310891885402,True,10,10,11,0.9999996069554158,True,0.9999909149519627,M8l,0.2905638217722332,k2r,True,False,10,"1,2,3,4,5,6,7,8,9,10",1.0
aff11_wu25k_absq1_m128_seed1,11,y,111,96.72819565733258,True,10,10,11,0.9999995695841705,True,0.9999934943676573,M6l,0.29033176162441543,k2r,True,False,10,"1,2,3,4,5,6,7,8,9,10",1.0
aff11_wu25k_absq1_m128_seed1,11,y,112,90.73756380366689,True,10,10,11,0.9999995719552228,True,0.9999910683482164,M5l,0.29023083737827077,k2r,True,False,10,"1,2,3,4,5,6,7,8,9,10",1.0
aff11_wu25k_absq1_m128_seed1,11,y,113,88.06112935207882,True,10,10,11,0.9999992298284185,True,0.9999918100358866,M5l,0.2902653072905586,k2r,True,False,10,"1,2,3,4,5,6,7,8,9,10",1.0
aff11_wu25k_absq1_m128_seed1,11,y,114,91.76800161901832,True,10,10,11,0.9999992517588839,True,0.9999891242415907,M3l,0.2902408705388438,k2r,True,False,10,"1,2,3,4,5,6,7,8,9,10",1.0
aff11_wu25k_absq1_m128_seed1,11,y,115,0.0003014243695677629,True,10,10,11,0.9543292615142245,True,0.37633115231881786,M9l,0.4148661364994544,k5l,False,False,10,"1,2,3,4,5,6,7,8,9,10",1.0
aff11_wu25k_absq1_m128_seed1,11,y,116,89.17723936130585,True,10,10,11,0.9999995709591066,True,0.9999930302868691,M9l,0.29040969181021203,k2r,True,False,10,"1,2,3,4,5,6,7,8,9,10",1.0
aff11_wu25k_absq1_m128_seed1,11,y,117,93.01119216219155,True,10,10,11,0.9999990582721678,True,0.9999886251991262,M0l,0.29070381745598783,k2r,True,False,10,"1,2,3,4,5,6,7,8,9,10",1.0
aff11_wu25k_absq1_m128_seed1,11,y,118,94.11502808438661,True,10,10,11,0.9999989717466977,True,0.9999922330772504,M0l,0.29070824897469894,k2r,True,False,10,"1,2,3,4,5,6,7,8,9,10",1.0
aff11_wu25k_absq1_m128_seed1,11,y,119,92.8000794188801,True,10,10,11,0.9999995665680292,True,0.9999916067179678,M6l,0.2903355863171594,k2r,True,False,10,"1,2,3,4,5,6,7,8,9,10",1.0
aff11_wu25k_absq1_m128_seed1,11,y,120,91.08779093364873,True,10,10,11,0.9999996055052655,True,0.9999878684181694,M6l,0.29034225102127337,k2r,True,False,10,"1,2,3,4,5,6,7,8,9,10",1.0
aff11_wu25k_absq1_m128_seed1,11,y,121,90.95706902086772,True,10,10,11,0.9999993823819203,True,0.9999923111423858,M8l,0.2905647459732609,k2r,True,False,10,"1,2,3,4,5,6,7,8,9,10",1.0
aff11_wu25k_absq1_m128_seed1,11,y,122,90.46695660449593,True,10,10,11,0.9999996462580769,True,0.9999930060584256,M5l,0.2902376367087042,k2r,True,False,10,"1,2,3,4,5,6,7,8,9,10",1.0
aff11_wu25k_absq1_m128_seed1,11,y,123,91.87569890385795,True,10,10,11,0.9999997789888975,True,0.9999925384988594,M3l,0.2902685908544736,k2r,True,False,10,"1,2,3,4,5,6,7,8,9,10",1.0
aff11_wu25k_absq1_m128_seed1,11,y,124,91.6117670106065,True,10,10,11,0.9999994452814688,True,0.9999890040195077,M9l,0.29040275153693496,k2r,True,False,10,"1,2,3,4,5,6,7,8,9,10",1.0
aff11_wu25k_absq1_m128_seed1,11,y,125,94.97592736150536,True,10,10,11,0.99999976370899,True,0.9999895724786869,M4l,0.29052653065290934,k2r,True,False,10,"1,2,3,4,5,6,7,8,9,10",1.0
aff11_wu25k_absq1_m128_seed1,11,y,126,88.68356242438371,True,10,10,11,0.9999990843947377,True,0.999987688933068,M1l,0.29056863771841446,k2r,True,False,10,"1,2,3,4,5,6,7,8,9,10",1.0
aff11_wu25k_absq1_m128_seed1,11,y,127,90.36513965235406,True,10,10,11,0.9999993584109063,True,0.9999938216404378,M7l,0.29053053008901486,k2r,True,False,10,"1,2,3,4,5,6,7,8,9,10",1.0
aff11_wu25k_absq1_m128_seed2,11,x,0,91.11712960450802,True,10,10,11,0.9999984132726734,True,0.9999899963506307,M10r,0.3669498379866457,k3l,True,False,10,"1,2,3,4,5,6,7,8,9,10",1.0
aff11_wu25k_absq1_m128_seed2,11,x,1,90.413520015841,True,10,10,11,0.9999989329559479,True,0.9999920122533069,M5r,0.3673739252341475,k3l,True,False,10,"1,2,3,4,5,6,7,8,9,10",1.0
aff11_wu25k_absq1_m128_seed2,11,x,2,89.23528486952674,True,10,10,11,0.9999989460966513,True,0.9999856311482865,M6r,0.36682388207408806,k3l,True,False,10,"1,2,3,4,5,6,7,8,9,10",1.0
aff11_wu25k_absq1_m128_seed2,11,x,3,90.40506311144962,True,10,10,11,0.9999995945838192,True,0.9999904379001279,M0r,0.3671396319970077,k3l,True,False,10,"1,2,3,4,5,6,7,8,9,10",1.0
aff11_wu25k_absq1_m128_seed2,11,x,4,91.70122542732206,True,10,10,11,0.9999990134125536,True,0.9999892132553427,M0r,0.36714973223491887,k3l,True,False,10,"1,2,3,4,5,6,7,8,9,10",1.0
aff11_wu25k_absq1_m128_seed2,11,x,5,89.77184337354163,True,10,10,11,0.9999991525919154,True,0.999990918732568,M6r,0.36684153890982013,k3l,True,False,10,"1,2,3,4,5,6,7,8,9,10",1.0
aff11_wu25k_absq1_m128_seed2,11,x,6,88.26250146967415,True,10,10,11,0.9999986153880593,True,0.9999889414534168,M2r,0.366658292908593,k3l,True,False,10,"1,2,3,4,5,6,7,8,9,10",1.0
aff11_wu25k_absq1_m128_seed2,11,x,7,85.53752427764887,True,10,10,11,0.9999994599232181,True,0.9999910556896473,M0r,0.3671368955453155,k3l,True,False,10,"1,2,3,4,5,6,7,8,9,10",1.0
aff11_wu25k_absq1_m128_seed2,11,x,8,88.43844274377932,True,10,10,11,0.999999515651184,True,0.9999857025593798,M9r,0.3674393117921468,k3l,True,False,10,"1,2,3,4,5,6,7,8,9,10",1.0
aff11_wu25k_absq1_m128_seed2,11,x,9,91.27233133593231,True,10,10,11,0.9999995641878088,True,0.9999848280767911,M10r,0.36695677294964013,k3l,True,False,10,"1,2,3,4,5,6,7,8,9,10",1.0
aff11_wu25k_absq1_m128_seed2,11,x,10,92.56368622744618,True,10,10,11,0.9999995059072818,True,0.999991560349341,M10r,0.36695859074666265,k3l,True,False,10,"1,2,3,4,5,6,7,8,9,10",1.0
aff11_wu25k_absq1_m128_seed2,11,x,11,88.21741877511613,True,10,10,11,0.9999992136107164,True,0.9999909437112419,M8r,0.3669388595635206,k3l,True,False,10,"1,2,3,4,5,6,7,8,9,10",1.0
aff11_wu25k_absq1_m128_seed2,11,x,12,90.60942104770903,True,10,10,11,0.9999998354102327,True,0.9999916717559802,M2r,0.3666536625562975,k3l,True,False,10,"1,2,3,4,5,6,7,8,9,10",1.0
aff11_wu25k_absq1_m128_seed2,11,x,13,87.53278622707062,True,10,10,11,0.9999981350537874,True,0.9999870074590836,M9r,0.36743340858643325,k3l,True,False,10,"1,2,3,4,5,6,7,8,9,10",1.0
aff11_wu25k_absq1_m128_seed2,11,x,14,167.4267839131083,True,9,1,0,0.999991570346487,True,1.4825788518751426e-06,M10l,2.4714303207345813e-06,k4r,False,False,0,,1.0
aff11_wu25k_absq1_m128_seed2,11,x,15,90.75476313286327,True,10,10,11,0.9999990748817564,True,0.9999910434936501,M6r,0.36685244814026813,k3l,True,False,10,"1,2,3,4,5,6,7,8,9,10",1.0
aff11_wu25k_absq1_m128_seed2,11,x,16,0.0002614117150005784,True,10,10,11,0.9386592491391451,True,0.320220905971493,M6r,0.6429589005937824,k3r,False,False,10,"1,2,3,4,5,6,7,8,9,10",1.0
aff11_wu25k_absq1_m128_seed2,11,x,17,89.24195118213264,True,10,10,11,0.9999999036374052,True,0.9999914803591782,M2r,0.36667457516591945,k3l,True,False,10,"1,2,3,4,5,6,7,8,9,10",1.0
aff11_wu25k_absq1_m128_seed2,11,x,18,88.6306725672231,True,10,10,11,0.9999996584107521,True,0.9999891644190072,M1r,0.3671192265176256,k3l,True,False,10,"1,2,3,4,5,6,7,8,9,10",1.0
aff11_wu25k_absq1_m128_seed2,11,x,19,90.21897220508326,True,10,10,11,0.9999994995553405,True,0.9999916362152005,M3r,0.3670980589258804,k3l,True,False,10,"1,2,3,4,5,6,7,8,9,10",1.0
aff11_wu25k_absq1_m128_seed2,11,x,20,88.06536881718922,True,10,10,11,0.9999996016195704,True,0.9999939848557091,M0r,0.3671343633926553,k3l,True,False,10,"1,2,3,4,5,6,7,8,9,10",1.0
aff11_wu25k_absq1_m128_seed2,11,x,21,84.91102237759623,True,10,10,11,0.9999996599316375,True,0.9999922516212516,M7r,0.36725023583242317,k3l,True,False,10,"1,2,3,4,5,6,7,8,9,10",1.0
aff11_wu25k_absq1_m128_seed2,11,x,22,91.97762925447573,True,10,10,11,0.999999561928698,True,0.9999921617865153,M4r,0.36699829357315006,k3l,True,False,10,"1,2,3,4,5,6,7,8,9,10",1.0
aff11_wu25k_absq1_m128_seed2,11,x,23,88.82378334871923,True,10,10,11,0.9999983314523567,True,0.9999908975552039,M9r,0.36743412499635236,k3l,True,False,10,"1,2,3,4,5,6,7,8,9,10",1.0
aff11_wu25k_absq1_m128_seed2,11,x,24,90.63722946040652,True,10,10,11,0.9999999019593999,True,0.9999919873066161,M2r,0.36663963521179466,k3l,True,False,10,"1,2,3,4,5,6,7,8,9,10",1.0
aff11_wu25k_absq1_m128_seed2,11,x,25,86.63196560112979,True,10,10,11,0.9999997979942827,True,0.9999951569825573,M8r,0.3669501651919333,k3l,True,False,10,"1,2,3,4,5,6,7,8,9,10",1.0
aff11_wu25k_absq1_m128_seed2,11,x,26,88.25305291952995,True,10,10,11,0.9999997518575355,True,0.9999937397528189,M7r,0.367238651706781,k3l,True,False,10,"1,2,3,4,5,6,7,8,9,10",1.0
aff11_wu25k_absq1_m128_seed2,11,x,27,89.08912636718861,True,10,10,11,0.9999990960329579,True,0.9999888458426247,M6r,0.36681772860972783,k3l,True,False,10,"1,2,3,4,5,6,7,8,9,10",1.0
aff11_wu25k_absq1_m128_seed2,11,x,28,87.83083712431483,True,10,10,11,0.9999998020091332,True,0.9999945829767799,M8r,0.3669562818833991,k3l,True,False,10,"1,2,3,4,5,6,7,8,9,10",1.0
aff11_wu25k_absq1_m128_seed2,11,x,29,87.8986376613696,True,10,10,11,0.9999995830264684,True,0.9999935162408989,M5r,0.36736784102681624,k3l,True,False,10,"1,2,3,4,5,6,7,8,9,10",1.0
aff11_wu25k_absq1_m128_seed2,11,x,30,92.1015048485146,True,10,10,11,0.999999787338973,True,0.9999909689035654,M4r,0.3669843590360977,k3l,True,False,10,"1,2,3,4,5,6,7,8,9,10",1.0
aff11_wu25k_absq1_m128_seed2,11,x,31,85.02281488655922,True,10,10,11,0.9999995268934366,True,0.9999932752648243,M3r,0.3671088571245539,k3l,True,False,10,"1,2,3,4,5,6,7,8,9,10",1.0
aff11_wu25k_absq1_m128_seed2,11,x,32,90.30393008150244,True,10,10,11,0.9999997495036084,True,0.9999940403431109,M8r,0.3669509128622932,k3l,True,False,10,"1,2,3,4,5,6,7,8,9,10",1.0
aff11_wu25k_absq1_m128_seed2,11,x,33,89.17000384722694,True,10,10,11,0.9999984148092225,True,0.9999900034002189,M4r,0.36698272883918226,k3l,True,False,10,"1,2,3,4,5,6,7,8,9,10",1.0
aff11_wu25k_absq1_m128_seed2,11,x,34,90.7033743917397,True,10,10,11,0.9999996069287624,True,0.9999925323111633,M8r,0.3669388507712363,k3l,True,False,10,"1,2,3,4,5,6,7,8,9,10",1.0
aff11_wu25k_absq1_m128_seed2,11,x,35,92.51715808996411,True,10,10,11,0.9999991705205272,True,0.9999912716247675,M6r,0.3668452594569858,k3l,True,False,10,"1,2,3,4,5,6,7,8,9,10",1.0
aff11_wu25k_absq1_m128_seed2,11,x,36,90.7082391552114,True,10,10,11,0.9999995569391937,True,0.9999931959603103,M7r,0.3672465035077889,k3l,True,False,10,"1,2,3,4,5,6,7,8,9,10",1.0
aff11_wu25k_absq1_m128_seed2,11,x,37,86.19399925144688,True,10,10,11,0.9999997642449661,True,0.9999913751762911,M4r,0.3669656114980163,k3l,True,False,10,"1,2,3,4,5,6,7,8,9,10",1.0
aff11_wu25k_absq1_m128_seed2,11,x,38,0.00023349742539449756,True,10,10,11,0.9976465673887716,True,0.32410176846200484,M4l,0.3866485848842584,k3r,False,False,10,"1,2,3,4,5,6,7,8,9,10",1.0
aff11_wu25k_absq1_m128_seed2,11,x,39,89.92150710435595,True,10,10,11,0.9999996941820173,True,0.9999908803296615,M3r,0.3671208252684382,k3l,True,False,10,"1,2,3,4,5,6,7,8,9,10",1.0
aff11_wu25k_absq1_m128_seed2,11,x,40,90.43801995001022,True,10,10,11,0.9999991795344508,True,0.9999864003059774,M4r,0.3669890582690025,k3l,True,False,10,"1,2,3,4,5,6,7,8,9,10",1.0
aff11_wu25k_absq1_m128_seed2,11,x,41,89.39854427078575,True,10,10,11,0.9999988080866501,True,0.9999911348907999,M6r,0.3668353546794235,k3l,True,False,10,"1,2,3,4,5,6,7,8,9,10",1.0
aff11_wu25k_absq1_m128_seed2,11,x,42,90.92079946220561,True,10,10,11,0.9999996723212932,True,0.9999866797841878,M9r,0.3674249249566115,k3l,True,False,10,"1,2,3,4,5,6,7,8,9,10",1.0
aff11_wu25k_absq1_m128_seed2,11,x,43,88.16304092498758,True,10,10,11,0.9999996242684424,True,0.9999880334962368,M1r,0.3671267418472095,k3l,True,False,10,"1,2,3,4,5,6,7,8,9,10",1.0
aff11_wu25k_absq1_m128_seed2,11,x,44,88.4336710540314,True,10,10,11,0.9999994000297356,True,0.999993515740038,M3r,0.36709877637725874,k3l,True,False,10,"1,2,3,4,5,6,7,8,9,10",1.0
aff11_wu25k_absq1_m128_seed2,11,x,45,89.62468589194197,True,10,10,11,0.9999991770993641,True,0.9999923377758215,M0r,0.36714041224689176,k3l,True,False,10,"1,2,3,4,5,6,7,8,9,10",1.0
aff11_wu25k_absq1_m128_seed2,11,x,46,137.81325820358742,True,9,1,0,0.9999923799425636,True,1.3598332000412196e-06,M7r,2.296943025376182e-06,k4r,False,False,0,,1.0
aff11_wu25k_absq1_m128_seed2,11,x,47,89.2845652790953,True,10,10,11,0.9999997274693595,True,0.9999915881271499,M2r,0.36666509644120565,k3l,True,False,10,"1,2,3,4,5,6,7,8,9,10",1.0
aff11_wu25k_absq1_m128_seed2,11,x,48,88.96620978584745,True,10,10,11,0.9999996499677886,True,0.9999918874965548,M8r,0.3669322144006422,k3l,True,False,10,"1,2,3,4,5,6,7,8,9,10",1.0
aff11_wu25k_absq1_m128_seed2,11,x,49,0.00025145352490326143,True,10,10,11,0.9917805888137458,True,0.32137865135326615,M4l,0.37090749513692867,k4r,False,False,10,"1,2,3,4,5,6,7,8,9,10",1.0
aff11_wu25k_absq1_m128_seed2,11,x,50,86.01778060874443,True,10,10,11,0.9999990925782182,True,0.9999863132327144,M5r,0.36737091746573686,k3l,True,False,10,"1,2,3,4,5,6,7,8,9,10",1.0
aff11_wu25k_absq1_m128_seed2,11,x,51,89.13234355158112,True,10,10,11,0.999999797136808,True,0.999993465275314,M8r,0.3669492700926623,k3l,True,False,10,"1,2,3,4,5,6,7,8,9,10",1.0
aff11_wu25k_absq1_m128_seed2,11,x,52,87.32044981902797,True,10,10,11,0.9999997968446657,True,0.9999879452069513,M4r,0.366979135157164,k3l,True,False,10,"1,2,3,4,5,6,7,8,9,10",1.0
aff11_wu25k_absq1_m128_seed2,11,x,53,92.315321069585,True,10,10,11,0.9999996393963742,True,0.9999901797856646,M1r,0.36712955576895995,k3l,True,False,10,"1,2,3,4,5,6,7,8,9,10",1.0
aff11_wu25k_absq1_m128_seed2,11,x,54,88.47559140444058,True,10,10,11,0.9999994149698055,True,0.9999903675976848,M5r,0.3673753806140259,k3l,True,False,10,"1,2,3,4,5,6,7,8,9,10",1.0
aff11_wu25k_absq1_m128_seed2,11,x,55,90.78864865330574,True,10,10,11,0.9999992673183248,True,0.999984635661356,M0r,0.3671380936378039,k3l,True,False,10,"1,2,3,4,5,6,7,8,9,10",1.0
aff11_wu25k_absq1_m128_seed2,11,x,56,93.77342254405733,True,10,10,11,0.9999996441709854,True,0.9999944240668686,M7r,0.3672410669705323,k3l,True,False,10,"1,2,3,4,5,6,7,8,9,10",1.0
aff11_wu25k_absq1_m128_seed2,11,x,57,93.08398398444126,True,10,10,11,0.9999995050573098,True,0.999992603727622,M2r,0.366671101999908,k3l,True,False,10,"1,2,3,4,5,6,7,8,9,10",1.0
aff11_wu25k_absq1_m128_seed2,11,x,58,86.54775180880834,True,10,10,11,0.9999995882957835,True,0.9999943992125283,M8r,0.3669437951230751,k3l,True,False,10,"1,2,3,4,5,6,7,8,9,10",1.0
aff11_wu25k_absq1_m128_seed2,11,x,59,87.5769525511204,True,10,10,11,0.9999997149966582,True,0.9999945972097115,M7r,0.3672563173083025,k3l,True,False,10,"1,2,3,4,5,6,7,8,9,10",1.0
aff11_wu25k_absq1_m128_seed2,11,x,60,92.32319118109761,True,10,10,11,0.9999989297640155,True,0.9999926167137116,M0r,0.3671411405432968,k3l,True,False,10,"1,2,3,4,5,6,7,8,9,10",1.0
aff11_wu25k_absq1_m128_seed2,11,x,61,88.85090883740364,True,10,10,11,0.9999991897503201,True,0.9999888548608218,M6r,0.366841581538098,k3l,True,False,10,"1,2,3,4,5,6,7,8,9,10",1.0
aff11_wu25k_absq1_m128_seed2,11,x,62,89.3416622681128,True,10,10,11,0.9999994963588115,True,0.999988839140801,M10r,0.3669453513953194,k3l,True,False,10,"1,2,3,4,5,6,7,8,9,10",1.0
aff11_wu25k_absq1_m128_seed2,11,x,63,89.12740051688189,True,10,10,11,0.9999995880188024,True,0.9999907221224644,M9r,0.36744501824832015,k3l,True,False,10,"1,2,3,4,5,6,7,8,9,10",1.0
aff11_wu25k_absq1_m128_seed2,11,x,64,88.39129457184715,True,10,10,11,0.9999994131020324,True,0.9999894107628597,M7r,0.3672482293301397,k3l,True,False,10,"1,2,3,4,5,6,7,8,9,10",1.0
aff11_wu25k_absq1_m128_seed2,11,x,65,88.45691550455568,True,10,10,11,0.99999964784695,True,0.9999936966419294,M9r,0.36743970525257375,k3l,True,False,10,"1,2,3,4,5,6,7,8,9,10",1.0
aff11_wu25k_absq1_m128_seed2,11,x,66,89.89567186767374,True,10,10,11,0.9999991734320367,True,0.9999927225558134,M6r,0.3668267551936429,k3l,True,False,10,"1,2,3,4,5,6,7,8,9,10",1.0
aff11_wu25k_absq1_m128_seed2,11,x,67,88.43855138960826,True,10,10,11,0.9999995884933864,True,0.9999930412501333,M5r,0.36738904808985484,k3l,True,False,10,"1,2,3,4,5,6,7,8,9,10",1.0
aff11_wu25k_absq1_m128_seed2,11,x,68,88.56870030686721,True,10,10,11,0.9999992357859606,True,0.9999884276188511,M10r,0.3669500940838478,k3l,True,False,10,"1,2,3,4,5,6,7,8,9,10",1.0
aff11_wu25k_absq1_m128_seed2,11,x,69,92.42466248562536,True,10,10,11,0.9999995075766694,True,0.9999889508948563,M10r,0.3669618421948877,k3l,True,False,10,"1,2,3,4,5,6,7,8,9,10",1.0
aff11_wu25k_absq1_m128_seed2,11,x,70,90.38303334759006,True,10,10,11,0.999999877257373,True,0.9999936344615994,M2r,0.3666499972493613,k3l,True,False,10,"1,2,3,4,5,6,7,8,9,10",1.0
aff11_wu25k_absq1_m128_seed2,11,x,71,89.30829495478186,True,10,10,11,0.9999993253653288,True,0.9999895054210378,M1r,0.3671387712996883,k3l,True,False,10,"1,2,3,4,5,6,7,8,9,10",1.0
aff11_wu25k_absq1_m128_seed2,11,x,72,91.94701399691755,True,10,10,11,0.9999995611908957,True,0.9999795069984887,M10r,0.3669529732638436,k3l,True,False,10,"1,2,3,4,5,6,7,8,9,10",1.0
aff11_wu25k_absq1_m128_seed2,11,x,73,90.84865651122196,True,10,10,11,0.9999996868651895,True,0.9999877039729158,M9r,0.3674223807486046,k3l,True,False,10,"1,2,3,4,5,6,7,8,9,10",1.0
aff11_wu25k_absq1_m128_seed2,11,x,74,88.53353547970306,True,10,10,11,0.9999995145100418,True,0.9999898753218011,M5r,0.3673632229655158,k3l,True,False,10,"1,2,3,4,5,6,7,8,9,10",1.0
aff11_wu25k_absq1_m128_seed2,11,x,75,88.11636555075106,True,10,10,11,0.999999759527112,True,0.9999919380083183,M3r,0.36711418963416415,k3l,True,False,10,"1,2,3,4,5,6,7,8,9,10",1.0
aff11_wu25k_absq1_m128_seed2,11,x,76,87.5713636065102,True,10,10,11,0.9999983411823521,True,0.9999889109895699,M1r,0.3671288323225084,k3l,True,False,10,"1,2,3,4,5,6,7,8,9,10",1.0
aff11_wu25k_absq1_m128_seed2,11,x,77,88.40128743767686,True,10,10,11,0.999999592704099,True,0.9999884819537548,M1r,0.3671399485688246,k3l,True,False,10,"1,2,3,4,5,6,7,8,9,10",1.0
aff11_wu25k_absq1_m128_seed2,11,x,78,92.9074052646914,True,10,10,11,0.9999991220235669,True,0.9999916450502836,M5r,0.3673835680886184,k3l,True,False,10,"1,2,3,4,5,6,7,8,9,10",1.0
aff11_wu25k_absq1_m128_seed2,11,x,79,90.4786809548329,True,10,10,11,0.9999985226575775,True,0.9999918661409088,M2r,0.36665914711907616,k3l,True,False,10,"1,2,3,4,5,6,7,8,9,10",1.0
aff11_wu25k_absq1_m128_seed2,11,x,80,87.80698059856658,True,10,10,11,0.9999997697171545,True,0.9999898722425836,M3r,0.36711195379421135,k3l,True,False,10,"1,2,3,4,5,6,7,8,9,10",1.0
aff11_wu25k_absq1_m128_seed2,11,x,81,90.6392146123657,True,10,10,11,0.999999828453417,True,0.9999929745390919,M4r,0.36697796660889054,k3l,True,False,10,"1,2,3,4,5,6,7,8,9,10",1.0
aff11_wu25k_absq1_m128_seed2,11,x,82,85.4687903763976,True,10,10,11,0.9999998026844746,True,0.9999899804142565,M3r,0.3671102574554719,k3l,True,False,10,"1,2,3,4,5,6,7,8,9,10",1.0
aff11_wu25k_absq1_m128_seed2,11,x,83,87.31842670898737,True,10,10,11,0.9999997734125665,True,0.9999923096827043,M3r,0.3671059778240543,k3l,True,False,10,"1,2,3,4,5,6,7,8,9,10",1.0
aff11_wu25k_absq1_m128_seed2,11,x,84,89.30350456922551,True,10,10,11,0.9999994944850393,True,0.9999928312255582,M10r,0.3669574215847917,k3l,True,False,10,"1,2,3,4,5,6,7,8,9,10",1.0
aff11_wu25k_absq1_m128_seed2,11,x,85,89.02108357097029,True,10,10,11,0.9999997602438851,True,0.9999914960861498,M3r,0.3671097384529129,k3l,True,False,10,"1,2,3,4,5,6,7,8,9,10",1.0
aff11_wu25k_absq1_m128_seed2,11,x,86,88.44181576423422,True,10,10,11,0.9999997661041591,True,0.9999928671952907,M7r,0.36725147361276284,k3l,True,False,10,"1,2,3,4,5,6,7,8,9,10",1.0
aff11_wu25k_absq1_m128_seed2,11,x,87,0.0005992286360642495,True,10,10,11,0.9977959317462725,True,0.40950077053006867,M8r,0.422619037736395,k2r,False,False,10,"1,2,3,4,5,6,7,8,9,10",1.0
aff11_wu25k_absq1_m128_seed2,11,x,88,86.65821469444217,True,10,10,11,0.9999996046508608,True,0.9999933538623947,M5r,0.3673736335294265,k3l,True,False,10,"1,2,3,4,5,6,7,8,9,10",1.0
aff11_wu25k_absq1_m128_seed2,11,x,89,88.42910198959429,True,10,10,11,0.9999998299265193,True,0.9999842312885182,M4r,0.36697305689197607,k3l,True,False,10,"1,2,3,4,5,6,7,8,9,10",1.0
aff11_wu25k_absq1_m128_seed2,11,x,90,90.9684767611051,True,10,10,11,0.9999995775186362,True,0.9999948942883461,M0r,0.36714117703574245,k3l,True,False,10,"1,2,3,4,5,6,7,8,9,10",1.0
aff11_wu25k_absq1_m128_seed2,11,x,91,93.29411369390841,True,10,10,11,0.9999996842050559,True,0.9999853760944725,M9r,0.3674253476562401,k3l,True,False,10,"1,2,3,4,5,6,7,8,9,10",1.0
aff11_wu25k_absq1_m128_seed2,11,x,92,0.00011672509715569455,True,10,10,11,0.9979994792143483,True,0.4982140597845403,M9r,0.5497658383713533,k4r,False,False,10,"1,2,3,4,5,6,7,8,9,10",1.0
aff11_wu25k_absq1_m128_seed2,11,x,93,93.49099537461619,True,10,10,11,0.9999995704072245,True,0.9999921634076825,M10r,0.36694740724419456,k3l,True,False,10,"1,2,3,4,5,6,7,8,9,10",1.0
aff11_wu25k_absq1_m128_seed2,11,x,94,89.07914215989742,True,10,10,11,0.9999995187807408,True,0.9999913252377148,M9r,0.367436036640215,k3l,True,False,10,"1,2,3,4,5,6,7,8,9,10",1.0
aff11_wu25k_absq1_m128_seed2,11,x,95,85.04340344895921,True,10,10,11,0.9999997966381754,True,0.999994426368121,M8r,0.3669390593063227,k3l,True,False,10,"1,2,3,4,5,6,7,8,9,10",1.0
aff11_wu25k_absq1_m128_seed2,11,x,96,87.42583932619631,True,10,10,11,0.9999996131582195,True,0.9999915355102067,M3r,0.36712596475394055,k3l,True,False,10,"1,2,3,4,5,6,7,8,9,10",1.0
aff11_wu25k_absq1_m128_seed2,11,x,97,91.01289650566947,True,10,10,11,0.9999991275464882,True,0.9999844434217033,M6r,0.36682060306801917,k3l,True,False,10,"1,2,3,4,5,6,7,8,9,10",1.0
aff11_wu25k_absq1_m128_seed2,11,x,98,91.3898121195463,True,10,10,11,0.9999995566257517,True,0.9999918274553873,M7r,0.36724756578860324,k3l,True,False,10,"1,2,3,4,5,6,7,8,9,10",1.0
aff11_wu25k_absq1_m128_seed2,11,x,99,89.40241815151819,True,10,10,11,0.9999995065361217,True,0.9999941902595362,M1r,0.367116784260073,k3l,True,False,10,"1,2,3,4,5,6,7,8,9,10",1.0
aff11_wu25k_absq1_m128_seed2,11,x,100,87.06141814570559,True,10,10,11,0.9999997132938366,True,0.9999942639499362,M7r,0.36724524242140305,k3l,True,False,10,"1,2,3,4,5,6,7,8,9,10",1.0
aff11_wu25k_absq1_m128_seed2,11,x,101,88.4517798778245,True,10,10,11,0.9999998904001196,True,0.9999932492967244,M2r,0.36665358209018406,k3l,True,False,10,"1,2,3,4,5,6,7,8,9,10",1.0
aff11_wu25k_absq1_m128_seed2,11,x,102,87.07620397192348,True,10,10,11,0.9999995985780836,True,0.9999925464061642,M0r,0.3671462522717199,k3l,True,False,10,"1,2,3,4,5,6,7,8,9,10",1.0
aff11_wu25k_absq1_m128_seed2,11,x,103,90.22388328289126,True,10,10,11,0.9999994310301361,True,0.999990986454145,M0r,0.36715340216308023,k3l,True,False,10,"1,2,3,4,5,6,7,8,9,10",1.0
aff11_wu25k_absq1_m128_seed2,11,x,104,91.32351942994444,True,10,10,11,0.9999996537382837,True,0.9999920504871114,M5r,0.3673611552347419,k3l,True,False,10,"1,2,3,4,5,6,7,8,9,10",1.0
aff11_wu25k_absq1_m128_seed2,11,x,105,88.08435689417163,True,10,10,11,0.9999989701622146,True,0.9999887762023525,M3r,0.3671089416313044,k3l,True,False,10,"1,2,3,4,5,6,7,8,9,10",1.0
aff11_wu25k_absq1_m128_seed2,11,x,106,90.720621290961,True,10,10,11,0.9999993706208475,True,0.9999917909331918,M1r,0.36711349702740353,k3l,True,False,10,"1,2,3,4,5,6,7,8,9,10",1.0
aff11_wu25k_absq1_m128_seed2,11,x,107,88.8437228423709,True,10,10,11,0.9999998191520689,True,0.9999867809598002,M4r,0.36698836673123075,k3l,True,False,10,"1,2,3,4,5,6,7,8,9,10",1.0
aff11_wu25k_absq1_m128_seed2,11,x,108,88.50296105664947,True,10,10,11,0.9999996945920606,True,0.9999878158860691,M9r,0.36743830536573097,k3l,True,False,10,"1,2,3,4,5,6,7,8,9,10",1.0
aff11_wu25k_absq1_m128_seed2,11,x,109,90.74318615591913,True,10,10,11,0.9999996098382149,True,0.9999920864123604,M5r,0.3673760680177247,k3l,True,False,10,"1,2,3,4,5,6,7,8,9,10",1.0
aff11_wu25k_absq1_m128_seed2,11,x,110,92.01541951571572,True,10,10,11,0.999999495195795,True,0.9999883661721486,M9r,0.36743730088293935,k3l,True,False,10,"1,2,3,4,5,6,7,8,9,10",1.0
aff11_wu25k_absq1_m128_seed2,11,x,111,92.94511929407221,True,10,10,11,0.9999995581061711,True,0.9999853612556593,M10r,0.3669636515894351,k3l,True,False,10,"1,2,3,4,5,6,7,8,9,10",1.0
aff11_wu25k_absq1_m128_seed2,11,x,112,86.83700065177067,True,10,10,11,0.9999991154704572,True,0.9999901703402738,M6r,0.3668372972409672,k3l,True,False,10,"1,2,3,4,5,6,7,8,9,10",1.0
aff11_wu25k_absq1_m128_seed2,11,x,113,92.30674719969544,True,10,10,11,0.9999996189000466,True,0.9999919732484578,M5r,0.36737812830956645,k3l,True,False,10,"1,2,3,4,5,6,7,8,9,10",1.0
aff11_wu25k_absq1_m128_seed2,11,x,114,90.42305201111665,True,10,10,11,0.9999997127838344,True,0.9999941736817001,M7r,0.36724548476972374,k3l,True,False,10,"1,2,3,4,5,6,7,8,9,10",1.0
aff11_wu25k_absq1_m128_seed2,11,x,115,90.04099248432874,True,10,10,11,0.9999991688246898,True,0.9999876615667058,M0r,0.3671438803815082,k3l,True,False,10,"1,2,3,4,5,6,7,8,9,10",1.0
aff11_wu25k_absq1_m128_seed2,11,x,116,85.14177790079906,True,10,10,11,0.9999996597934748,True,0.9999945190932074,M7r,0.3672471855660395,k3l,True,False,10,"1,2,3,4,5,6,7,8,9,10",1.0
aff11_wu25k_absq1_m128_seed2,11,x,117,86.70551785416804,True,10,10,11,0.9999991277599797,True,0.9999889395542763,M10r,0.3669469937245572,k3l,True,False,10,"1,2,3,4,5,6,7,8,9,10",1.0
aff11_wu25k_absq1_m128_seed2,11,x,118,90.9297736613549,True,10,10,11,0.9999998688826717,True,0.9999947386811867,M2r,0.3666489963041663,k3l,True,False,10,"1,2,3,4,5,6,7,8,9,10",1.0
aff11_wu25k_absq1_m128_seed2,11,x,119,88.40998534350031,True,10,10,11,0.9999996310838726,True,0.9999919554829289,M8r,0.3669521479403681,k3l,True,False,10,"1,2,3,4,5,6,7,8,9,10",1.0
aff11_wu25k_absq1_m128_seed2,11,x,120,88.00760137883589,True,10,10,11,0.99999958444882,True,0.999991311640936,M1r,0.3671423236753523,k3l,True,False,10,"1,2,3,4,5,6,7,8,9,10",1.0
aff11_wu25k_absq1_m128_seed2,11,x,121,91.16631341432162,True,10,10,11,0.9999991192446325,True,0.9999921669386342,M1r,0.36712157447369786,k3l,True,False,10,"1,2,3,4,5,6,7,8,9,10",1.0
aff11_wu25k_absq1_m128_seed2,11,x,122,88.08973434450651,True,10,10,11,0.999999179550513,True,0.999992820747715,M4r,0.36697457108827547,k3l,True,False,10,"1,2,3,4,5,6,7,8,9,10",1.0
aff11_wu25k_absq1_m128_seed2,11,x,123,92.13464173122158,True,10,10,11,0.9999988442748017,True,0.9999867707820516,M6r,0.36682888188974766,k3l,True,False,10,"1,2,3,4,5,6,7,8,9,10",1.0
aff11_wu25k_absq1_m128_seed2,11,x,124,88.26409129473029,True,10,10,11,0.999999732007685,True,0.9999922858338455,M2r,0.3666657783131376,k3l,True,False,10,"1,2,3,4,5,6,7,8,9,10",1.0
aff11_wu25k_absq1_m128_seed2,11,x,125,86.68303759563018,True,10,10,11,0.9999996595178825,True,0.9999922781516701,M1r,0.36713761942734285,k3l,True,False,10,"1,2,3,4,5,6,7,8,9,10",1.0
aff11_wu25k_absq1_m128_seed2,11,x,126,88.63441678480042,True,10,10,11,0.999999379208006,True,0.9999945226029434,M4r,0.3669722704677013,k3l,True,False,10,"1,2,3,4,5,6,7,8,9,10",1.0
aff11_wu25k_absq1_m128_seed2,11,x,127,90.11788126112694,True,10,10,11,0.9999990728456589,True,0.9999868612822784,M8r,0.3669539392468853,k3l,True,False,10,"1,2,3,4,5,6,7,8,9,10",1.0
aff11_wu25k_absq1_m128_seed2,11,y,0,90.25981164377083,True,10,10,11,0.9999998050516847,True,0.9999896786450388,M9l,0.36690465822233914,k3r,True,False,10,"1,2,3,4,5,6,7,8,9,10",1.0
aff11_wu25k_absq1_m128_seed2,11,y,1,89.4006714639471,True,10,10,11,0.9999996267303769,True,0.99998912091258,M5l,0.3667919713139933,k3r,True,False,10,"1,2,3,4,5,6,7,8,9,10",1.0
aff11_wu25k_absq1_m128_seed2,11,y,2,88.41032509917962,True,10,10,11,0.999999688448355,True,0.999991123907942,M8l,0.3665967243006795,k3r,True,False,10,"1,2,3,4,5,6,7,8,9,10",1.0
aff11_wu25k_absq1_m128_seed2,11,y,3,89.70286045193322,True,10,10,11,0.9999998079658355,True,0.9999924559452291,M6l,0.3668843066847405,k3r,True,False,10,"1,2,3,4,5,6,7,8,9,10",1.0
aff11_wu25k_absq1_m128_seed2,11,y,4,91.13860663936245,True,10,10,11,0.9999994699121268,True,0.9999888168577782,M0l,0.36668064731271865,k3r,True,False,10,"1,2,3,4,5,6,7,8,9,10",1.0
aff11_wu25k_absq1_m128_seed2,11,y,5,89.1917463077171,True,10,10,11,0.9999994700128111,True,0.9999847336742623,M4l,0.3668860317681424,k3r,True,False,10,"1,2,3,4,5,6,7,8,9,10",1.0
aff11_wu25k_absq1_m128_seed2,11,y,6,87.13963672653976,True,10,10,11,0.9999995377728949,True,0.9999915797294979,M5l,0.36679033916999754,k3r,True,False,10,"1,2,3,4,5,6,7,8,9,10",1.0
aff11_wu25k_absq1_m128_seed2,11,y,7,84.3648686685452,True,10,10,11,0.9999996508146939,True,0.9999937239937902,M10l,0.3667865858761312,k3r,True,False,10,"1,2,3,4,5,6,7,8,9,10",1.0
aff11_wu25k_absq1_m128_seed2,11,y,8,87.49670757024852,True,10,10,11,0.999999715153245,True,0.9999928707220136,M0l,0.366684349835117,k3r,True,False,10,"1,2,3,4,5,6,7,8,9,10",1.0
aff11_wu25k_absq1_m128_seed2,11,y,9,89.99953319711858,True,10,10,11,0.9999993187154053,True,0.999990889618184,M0l,0.3667035560313302,k3r,True,False,10,"1,2,3,4,5,6,7,8,9,10",1.0
aff11_wu25k_absq1_m128_seed2,11,y,10,91.47795024814796,True,10,10,11,0.999999242555939,True,0.9999933129751749,M4l,0.36688973141358566,k3r,True,False,10,"1,2,3,4,5,6,7,8,9,10",1.0
aff11_wu25k_absq1_m128_seed2,11,y,11,87.45785239418417,True,10,10,11,0.999999816199282,True,0.9999904558348967,M9l,0.3668993541187583,k3r,True,False,10,"1,2,3,4,5,6,7,8,9,10",1.0
aff11_wu25k_absq1_m128_seed2,11,y,12,89.53344151415432,True,10,10,11,0.9999988790740679,True,0.9999899189274842,M8l,0.3665919089303428,k3r,True,False,10,"1,2,3,4,5,6,7,8,9,10",1.0
aff11_wu25k_absq1_m128_seed2,11,y,13,86.70665688831565,True,10,10,11,0.999999159402406,True,0.9999907833075795,M6l,0.3668826028843038,k3r,True,False,10,"1,2,3,4,5,6,7,8,9,10",1.0
aff11_wu25k_absq1_m128_seed2,11,y,14,167.3994992506168,True,9,1,0,0.9999896865645819,True,2.3979580367068206e-06,M4r,3.830482010083679e-06,k3r,False,False,0,,1.0
aff11_wu25k_absq1_m128_seed2,11,y,15,90.40134631805387,True,10,10,11,0.9999993755634256,True,0.9999896184544756,M7l,0.36686276254000866,k3r,True,False,10,"1,2,3,4,5,6,7,8,9,10",1.0
aff11_wu25k_absq1_m128_seed2,11,y,16,0.0001036863475313648,True,10,10,11,0.9980377535899775,True,0.5148535239202228,M7l,0.36561330338438586,k3r,False,False,10,"1,2,3,4,5,6,7,8,9,10",1.0
aff11_wu25k_absq1_m128_seed2,11,y,17,87.87902674714091,True,10,10,11,0.9999998573750005,True,0.9999887771401812,M10l,0.36677318563901495,k3r,True,False,10,"1,2,3,4,5,6,7,8,9,10",1.0
aff11_wu25k_absq1_m128_seed2,11,y,18,87.67147489621921,True,10,10,11,0.9999994132548142,True,0.9999914765693548,M7l,0.36686291933378895,k3r,True,False,10,"1,2,3,4,5,6,7,8,9,10",1.0
aff11_wu25k_absq1_m128_seed2,11,y,19,89.03397070812848,True,10,10,11,0.999999825995403,True,0.9999932002049693,M9l,0.36688651747893847,k3r,True,False,10,"1,2,3,4,5,6,7,8,9,10",1.0
aff11_wu25k_absq1_m128_seed2,11,y,20,87.68971277978808,True,10,10,11,0.9999998521748383,True,0.9999895842272989,M1l,0.3668388637135822,k3r,True,False,10,"1,2,3,4,5,6,7,8,9,10",1.0
aff11_wu25k_absq1_m128_seed2,11,y,21,83.99075814805374,True,10,10,11,0.9999996811273351,True,0.9999911737778945,M6l,0.36689419322977557,k3r,True,False,10,"1,2,3,4,5,6,7,8,9,10",1.0
aff11_wu25k_absq1_m128_seed2,11,y,22,90.84097771501925,True,10,10,11,0.9999994926772612,True,0.9999903469277427,M3l,0.3667118811234388,k3r,True,False,10,"1,2,3,4,5,6,7,8,9,10",1.0
aff11_wu25k_absq1_m128_seed2,11,y,23,87.82618077457796,True,10,10,11,0.9999997009498066,True,0.999993218711764,M8l,0.36660226928472833,k3r,True,False,10,"1,2,3,4,5,6,7,8,9,10",1.0
aff11_wu25k_absq1_m128_seed2,11,y,24,89.45153146427208,True,10,10,11,0.9999979198669122,True,0.9999889275774165,M0l,0.3666903040598598,k3r,True,False,10,"1,2,3,4,5,6,7,8,9,10",1.0
aff11_wu25k_absq1_m128_seed2,11,y,25,85.7617284966825,True,10,10,11,0.9999997479251094,True,0.9999918840416911,M4l,0.36687825839524757,k3r,True,False,10,"1,2,3,4,5,6,7,8,9,10",1.0
aff11_wu25k_absq1_m128_seed2,11,y,26,87.1968017684805,True,10,10,11,0.9999998303968254,True,0.9999895752939653,M9l,0.36690604763323137,k3r,True,False,10,"1,2,3,4,5,6,7,8,9,10",1.0
aff11_wu25k_absq1_m128_seed2,11,y,27,88.52285906275765,True,10,10,11,0.9999998049233848,True,0.9999829796878911,M3l,0.366705008381012,k3r,True,False,10,"1,2,3,4,5,6,7,8,9,10",1.0
aff11_wu25k_absq1_m128_seed2,11,y,28,87.15795061202085,True,10,10,11,0.9999992049295636,True,0.9999905351207573,M8l,0.3665960914845465,k3r,True,False,10,"1,2,3,4,5,6,7,8,9,10",1.0
aff11_wu25k_absq1_m128_seed2,11,y,29,86.97449466292113,True,10,10,11,0.9999996518847929,True,0.9999893924882604,M4l,0.36687503290948426,k3r,True,False,10,"1,2,3,4,5,6,7,8,9,10",1.0
aff11_wu25k_absq1_m128_seed2,11,y,30,90.94169567373835,True,10,10,11,0.9999998055770908,True,0.99999182033837,M10l,0.3667766318782068,k3r,True,False,10,"1,2,3,4,5,6,7,8,9,10",1.0
aff11_wu25k_absq1_m128_seed2,11,y,31,83.75742537221618,True,10,10,11,0.9999995069268315,True,0.9999938363890425,M7l,0.3668664716743369,k3r,True,False,10,"1,2,3,4,5,6,7,8,9,10",1.0
aff11_wu25k_absq1_m128_seed2,11,y,32,89.22490497826136,True,10,10,11,0.9999998307090567,True,0.999992316479106,M1l,0.36684812230707653,k3r,True,False,10,"1,2,3,4,5,6,7,8,9,10",1.0
aff11_wu25k_absq1_m128_seed2,11,y,33,88.15880612031287,True,10,10,11,0.9999998498301608,True,0.9999891541251443,M0l,0.3666854592092638,k3r,True,False,10,"1,2,3,4,5,6,7,8,9,10",1.0
aff11_wu25k_absq1_m128_seed2,11,y,34,89.76867161611769,True,10,10,11,0.9999997189523364,True,0.9999940742895691,M10l,0.36679287914178854,k3r,True,False,10,"1,2,3,4,5,6,7,8,9,10",1.0
aff11_wu25k_absq1_m128_seed2,11,y,35,91.90689050242474,True,10,10,11,0.9999993371576082,True,0.9999920513222073,M10l,0.36677774142656855,k3r,True,False,10,"1,2,3,4,5,6,7,8,9,10",1.0
aff11_wu25k_absq1_m128_seed2,11,y,36,89.86295207080141,True,10,10,11,0.9999995929030304,True,0.9999909946488852,M5l,0.36680574107327396,k3r,True,False,10,"1,2,3,4,5,6,7,8,9,10",1.0
aff11_wu25k_absq1_m128_seed2,11,y,37,85.43200393397765,True,10,10,11,0.9999998249367418,True,0.9999940281841392,M9l,0.3668912740342397,k3r,True,False,10,"1,2,3,4,5,6,7,8,9,10",1.0
aff11_wu25k_absq1_m128_seed2,11,y,38,0.00012623298019486277,True,10,10,11,0.9941542078200118,True,0.5001246550906853,M6l,0.38364725015229134,k3l,False,False,10,"1,2,3,4,5,6,7,8,9,10",1.0
aff11_wu25k_absq1_m128_seed2,11,y,39,88.91570678990378,True,10,10,11,0.9999995580665606,True,0.9999880938045267,M3l,0.36671545058841226,k3r,True,False,10,"1,2,3,4,5,6,7,8,9,10",1.0
aff11_wu25k_absq1_m128_seed2,11,y,40,89.58038858781862,True,10,10,11,0.9999994631619543,True,0.9999947551402705,M5l,0.3668092093355002,k3r,True,False,10,"1,2,3,4,5,6,7,8,9,10",1.0
aff11_wu25k_absq1_m128_seed2,11,y,41,88.37004467311378,True,10,10,11,0.999999189557754,True,0.9999915433602254,M2l,0.36671982470462205,k3r,True,False,10,"1,2,3,4,5,6,7,8,9,10",1.0
aff11_wu25k_absq1_m128_seed2,11,y,42,89.9032279783366,True,10,10,11,0.999998920627519,True,0.999992048373748,M2l,0.3667173278083723,k3r,True,False,10,"1,2,3,4,5,6,7,8,9,10",1.0
aff11_wu25k_absq1_m128_seed2,11,y,43,87.53788693088522,True,10,10,11,0.9999993126606189,True,0.999993165398042,M10l,0.3667914538861767,k3r,True,False,10,"1,2,3,4,5,6,7,8,9,10",1.0
aff11_wu25k_absq1_m128_seed2,11,y,44,87.23772105410727,True,10,10,11,0.9999996935378496,True,0.9999924031593226,M8l,0.3665992642434187,k3r,True,False,10,"1,2,3,4,5,6,7,8,9,10",1.0
aff11_wu25k_absq1_m128_seed2,11,y,45,89.16049428777119,True,10,10,11,0.9999997506398162,True,0.9999908187709563,M4l,0.36688836237479416,k3r,True,False,10,"1,2,3,4,5,6,7,8,9,10",1.0
aff11_wu25k_absq1_m128_seed2,11,y,46,137.76483513419814,True,9,1,0,0.9999893193498325,True,2.3920770500570497e-06,M4r,3.7383281011927305e-06,k3r,False,False,0,,1.0
aff11_wu25k_absq1_m128_seed2,11,y,47,88.31458944502005,True,10,10,11,0.9999994920825913,True,0.999989534852403,M6l,0.3668793050347776,k3r,True,False,10,"1,2,3,4,5,6,7,8,9,10",1.0
aff11_wu25k_absq1_m128_seed2,11,y,48,87.89871066056205,True,10,10,11,0.9999997321892489,True,0.999986774765555,M3l,0.3667210263896973,k3r,True,False,10,"1,2,3,4,5,6,7,8,9,10",1.0
aff11_wu25k_absq1_m128_seed2,11,y,49,0.0001953485498064484,True,10,10,11,0.9234695866116488,True,0.3378222521918608,M3l,0.33845410295687556,k3r,False,False,10,"1,2,3,4,5,6,7,8,9,10",1.0
aff11_wu25k_absq1_m128_seed2,11,y,50,85.46708192269996,True,10,10,11,0.9999990568134631,True,0.9999915000088625,M7l,0.3668622010689981,k3r,True,False,10,"1,2,3,4,5,6,7,8,9,10",1.0
aff11_wu25k_absq1_m128_seed2,11,y,51,88.24273030808811,True,10,10,11,0.999999597515393,True,0.9999944905213007,M5l,0.3668054856796266,k3r,True,False,10,"1,2,3,4,5,6,7,8,9,10",1.0
aff11_wu25k_absq1_m128_seed2,11,y,52,86.78979108560983,True,10,10,11,0.9999999266274375,True,0.9999912269915706,M1l,0.3668375630826141,k3r,True,False,10,"1,2,3,4,5,6,7,8,9,10",1.0
aff11_wu25k_absq1_m128_seed2,11,y,53,91.18665843047539,True,10,10,11,0.9999991424620537,True,0.9999905088981181,M3l,0.3666995357206261,k3r,True,False,10,"1,2,3,4,5,6,7,8,9,10",1.0
aff11_wu25k_absq1_m128_seed2,11,y,54,87.80016731258156,True,10,10,11,0.9999998604549009,True,0.9999935838837976,M0l,0.36669572365289105,k3r,True,False,10,"1,2,3,4,5,6,7,8,9,10",1.0
aff11_wu25k_absq1_m128_seed2,11,y,55,89.50641873260057,True,10,10,11,0.9999989846734755,True,0.9999913767025885,M5l,0.36679210733437684,k3r,True,False,10,"1,2,3,4,5,6,7,8,9,10",1.0
aff11_wu25k_absq1_m128_seed2,11,y,56,92.90265914049496,True,10,10,11,0.9999999142310119,True,0.9999928024315516,M1l,0.3668451980512399,k3r,True,False,10,"1,2,3,4,5,6,7,8,9,10",1.0
aff11_wu25k_absq1_m128_seed2,11,y,57,92.43482352847329,True,10,10,11,0.9999996638606673,True,0.9999875206222971,M2l,0.366714837480754,k3r,True,False,10,"1,2,3,4,5,6,7,8,9,10",1.0
aff11_wu25k_absq1_m128_seed2,11,y,58,85.3875125412158,True,10,10,11,0.9999998101973767,True,0.9999900160654395,M0l,0.3666952888633937,k3r,True,False,10,"1,2,3,4,5,6,7,8,9,10",1.0
aff11_wu25k_absq1_m128_seed2,11,y,59,86.47766012588805,True,10,10,11,0.9999998106223081,True,0.9999884045091524,M10l,0.3667946026490853,k3r,True,False,10,"1,2,3,4,5,6,7,8,9,10",1.0
aff11_wu25k_absq1_m128_seed2,11,y,60,91.18822538118147,True,10,10,11,0.9999991030503269,True,0.9999888530271962,M3l,0.3667020557026177,k3r,True,False,10,"1,2,3,4,5,6,7,8,9,10",1.0
aff11_wu25k_absq1_m128_seed2,11,y,61,88.28614637525534,True,10,10,11,0.9999996474310847,True,0.9999850730243446,M5l,0.3667999379383578,k3r,True,False,10,"1,2,3,4,5,6,7,8,9,10",1.0
aff11_wu25k_absq1_m128_seed2,11,y,62,88.7276816724328,True,10,10,11,0.9999995602883078,True,0.999995616287753,M8l,0.36659559096391203,k3r,True,False,10,"1,2,3,4,5,6,7,8,9,10",1.0
aff11_wu25k_absq1_m128_seed2,11,y,63,88.39093682285501,True,10,10,11,0.9999997214704254,True,0.9999922666227744,M9l,0.3668981896932095,k3r,True,False,10,"1,2,3,4,5,6,7,8,9,10",1.0
aff11_wu25k_absq1_m128_seed2,11,y,64,87.24490279374886,True,10,10,11,0.9999990147620132,True,0.9999919702814137,M2l,0.3667108061219081,k3r,True,False,10,"1,2,3,4,5,6,7,8,9,10",1.0
aff11_wu25k_absq1_m128_seed2,11,y,65,87.31332302436572,True,10,10,11,0.999999869942167,True,0.9999939485231506,M10l,0.36678075056065357,k3r,True,False,10,"1,2,3,4,5,6,7,8,9,10",1.0
aff11_wu25k_absq1_m128_seed2,11,y,66,89.0598857305979,True,10,10,11,0.9999998282639097,True,0.9999939924882658,M0l,0.366694415992621,k3r,True,False,10,"1,2,3,4,5,6,7,8,9,10",1.0
aff11_wu25k_absq1_m128_seed2,11,y,67,87.97565536633917,True,10,10,11,0.9999987872530861,True,0.9999882699524425,M10l,0.36678821621525237,k3r,True,False,10,"1,2,3,4,5,6,7,8,9,10",1.0
aff11_wu25k_absq1_m128_seed2,11,y,68,87.7941302762802,True,10,10,11,0.9999997005818316,True,0.9999933950474094,M2l,0.36672176602528844,k3r,True,False,10,"1,2,3,4,5,6,7,8,9,10",1.0
aff11_wu25k_absq1_m128_seed2,11,y,69,91.30998207713053,True,10,10,11,0.9999998318750002,True,0.9999921664365028,M6l,0.3668622930386265,k3r,True,False,10,"1,2,3,4,5,6,7,8,9,10",1.0
aff11_wu25k_absq1_m128_seed2,11,y,70,89.18786400379315,True,10,10,11,0.9999995435983684,True,0.999984833733129,M4l,0.36688363297178833,k3r,True,False,10,"1,2,3,4,5,6,7,8,9,10",1.0
aff11_wu25k_absq1_m128_seed2,11,y,71,88.39527718601552,True,10,10,11,0.9999997094381108,True,0.9999898757677665,M4l,0.36689754177718953,k3r,True,False,10,"1,2,3,4,5,6,7,8,9,10",1.0
aff11_wu25k_absq1_m128_seed2,11,y,72,91.1263284518279,True,10,10,11,0.9999998648533577,True,0.9999886557253617,M1l,0.3668375698377946,k3r,True,False,10,"1,2,3,4,5,6,7,8,9,10",1.0
aff11_wu25k_absq1_m128_seed2,11,y,73,89.84381625064837,True,10,10,11,0.999999893585521,True,0.9999899476808599,M1l,0.36684532147179266,k3r,True,False,10,"1,2,3,4,5,6,7,8,9,10",1.0
aff11_wu25k_absq1_m128_seed2,11,y,74,87.6869276754395,True,10,10,11,0.9999982155445305,True,0.9999899517409091,M6l,0.36688021864495585,k3r,True,False,10,"1,2,3,4,5,6,7,8,9,10",1.0
aff11_wu25k_absq1_m128_seed2,11,y,75,87.12564805141983,True,10,10,11,0.9999997502610812,True,0.9999862471742559,M4l,0.3668822781218857,k3r,True,False,10,"1,2,3,4,5,6,7,8,9,10",1.0
aff11_wu25k_absq1_m128_seed2,11,y,76,87.0742782378144,True,10,10,11,0.999999643752919,True,0.9999906775296492,M5l,0.3667991759720898,k3r,True,False,10,"1,2,3,4,5,6,7,8,9,10",1.0
aff11_wu25k_absq1_m128_seed2,11,y,77,87.31043568189695,True,10,10,11,0.999999815867232,True,0.9999888428520879,M6l,0.3668785669052735,k3r,True,False,10,"1,2,3,4,5,6,7,8,9,10",1.0
aff11_wu25k_absq1_m128_seed2,11,y,78,92.17993002624586,True,10,10,11,0.9999989931215131,True,0.9999904369709377,M8l,0.36660082906180685,k3r,True,False,10,"1,2,3,4,5,6,7,8,9,10",1.0
aff11_wu25k_absq1_m128_seed2,11,y,79,89.38563270584072,True,10,10,11,0.9999998223690625,True,0.9999890395281018,M3l,0.36670749901440974,k3r,True,False,10,"1,2,3,4,5,6,7,8,9,10",1.0
aff11_wu25k_absq1_m128_seed2,11,y,80,86.8608039831278,True,10,10,11,0.9999993491127452,True,0.9999907603912441,M6l,0.36688551298366867,k3r,True,False,10,"1,2,3,4,5,6,7,8,9,10",1.0
aff11_wu25k_absq1_m128_seed2,11,y,81,89.62386510686572,True,10,10,11,0.9999998008402211,True,0.9999891452555842,M6l,0.366876125518242,k3r,True,False,10,"1,2,3,4,5,6,7,8,9,10",1.0
aff11_wu25k_absq1_m128_seed2,11,y,82,84.89519659505805,True,10,10,11,0.9999997969236046,True,0.9999929070442016,M0l,0.36670159457612966,k3r,True,False,10,"1,2,3,4,5,6,7,8,9,10",1.0
aff11_wu25k_absq1_m128_seed2,11,y,83,86.3831033968818,True,10,10,11,0.999999731891002,True,0.9999850765923354,M1l,0.36684437449167767,k3r,True,False,10,"1,2,3,4,5,6,7,8,9,10",1.0
aff11_wu25k_absq1_m128_seed2,11,y,84,88.45724607889439,True,10,10,11,0.9999994641854744,True,0.9999892052474851,M10l,0.3667955210941402,k3r,True,False,10,"1,2,3,4,5,6,7,8,9,10",1.0
aff11_wu25k_absq1_m128_seed2,11,y,85,88.12621389369755,True,10,10,11,0.9999996433510038,True,0.9999933896981652,M5l,0.3668023168328179,k3r,True,False,10,"1,2,3,4,5,6,7,8,9,10",1.0
aff11_wu25k_absq1_m128_seed2,11,y,86,87.76267543479977,True,10,10,11,0.9999991950488194,True,0.9999920765729533,M7l,0.36686118993518196,k3r,True,False,10,"1,2,3,4,5,6,7,8,9,10",1.0
aff11_wu25k_absq1_m128_seed2,11,y,87,0.0002460464203730907,True,10,10,11,0.9816260093470222,True,0.3817074989448727,M7l,0.40657548003108407,k4l,False,False,10,"1,2,3,4,5,6,7,8,9,10",1.0
aff11_wu25k_absq1_m128_seed2,11,y,88,85.78597006175201,True,10,10,11,0.9999997982168904,True,0.9999933173784518,M9l,0.36689613719709663,k3r,True,False,10,"1,2,3,4,5,6,7,8,9,10",1.0
aff11_wu25k_absq1_m128_seed2,11,y,89,87.45056730456088,True,10,10,11,0.9999993426688302,True,0.999989954638806,M8l,0.3665976829010662,k3r,True,False,10,"1,2,3,4,5,6,7,8,9,10",1.0
aff11_wu25k_absq1_m128_seed2,11,y,90,89.73116805725199,True,10,10,11,0.9999997449848801,True,0.9999897252541017,M9l,0.3668864286067695,k3r,True,False,10,"1,2,3,4,5,6,7,8,9,10",1.0
aff11_wu25k_absq1_m128_seed2,11,y,91,92.27013473301147,True,10,10,11,0.9999997963282503,True,0.9999886376515943,M3l,0.36670534325414694,k3r,True,False,10,"1,2,3,4,5,6,7,8,9,10",1.0
aff11_wu25k_absq1_m128_seed2,11,y,92,0.00017287442119231407,True,10,10,11,0.9907398517016445,True,0.5728669457127059,M2l,0.37958578416191463,k4l,False,False,10,"1,2,3,4,5,6,7,8,9,10",1.0
aff11_wu25k_absq1_m128_seed2,11,y,93,92.36447606094428,True,10,10,11,0.9999993410050513,True,0.9999904042528677,M3l,0.3667114018201949,k3r,True,False,10,"1,2,3,4,5,6,7,8,9,10",1.0
aff11_wu25k_absq1_m128_seed2,11,y,94,88.24442521979647,True,10,10,11,0.9999997222962724,True,0.9999883635407577,M4l,0.3668761013182093,k3r,True,False,10,"1,2,3,4,5,6,7,8,9,10",1.0
aff11_wu25k_absq1_m128_seed2,11,y,95,83.96221337257249,True,10,10,11,0.9999994874106541,True,0.9999892958444621,M7l,0.3668574142063722,k3r,True,False,10,"1,2,3,4,5,6,7,8,9,10",1.0
aff11_wu25k_absq1_m128_seed2,11,y,96,86.48670617501661,True,10,10,11,0.9999994662056264,True,0.9999900077373972,M2l,0.3667173509568433,k3r,True,False,10,"1,2,3,4,5,6,7,8,9,10",1.0
aff11_wu25k_absq1_m128_seed2,11,y,97,89.77099372380948,True,10,10,11,0.9999998380031536,True,0.9999928139366399,M1l,0.3668475652849394,k3r,True,False,10,"1,2,3,4,5,6,7,8,9,10",1.0
aff11_wu25k_absq1_m128_seed2,11,y,98,90.32152715506037,True,10,10,11,0.999999831276206,True,0.9999881495182069,M0l,0.3667003845569441,k3r,True,False,10,"1,2,3,4,5,6,7,8,9,10",1.0
aff11_wu25k_absq1_m128_seed2,11,y,99,88.32470394727497,True,10,10,11,0.9999998223865513,True,0.9999924754226349,M0l,0.36668590788175337,k3r,True,False,10,"1,2,3,4,5,6,7,8,9,10",1.0
aff11_wu25k_absq1_m128_seed2,11,y,100,86.36253743993106,True,10,10,11,0.9999972848671475,True,0.9999923861504831,M8l,0.3665925232258064,k3r,True,False,10,"1,2,3,4,5,6,7,8,9,10",1.0
aff11_wu25k_absq1_m128_seed2,11,y,101,87.97333173426564,True,10,10,11,0.999999855343833,True,0.999994312200458,M1l,0.3668256811798692,k3r,True,False,10,"1,2,3,4,5,6,7,8,9,10",1.0
aff11_wu25k_absq1_m128_seed2,11,y,102,85.75010366103437,True,10,10,11,0.9999978687991189,True,0.9999896313032955,M7l,0.36685431270074287,k3r,True,False,10,"1,2,3,4,5,6,7,8,9,10",1.0
aff11_wu25k_absq1_m128_seed2,11,y,103,89.4573926378277,True,10,10,11,0.9999994050079011,True,0.9999949912207766,M8l,0.36660024863920954,k3r,True,False,10,"1,2,3,4,5,6,7,8,9,10",1.0
aff11_wu25k_absq1_m128_seed2,11,y,104,90.22085098587955,True,10,10,11,0.9999994738641874,True,0.9999929465914738,M1l,0.36684582307061625,k3r,True,False,10,"1,2,3,4,5,6,7,8,9,10",1.0
aff11_wu25k_absq1_m128_seed2,11,y,105,87.1146877432625,True,10,10,11,0.9999997326886297,True,0.9999943642293901,M10l,0.36679145942129904,k3r,True,False,10,"1,2,3,4,5,6,7,8,9,10",1.0
aff11_wu25k_absq1_m128_seed2,11,y,106,89.48460746611124,True,10,10,11,0.9999998221177583,True,0.9999947989279047,M9l,0.36689352400852115,k3r,True,False,10,"1,2,3,4,5,6,7,8,9,10",1.0
aff11_wu25k_absq1_m128_seed2,11,y,107,88.23226270225139,True,10,10,11,0.9999987899154892,True,0.9999920160213618,M4l,0.3668933379523183,k3r,True,False,10,"1,2,3,4,5,6,7,8,9,10",1.0
aff11_wu25k_absq1_m128_seed2,11,y,108,87.73954422809045,True,10,10,11,0.9999983387039356,True,0.9999881781793093,M7l,0.36687313444075365,k3r,True,False,10,"1,2,3,4,5,6,7,8,9,10",1.0
aff11_wu25k_absq1_m128_seed2,11,y,109,89.63881998012995,True,10,10,11,0.9999995775452821,True,0.999993952324396,M2l,0.36671567448755144,k3r,True,False,10,"1,2,3,4,5,6,7,8,9,10",1.0
aff11_wu25k_absq1_m128_seed2,11,y,110,91.1678083736122,True,10,10,11,0.9999995862439078,True,0.9999925031342556,M5l,0.36680386691707056,k3r,True,False,10,"1,2,3,4,5,6,7,8,9,10",1.0
aff11_wu25k_absq1_m128_seed2,11,y,111,92.01006517400587,True,10,10,11,0.9999994766608373,True,0.9999891277843175,M5l,0.36679453615406254,k3r,True,False,10,"1,2,3,4,5,6,7,8,9,10",1.0
aff11_wu25k_absq1_m128_seed2,11,y,112,86.13419348930603,True,10,10,11,0.9999995759377669,True,0.999991560834195,M6l,0.36687109274402263,k3r,True,False,10,"1,2,3,4,5,6,7,8,9,10",1.0
aff11_wu25k_absq1_m128_seed2,11,y,113,91.21957278086606,True,10,10,11,0.9999997220426541,True,0.9999868966091192,M3l,0.36670186604823973,k3r,True,False,10,"1,2,3,4,5,6,7,8,9,10",1.0
aff11_wu25k_absq1_m128_seed2,11,y,114,89.1933205226486,True,10,10,11,0.9999997267766709,True,0.9999929442497182,M3l,0.3667036009264684,k3r,True,False,10,"1,2,3,4,5,6,7,8,9,10",1.0
aff11_wu25k_absq1_m128_seed2,11,y,115,89.45742060247413,True,10,10,11,0.9999996526350322,True,0.9999933173449774,M2l,0.36672428278841634,k3r,True,False,10,"1,2,3,4,5,6,7,8,9,10",1.0
aff11_wu25k_absq1_m128_seed2,11,y,116,84.3093315949813,True,10,10,11,0.9999993383300546,True,0.9999875845412002,M4l,0.3668783836405427,k3r,True,False,10,"1,2,3,4,5,6,7,8,9,10",1.0
aff11_wu25k_absq1_m128_seed2,11,y,117,85.56273923648985,True,10,10,11,0.9999992164552481,True,0.9999933779091704,M7l,0.36685477588263105,k3r,True,False,10,"1,2,3,4,5,6,7,8,9,10",1.0
aff11_wu25k_absq1_m128_seed2,11,y,118,89.90254992230147,True,10,10,11,0.999999381474904,True,0.9999928746245238,M7l,0.3668559780889673,k3r,True,False,10,"1,2,3,4,5,6,7,8,9,10",1.0
aff11_wu25k_absq1_m128_seed2,11,y,119,87.56807369602035,True,10,10,11,0.999999421157149,True,0.9999907649293935,M6l,0.3668734988917884,k3r,True,False,10,"1,2,3,4,5,6,7,8,9,10",1.0
aff11_wu25k_absq1_m128_seed2,11,y,120,86.88906340638763,True,10,10,11,0.9999987130794132,True,0.9999888512711832,M8l,0.3666009893515799,k3r,True,False,10,"1,2,3,4,5,6,7,8,9,10",1.0
aff11_wu25k_absq1_m128_seed2,11,y,121,90.12840577064483,True,10,10,11,0.9999981988768766,True,0.9999880671879013,M1l,0.3668441150916837,k3r,True,False,10,"1,2,3,4,5,6,7,8,9,10",1.0
aff11_wu25k_absq1_m128_seed2,11,y,122,87.25789053330101,True,10,10,11,0.9999997099059024,True,0.9999929594264386,M2l,0.3667275931556698,k3r,True,False,10,"1,2,3,4,5,6,7,8,9,10",1.0
aff11_wu25k_absq1_m128_seed2,11,y,123,91.05145762458169,True,10,10,11,0.9999998104655089,True,0.9999945737531549,M9l,0.3668965426715273,k3r,True,False,10,"1,2,3,4,5,6,7,8,9,10",1.0
aff11_wu25k_absq1_m128_seed2,11,y,124,87.4043067875848,True,10,10,11,0.9999995598035745,True,0.9999940346954858,M9l,0.3668830368478333,k3r,True,False,10,"1,2,3,4,5,6,7,8,9,10",1.0
aff11_wu25k_absq1_m128_seed2,11,y,125,85.49281230063765,True,10,10,11,0.9999996531963146,True,0.9999917619303959,M2l,0.3667111899584109,k3r,True,False,10,"1,2,3,4,5,6,7,8,9,10",1.0
aff11_wu25k_absq1_m128_seed2,11,y,126,87.61248600217122,True,10,10,11,0.9999991405073186,True,0.9999901628896202,M7l,0.3668628260079022,k3r,True,False,10,"1,2,3,4,5,6,7,8,9,10",1.0
aff11_wu25k_absq1_m128_seed2,11,y,127,88.9421595839931,True,10,10,11,0.9999996807876602,True,0.9999921879450003,M2l,0.36671868078547565,k3r,True,False,10,"1,2,3,4,5,6,7,8,9,10",1.0
aff11_wu25k_absq2_m128_seed2,11,x,0,91.03564312672127,True,10,10,11,0.9997136708489383,True,0.553705087208394,M6r,0.3923342826398723,k4r,False,False,10,"1,2,3,4,5,6,7,8,9,10",0.9991735816001892
aff11_wu25k_absq2_m128_seed2,11,x,1,98.05098432272179,True,10,10,11,0.9993418522076382,True,0.4045414047269393,M5r,0.48331097777662524,k2r,False,False,10,"1,2,3,4,5,6,7,8,9,10",0.9991735816001892
aff11_wu25k_absq2_m128_seed2,11,x,2,89.57246197373124,True,10,10,11,0.999763161169392,True,0.37604741150218346,M2r,0.38537549100705115,k3l,False,False,10,"1,2,3,4,5,6,7,8,9,10",0.9991735816001892
aff11_wu25k_absq2_m128_seed2,11,x,3,91.25886269891188,True,10,10,11,0.9998588393386709,True,0.5900931826214962,M6r,0.3948969063915182,k4r,False,False,10,"1,2,3,4,5,6,7,8,9,10",0.9991735816001892
aff11_wu25k_absq2_m128_seed2,11,x,4,94.08753441369822,True,10,10,11,0.9997183045208785,True,0.44133677819874806,M5r,0.4638033011057625,k2r,False,False,10,"1,2,3,4,5,6,7,8,9,10",0.9991735816001892
aff11_wu25k_absq2_m128_seed2,11,x,5,99.61658022460689,True,10,10,11,0.9996271904915527,True,0.623669656943041,M6r,0.38289771607738526,k3l,False,False,10,"1,2,3,4,5,6,7,8,9,10",0.9991735816001892
aff11_wu25k_absq2_m128_seed2,11,x,6,96.78629266931236,True,10,10,11,0.9975338162503947,True,0.2991985082607402,M10r,0.5000610088290371,k1r,False,False,10,"1,2,3,4,5,6,7,8,9,10",0.9991735816001892
aff11_wu25k_absq2_m128_seed2,11,x,7,97.75321558746413,True,10,10,11,0.9994529251350374,True,0.6144605831624201,M4r,0.39933681070582894,k1r,False,False,10,"1,2,3,4,5,6,7,8,9,10",0.9991735816001892
aff11_wu25k_absq2_m128_seed2,11,x,8,93.03196422471689,True,10,10,11,0.9998543456830948,True,0.5638171255372877,M8r,0.3751164059843413,k3l,False,False,10,"1,2,3,4,5,6,7,8,9,10",0.9991735816001892
aff11_wu25k_absq2_m128_seed2,11,x,9,101.25727058158934,True,10,10,11,0.9989900805393982,True,0.9914948347588306,M3r,0.39045525067205505,k3l,True,False,10,"1,2,3,4,5,6,7,8,9,10",0.9991735816001892
aff11_wu25k_absq2_m128_seed2,11,x,10,90.62724339395177,True,10,10,11,0.999877100758523,True,0.3001064168518548,M5r,0.4036932977305582,k2r,False,False,10,"1,2,3,4,5,6,7,8,9,10",0.9991735816001892
aff11_wu25k_absq2_m128_seed2,11,x,11,92.74638044527869,True,10,10,11,0.9995992793993029,True,0.9922472912713648,M9r,0.38276018104137577,k3l,True,False,10,"1,2,3,4,5,6,7,8,9,10",0.9991735816001892
aff11_wu25k_absq2_m128_seed2,11,x,12,96.04021225739504,True,10,10,11,0.9996049706655167,True,0.5692046558889416,M4r,0.42930927524693085,k1r,False,False,10,"1,2,3,4,5,6,7,8,9,10",0.9991735816001892
aff11_wu25k_absq2_m128_seed2,11,x,13,93.75910401220331,True,10,10,11,0.9998700473120484,True,0.6669793083230984,M6r,0.40396938822178224,k4r,False,False,10,"1,2,3,4,5,6,7,8,9,10",0.9991735816001892
aff11_wu25k_absq2_m128_seed2,11,x,14,96.35527386487277,True,10,10,11,0.9998681819059294,True,0.3580083331944249,M5r,0.49778301536913944,k2r,False,False,10,"1,2,3,4,5,6,7,8,9,10",0.9991735816001892
aff11_wu25k_absq2_m128_seed2,11,x,15,88.4479865790361,True,10,10,11,0.9991782741653654,True,0.43653380161777133,M1r,0.40412120445505856,k3r,False,False,10,"1,2,3,4,5,6,7,8,9,10",0.9991735816001892
aff11_wu25k_absq2_m128_seed2,11,x,16,98.71209167547443,True,10,10,11,0.9992849319310848,True,0.9888086342271747,M0r,0.38521115751439816,k3l,True,False,10,"1,2,3,4,5,6,7,8,9,10",0.9991735816001892
aff11_wu25k_absq2_m128_seed2,11,x,17,91.0218265285885,True,10,10,11,0.9998522198611716,True,0.3430424545900713,M2r,0.3836503340350347,k3l,False,False,10,"1,2,3,4,5,6,7,8,9,10",0.9991735816001892
aff11_wu25k_absq2_m128_seed2,11,x,18,91.88507219980592,True,10,10,11,0.9993545531827387,True,0.9883027504653764,M7r,0.3880804358118232,k3l,True,False,10,"1,2,3,4,5,6,7,8,9,10",0.9991735816001892
aff11_wu25k_absq2_m128_seed2,11,x,19,99.60783617349361,True,10,10,11,0.999327490013399,True,0.31700578448109834,M5r,0.5421610886675305,k1r,False,False,10,"1,2,3,4,5,6,7,8,9,10",0.9991735816001892
aff11_wu25k_absq2_m128_seed2,11,x,20,87.6452528333768,True,10,10,11,0.9996440340129289,True,0.38025540642451716,M2r,0.453582234697942,k4r,False,False,10,"1,2,3,4,5,6,7,8,9,10",0.9991735816001892
aff11_wu25k_absq2_m128_seed2,11,x,21,96.36603209996595,True,10,10,11,0.9996838907838408,True,0.5347389730788117,M4r,0.38969308597536206,k1r,False,False,10,"1,2,3,4,5,6,7,8,9,10",0.9991735816001892
aff11_wu25k_absq2_m128_seed2,11,x,22,99.80061260033163,True,10,10,11,0.999771998852165,True,0.43165511503205944,M5r,0.48695115979775366,k1r,False,False,10,"1,2,3,4,5,6,7,8,9,10",0.9991735816001892
aff11_wu25k_absq2_m128_seed2,11,x,23,94.13442628841808,True,10,10,11,0.9958183714397515,True,0.3112741479109491,M5r,0.42418514046931877,k1r,False,False,10,"1,2,3,4,5,6,7,8,9,10",0.9991735816001892
aff11_wu25k_absq2_m128_seed2,11,x,24,96.4023244952628,True,10,10,11,0.9951466227176771,True,0.980562992381462,M7r,0.38680582100090516,k3l,True,False,10,"1,2,3,4,5,6,7,8,9,10",0.9991735816001892
aff11_wu25k_absq2_m128_seed2,11,x,25,93.42553911171107,True,10,10,11,0.9987317971508087,True,0.990584048473058,M9r,0.3811988533306647,k3l,True,False,10,"1,2,3,4,5,6,7,8,9,10",0.9991735816001892
aff11_wu25k_absq2_m128_seed2,11,x,26,95.08251224857763,True,10,10,11,0.999698904984761,True,0.6417615702404098,M6r,0.38406474716230976,k3l,False,False,10,"1,2,3,4,5,6,7,8,9,10",0.9991735816001892
aff11_wu25k_absq2_m128_seed2,11,x,27,97.45028809344761,True,10,10,11,0.9998236197327682,True,0.5047489451824718,M6r,0.40503374139485443,k4r,False,False,10,"1,2,3,4,5,6,7,8,9,10",0.9991735816001892
aff11_wu25k_absq2_m128_seed2,11,x,28,93.75824699799978,True,10,10,11,0.9998542350929642,True,0.6218302954052979,M6r,0.3850576885453427,k4r,False,False,10,"1,2,3,4,5,6,7,8,9,10",0.9991735816001892
aff11_wu25k_absq2_m128_seed2,11,x,29,89.51627189175717,True,10,10,11,0.999710947933236,True,0.4014410567894932,M2r,0.4146914130839166,k3r,False,False,10,"1,2,3,4,5,6,7,8,9,10",0.9991735816001892
aff11_wu25k_absq2_m128_seed2,11,x,30,1.2186538064745448e-05,True,10,10,11,0.8125086435308174,False,0.4162089516028289,M2r,0.3069075617866792,k3l,False,False,0,,0.9991735816001892
aff11_wu25k_absq2_m128_seed2,11,x,31,89.54154700662104,True,10,10,11,0.9992724305496086,True,0.539844263676144,M8r,0.37498605052463,k3l,False,False,10,"1,2,3,4,5,6,7,8,9,10",0.9991735816001892
aff11_wu25k_absq2_m128_seed2,11,x,32,99.18464075377398,True,10,10,11,0.9997199041228124,True,0.9952070236525056,M9r,0.3813695279419749,k3l,True,False,10,"1,2,3,4,5,6,7,8,9,10",0.9991735816001892
aff11_wu25k_absq2_m128_seed2,11,x,33,97.46967722056947,True,10,10,11,0.9997463703087303,True,0.5672963965103737,M8r,0.37531748695818135,k3l,False,False,10,"1,2,3,4,5,6,7,8,9,10",0.9991735816001892
aff11_wu25k_absq2_m128_seed2,11,x,34,90.75292685281177,True,10,10,11,0.9977853030056317,True,0.44826094135195527,M1r,0.4045199210506054,k4r,False,False,10,"1,2,3,4,5,6,7,8,9,10",0.9991735816001892
aff11_wu25k_absq2_m128_seed2,11,x,35,88.02284485734934,True,10,10,11,0.9989703077437648,True,0.3909049359712424,M1r,0.42422096295718204,k4r,False,False,10,"1,2,3,4,5,6,7,8,9,10",0.9991735816001892
aff11_wu25k_absq2_m128_seed2,11,x,36,104.20405342372261,True,10,10,11,0.998580447273942,True,0.9657225777932247,M3r,0.3895507634401535,k3l,True,False,10,"1,2,3,4,5,6,7,8,9,10",0.9991735816001892
aff11_wu25k_absq2_m128_seed2,11,x,37,95.39111153391116,True,10,10,11,0.9998116460933655,True,0.394966360414114,M5r,0.48036077318936765,k2r,False,False,10,"1,2,3,4,5,6,7,8,9,10",0.9991735816001892
aff11_wu25k_absq2_m128_seed2,11,x,38,90.19875286131186,True,10,10,11,0.998774243820736,True,0.48100578888691575,M2r,0.384438142837404,k3l,False,False,10,"1,2,3,4,5,6,7,8,9,10",0.9991735816001892
aff11_wu25k_absq2_m128_seed2,11,x,39,95.82776218687123,True,10,10,11,0.9996112660920566,True,0.9842567797852136,M3r,0.391358267538454,k3l,True,False,10,"1,2,3,4,5,6,7,8,9,10",0.9991735816001892
aff11_wu25k_absq2_m128_seed2,11,x,40,96.8994378156475,True,10,10,11,0.9998266511909296,True,0.61406169502138,M4r,0.40618218182048105,k1r,False,False,10,"1,2,3,4,5,6,7,8,9,10",0.9991735816001892
aff11_wu25k_absq2_m128_seed2,11,x,41,95.16033956679762,True,10,10,11,0.9997688089999481,True,0.5682021425991161,M4r,0.43038983032540434,k1r,False,False,10,"1,2,3,4,5,6,7,8,9,10",0.9991735816001892
aff11_wu25k_absq2_m128_seed2,11,x,42,97.54413806212868,True,10,10,11,0.9990530552932868,True,0.3328202170195474,M10r,0.47174911336620784,k1r,False,False,10,"1,2,3,4,5,6,7,8,9,10",0.9991735816001892
aff11_wu25k_absq2_m128_seed2,11,x,43,100.11345511330339,True,10,10,11,0.9976923943269659,True,0.9878991466969675,M7r,0.38864941104375916,k3l,True,False,10,"1,2,3,4,5,6,7,8,9,10",0.9991735816001892
aff11_wu25k_absq2_m128_seed2,11,x,44,89.81675473341987,True,10,10,11,0.9995862040830598,True,0.3739988430476953,M2r,0.4187269051025924,k4r,False,False,10,"1,2,3,4,5,6,7,8,9,10",0.9991735816001892
aff11_wu25k_absq2_m128_seed2,11,x,45,95.05131538682616,True,10,10,11,0.9996496816500832,True,0.971660176117536,M0r,0.3844532479921078,k3l,True,False,10,"1,2,3,4,5,6,7,8,9,10",0.9991735816001892
aff11_wu25k_absq2_m128_seed2,11,x,46,98.8240919356247,True,10,10,11,0.9998594425714231,True,0.6389267616865393,M4r,0.3776748373128653,k1r,False,False,10,"1,2,3,4,5,6,7,8,9,10",0.9991735816001892
aff11_wu25k_absq2_m128_seed2,11,x,47,97.23985892628615,True,10,10,11,0.9992716538535938,True,0.9900133805390501,M9r,0.38087611383270853,k3l,True,False,10,"1,2,3,4,5,6,7,8,9,10",0.9991735816001892
aff11_wu25k_absq2_m128_seed2,11,x,48,94.95704251777245,True,10,10,11,0.9995071274142739,True,0.9890289569015505,M7r,0.38914378017023504,k3l,True,False,10,"1,2,3,4,5,6,7,8,9,10",0.9991735816001892
aff11_wu25k_absq2_m128_seed2,11,x,49,109.4848273762394,True,10,10,11,0.9996652324466344,True,0.9932189722241281,M3r,0.3915507531901831,k3l,True,False,10,"1,2,3,4,5,6,7,8,9,10",0.9991735816001892
aff11_wu25k_absq2_m128_seed2,11,x,50,97.54198876778175,True,10,10,11,0.9977730049354466,True,0.9872524094025427,M0r,0.38445206951188254,k3l,True,False,10,"1,2,3,4,5,6,7,8,9,10",0.9991735816001892
aff11_wu25k_absq2_m128_seed2,11,x,51,1.3363056909947997e-05,True,10,10,11,0.780734650158031,False,0.1896564075301385,M5r,0.5314719049742587,k4r,False,False,0,,0.9991735816001892
aff11_wu25k_absq2_m128_seed2,11,x,52,99.44845187528968,True,10,10,11,0.9997577349567264,True,0.5570799811644859,M8r,0.37516321316326945,k3l,False,False,10,"1,2,3,4,5,6,7,8,9,10",0.9991735816001892
aff11_wu25k_absq2_m128_seed2,11,x,53,99.25913817713891,True,10,10,11,0.9991913237066882,True,0.9863811269557746,M3r,0.39142855812714383,k3l,True,False,10,"1,2,3,4,5,6,7,8,9,10",0.9991735816001892
aff11_wu25k_absq2_m128_seed2,11,x,54,94.6024775305302,True,10,10,11,0.9998268424322707,True,0.3203939407440192,M5r,0.5455002618207352,k1r,False,False,10,"1,2,3,4,5,6,7,8,9,10",0.9991735816001892
aff11_wu25k_absq2_m128_seed2,11,x,55,107.46827940206055,True,10,10,11,0.9997005027938531,True,0.6483054878883041,M4r,0.38670612868596677,k3r,False,False,10,"1,2,3,4,5,6,7,8,9,10",0.9991735816001892
aff11_wu25k_absq2_m128_seed2,11,x,56,1.5137919459542003e-05,True,10,10,11,0.8867591268889823,False,0.30118148413613693,M4r,0.45967060304459895,k2r,False,False,0,,0.9991735816001892
aff11_wu25k_absq2_m128_seed2,11,x,57,98.2019571759265,True,10,10,11,0.9990922537612107,True,0.9884542815253003,M0r,0.38461840746203063,k3l,True,False,10,"1,2,3,4,5,6,7,8,9,10",0.9991735816001892
aff11_wu25k_absq2_m128_seed2,11,x,58,97.71611137257459,True,10,10,11,0.9997015450782303,True,0.5950655748070509,M4r,0.3958055852764201,k1r,False,False,10,"1,2,3,4,5,6,7,8,9,10",0.9991735816001892
aff11_wu25k_absq2_m128_seed2,11,x,59,97.36680121003944,True,10,10,11,0.9997313121988604,True,0.34652584772068523,M5r,0.5050476951720649,k2r,False,False,10,"1,2,3,4,5,6,7,8,9,10",0.9991735816001892
aff11_wu25k_absq2_m128_seed2,11,x,60,94.71137066214506,True,10,10,11,0.9994086952919754,True,0.3150057163667789,M10r,0.4696633993667768,k1r,False,False,10,"1,2,3,4,5,6,7,8,9,10",0.9991735816001892
aff11_wu25k_absq2_m128_seed2,11,x,61,97.49720196388162,True,10,10,11,0.9988032648432444,True,0.9839665354571537,M9r,0.3809235413439623,k3l,True,False,10,"1,2,3,4,5,6,7,8,9,10",0.9991735816001892
aff11_wu25k_absq2_m128_seed2,11,x,62,95.6456586087743,True,10,10,11,0.9989785505794004,True,0.5529110986498847,M6r,0.4333954027863139,k5r,False,False,10,"1,2,3,4,5,6,7,8,9,10",0.9991735816001892
aff11_wu25k_absq2_m128_seed2,11,x,63,90.02261660669576,True,10,10,11,0.9979812598951663,True,0.3790540986058575,M2r,0.38401049205562526,k3l,False,False,10,"1,2,3,4,5,6,7,8,9,10",0.9991735816001892
aff11_wu25k_absq2_m128_seed2,11,x,64,94.0853265068045,True,10,10,11,0.9979856398447057,True,0.9916753429669912,M9r,0.38121506241219055,k3l,True,False,10,"1,2,3,4,5,6,7,8,9,10",0.9991735816001892
aff11_wu25k_absq2_m128_seed2,11,x,65,91.22270018018777,True,10,10,11,0.9997653877514734,True,0.38558624896531424,M5r,0.5391769680580424,k2r,False,False,10,"1,2,3,4,5,6,7,8,9,10",0.9991735816001892
aff11_wu25k_absq2_m128_seed2,11,x,66,98.80136996824471,True,10,10,11,0.9998519506027586,True,0.5642999480941798,M4r,0.4039377968863674,k1r,False,False,10,"1,2,3,4,5,6,7,8,9,10",0.9991735816001892
aff11_wu25k_absq2_m128_seed2,11,x,67,91.65868978507385,True,10,10,11,0.9996495436762977,True,0.4179372975633944,M2r,0.3852788641049472,k3l,False,False,10,"1,2,3,4,5,6,7,8,9,10",0.9991735816001892
aff11_wu25k_absq2_m128_seed2,11,x,68,94.25647127812985,True,10,10,11,0.9998532157863257,True,0.9897769022076621,M7r,0.38906493061532155,k3l,True,False,10,"1,2,3,4,5,6,7,8,9,10",0.9991735816001892
aff11_wu25k_absq2_m128_seed2,11,x,69,97.51721000351218,True,10,10,11,0.9982907493365737,True,0.6116383259472286,M4r,0.3963732490915239,k1r,False,False,10,"1,2,3,4,5,6,7,8,9,10",0.9991735816001892
aff11_wu25k_absq2_m128_seed2,11,x,70,98.715709313737,True,10,10,11,0.9998719773847281,True,0.2989662317854995,M10r,0.4740695362102337,k1r,False,False,10,"1,2,3,4,5,6,7,8,9,10",0.9991735816001892
aff11_wu25k_absq2_m128_seed2,11,x,71,91.36094901007877,True,10,10,11,0.9997734738178562,True,0.9881321875594395,M9r,0.38165669743755903,k3l,True,False,10,"1,2,3,4,5,6,7,8,9,10",0.9991735816001892
aff11_wu25k_absq2_m128_seed2,11,x,72,98.03734855908917,True,10,10,11,0.9997090150120884,True,0.6386460263452794,M2r,0.387364617672839,k3l,False,False,10,"1,2,3,4,5,6,7,8,9,10",0.9991735816001892
aff11_wu25k_absq2_m128_seed2,11,x,73,100.23973106447428,True,10,10,11,0.9992245126868866,True,0.9801454837808244,M7r,0.3885024789158814,k3l,True,False,10,"1,2,3,4,5,6,7,8,9,10",0.9991735816001892
aff11_wu25k_absq2_m128_seed2,11,x,74,88.73778281249956,True,10,10,11,0.999847984186029,True,0.5755925172729542,M6r,0.44841136416938693,k4r,False,False,10,"1,2,3,4,5,6,7,8,9,10",0.9991735816001892
aff11_wu25k_absq2_m128_seed2,11,x,75,80.32263067713892,True,10,10,11,0.9997458703594234,True,0.3976502323639469,M5r,0.4924478887291897,k1r,False,False,10,"1,2,3,4,5,6,7,8,9,10",0.9991735816001892
aff11_wu25k_absq2_m128_seed2,11,x,76,94.78074588447383,True,10,10,11,0.9992631598903703,True,0.3137604148440351,M10r,0.5120984491736635,k1r,False,False,10,"1,2,3,4,5,6,7,8,9,10",0.9991735816001892
aff11_wu25k_absq2_m128_seed2,11,x,77,97.46590892916741,True,10,10,11,0.9995373378043668,True,0.9900535414942941,M3r,0.39126864987265697,k3l,True,False,10,"1,2,3,4,5,6,7,8,9,10",0.9991735816001892
aff11_wu25k_absq2_m128_seed2,11,x,78,101.14235429418342,True,10,10,11,0.9988557220520444,True,0.9696251069323345,M0r,0.3854180408921251,k3l,True,False,10,"1,2,3,4,5,6,7,8,9,10",0.9991735816001892
aff11_wu25k_absq2_m128_seed2,11,x,79,1.322356188406498e-05,True,10,10,11,0.9528378272995748,True,0.36281229316975694,M5r,0.37901427699675266,k2r,False,False,10,"1,2,3,4,5,6,7,8,9,10",0.9991735816001892
aff11_wu25k_absq2_m128_seed2,11,x,80,100.23336900447477,True,10,10,11,0.9995810052842837,True,0.9868028820431326,M3r,0.3907932766870046,k3l,True,False,10,"1,2,3,4,5,6,7,8,9,10",0.9991735816001892
aff11_wu25k_absq2_m128_seed2,11,x,81,92.48485642439094,True,10,10,11,0.9982233168205962,True,0.3826131890764046,M5r,0.4638562886591403,k2r,False,False,10,"1,2,3,4,5,6,7,8,9,10",0.9991735816001892
aff11_wu25k_absq2_m128_seed2,11,x,82,8.983704396641829e-06,True,10,10,11,0.9968143081435656,True,0.5083603328804815,M0r,0.49798456143338227,k3r,False,False,10,"1,2,3,4,5,6,7,8,9,10",0.9991735816001892
aff11_wu25k_absq2_m128_seed2,11,x,83,91.73153495377875,True,10,10,11,0.9993206079193159,True,0.47471474445100365,M8r,0.3737420312810616,k3l,False,False,10,"1,2,3,4,5,6,7,8,9,10",0.9991735816001892
aff11_wu25k_absq2_m128_seed2,11,x,84,95.53200842195788,True,10,10,11,0.9998833180480043,True,0.5830922146240656,M8r,0.37526596028138465,k3l,False,False,10,"1,2,3,4,5,6,7,8,9,10",0.9991735816001892
aff11_wu25k_absq2_m128_seed2,11,x,85,9.768201079916773e-06,True,10,10,11,0.843897400136171,False,0.2853921873740828,M9r,0.3630020055237889,k4r,False,False,0,,0.9991735816001892
aff11_wu25k_absq2_m128_seed2,11,x,86,94.0532300375513,True,10,10,11,0.9996756165788792,True,0.4190719509385124,M2r,0.3841996160111058,k3l,False,False,10,"1,2,3,4,5,6,7,8,9,10",0.9991735816001892
aff11_wu25k_absq2_m128_seed2,11,x,87,97.33081343252745,True,10,10,11,0.9986136332666453,True,0.9865469533212378,M3r,0.3904484862156334,k3l,True,False,10,"1,2,3,4,5,6,7,8,9,10",0.9991735816001892
aff11_wu25k_absq2_m128_seed2,11,x,88,93.61752282512374,True,10,10,11,0.9998607046149529,True,0.5916103914156907,M8r,0.3755657249064021,k3l,False,False,10,"1,2,3,4,5,6,7,8,9,10",0.9991735816001892
aff11_wu25k_absq2_m128_seed2,11,x,89,91.10571935487037,True,10,10,11,0.9978066405443053,True,0.3884513746215351,M2r,0.48064421427112264,k4r,False,False,10,"1,2,3,4,5,6,7,8,9,10",0.9991735816001892
aff11_wu25k_absq2_m128_seed2,11,x,90,90.74472612077518,True,10,10,11,0.9992420658427063,True,0.37444927337193207,M2r,0.39622174702753465,k2r,False,False,10,"1,2,3,4,5,6,7,8,9,10",0.9991735816001892
aff11_wu25k_absq2_m128_seed2,11,x,91,90.10320275335096,True,10,10,11,0.9984484564744355,True,0.3928403722858532,M1r,0.4084811396403865,k4r,False,False,10,"1,2,3,4,5,6,7,8,9,10",0.9991735816001892
aff11_wu25k_absq2_m128_seed2,11,x,92,98.22632334885046,True,10,10,11,0.9996166985348149,True,0.989179207649183,M0r,0.3853154953163408,k3l,True,False,10,"1,2,3,4,5,6,7,8,9,10",0.9991735816001892
aff11_wu25k_absq2_m128_seed2,11,x,93,97.99960606200837,True,10,10,11,0.9991308890803374,True,0.5763914733825297,M4r,0.43592916894786693,k1r,False,False,10,"1,2,3,4,5,6,7,8,9,10",0.9991735816001892
aff11_wu25k_absq2_m128_seed2,11,x,94,100.71374480988949,True,10,10,11,0.998087992600904,True,0.9875748766621585,M3r,0.39067401609175834,k3l,True,False,10,"1,2,3,4,5,6,7,8,9,10",0.9991735816001892
aff11_wu25k_absq2_m128_seed2,11,x,95,99.65849971020222,True,10,10,11,0.9980898228911581,True,0.9837526488378394,M3r,0.38977811585963323,k3l,True,False,10,"1,2,3,4,5,6,7,8,9,10",0.9991735816001892
aff11_wu25k_absq2_m128_seed2,11,x,96,95.72633913506682,True,10,10,11,0.9998466416698517,True,0.6566104793502401,M6r,0.38318395210670636,k5r,False,False,10,"1,2,3,4,5,6,7,8,9,10",0.9991735816001892
aff11_wu25k_absq2_m128_seed2,11,x,97,95.40198042681882,True,10,10,11,0.9988958344870169,True,0.9835907848357243,M0r,0.38458384560775727,k3l,True,False,10,"1,2,3,4,5,6,7,8,9,10",0.9991735816001892
aff11_wu25k_absq2_m128_seed2,11,x,98,89.47295851755362,True,10,10,11,0.9998490073089268,True,0.3763388576565867,M2r,0.38529692813306876,k3l,False,False,10,"1,2,3,4,5,6,7,8,9,10",0.9991735816001892
aff11_wu25k_absq2_m128_seed2,11,x,99,92.3294949594609,True,10,10,11,0.9997061324632847,True,0.49527183014583975,M8r,0.3751023825671289,k3l,False,False,10,"1,2,3,4,5,6,7,8,9,10",0.9991735816001892
aff11_wu25k_absq2_m128_seed2,11,x,100,95.66277473887386,True,10,10,11,0.9997974701464177,True,0.9925430654325067,M9r,0.3821873414289817,k3l,True,False,10,"1,2,3,4,5,6,7,8,9,10",0.9991735816001892
aff11_wu25k_absq2_m128_seed2,11,x,101,82.10989112027573,True,10,10,11,0.9996572978515901,True,0.36977120108452,M2r,0.4194525405561309,k3r,False,False,10,"1,2,3,4,5,6,7,8,9,10",0.9991735816001892
aff11_wu25k_absq2_m128_seed2,11,x,102,98.6387607412726,True,10,10,11,0.9996492784805479,True,0.9925600366092701,M0r,0.38499782711371616,k3l,True,False,10,"1,2,3,4,5,6,7,8,9,10",0.9991735816001892
aff11_wu25k_absq2_m128_seed2,11,x,103,99.66656383407165,True,10,10,11,0.999638324671855,True,0.3914669755138982,M5r,0.4731675126155785,k2r,False,False,10,"1,2,3,4,5,6,7,8,9,10",0.9991735816001892
aff11_wu25k_absq2_m128_seed2,11,x,104,91.45246684391066,True,10,10,11,0.9998510437571877,True,0.5515026205984592,M8r,0.3750678741112626,k3l,False,False,10,"1,2,3,4,5,6,7,8,9,10",0.9991735816001892
aff11_wu25k_absq2_m128_seed2,11,x,105,99.24956282040944,True,10,10,11,0.9993590985207552,True,0.982495599593287,M7r,0.38954845064179794,k3l,True,False,10,"1,2,3,4,5,6,7,8,9,10",0.9991735816001892
aff11_wu25k_absq2_m128_seed2,11,x,106,94.16564219695108,True,10,10,11,0.9993407643122568,True,0.5239219749056704,M8r,0.374654474530698,k3l,False,False,10,"1,2,3,4,5,6,7,8,9,10",0.9991735816001892
aff11_wu25k_absq2_m128_seed2,11,x,107,95.80717236770157,True,10,10,11,0.9995921731718523,True,0.9880762289662873,M0r,0.3850121332138181,k3l,True,False,10,"1,2,3,4,5,6,7,8,9,10",0.9991735816001892
aff11_wu25k_absq2_m128_seed2,11,x,108,288.9430490419227,True,9,1,0,0.9991051123478263,True,0.00016283745723817488,M2r,0.00025965270080799944,k5r,False,False,0,,0.9991735816001892
aff11_wu25k_absq2_m128_seed2,11,x,109,1.2160956608766298e-05,True,10,10,11,0.9995399311059099,True,0.4690339512728316,M2r,0.4521134085597564,k2r,False,False,10,"1,2,3,4,5,6,7,8,9,10",0.9991735816001892
aff11_wu25k_absq2_m128_seed2,11,x,110,87.12226217215668,True,10,10,11,0.9985363568731577,True,0.3987098384048925,M1r,0.4234547330671291,k4r,False,False,10,"1,2,3,4,5,6,7,8,9,10",0.9991735816001892
aff11_wu25k_absq2_m128_seed2,11,x,111,100.94708660332338,True,10,10,11,0.999494038805709,True,0.984217242576719,M9r,0.3812110403437062,k3l,True,False,10,"1,2,3,4,5,6,7,8,9,10",0.9991735816001892
aff11_wu25k_absq2_m128_seed2,11,x,112,1.3672760477236123e-05,True,10,10,11,0.9957048896842977,True,0.356747883374653,M5r,0.6111047394003782,k1r,False,False,10,"1,2,3,4,5,6,7,8,9,10",0.9991735816001892
aff11_wu25k_absq2_m128_seed2,11,x,113,93.42967999520657,True,10,10,11,0.9952456405901675,True,0.9809659617987694,M7r,0.38720662908993725,k3l,True,False,10,"1,2,3,4,5,6,7,8,9,10",0.9991735816001892
aff11_wu25k_absq2_m128_seed2,11,x,114,94.53155246016875,True,10,10,11,0.9996543633427524,True,0.31176173715294464,M5r,0.524712536925018,k1r,False,False,10,"1,2,3,4,5,6,7,8,9,10",0.9991735816001892
aff11_wu25k_absq2_m128_seed2,11,x,115,1.6174548488855203e-05,True,10,10,11,0.860117987631151,False,0.35488369663448005,M9r,0.33125937156441293,k3l,False,False,0,,0.9991735816001892
aff11_wu25k_absq2_m128_seed2,11,x,116,95.0092192935757,True,10,10,11,0.9997013837268245,True,0.565396956175677,M8r,0.37494457576369966,k3l,False,False,10,"1,2,3,4,5,6,7,8,9,10",0.9991735816001892
aff11_wu25k_absq2_m128_seed2,11,x,117,102.58055384379969,True,10,10,11,0.9998791807264891,True,0.4443827139219063,M1r,0.406172901441434,k2r,False,False,10,"1,2,3,4,5,6,7,8,9,10",0.9991735816001892
aff11_wu25k_absq2_m128_seed2,11,x,118,7.65279445452649e-06,True,10,10,11,0.8043845743203778,False,0.4087382246154706,M9r,0.3438717311071107,k3r,False,False,0,,0.9991735816001892
aff11_wu25k_absq2_m128_seed2,11,x,119,99.40054832715659,True,10,10,11,0.9994243762995252,True,0.9844216272682091,M0r,0.3848802259253533,k3l,True,False,10,"1,2,3,4,5,6,7,8,9,10",0.9991735816001892
aff11_wu25k_absq2_m128_seed2,11,x,120,98.91558455208705,True,10,10,11,0.9995651538554519,True,0.4221039687910961,M5r,0.44723093376784223,k2r,False,False,10,"1,2,3,4,5,6,7,8,9,10",0.9991735816001892
aff11_wu25k_absq2_m128_seed2,11,x,121,1.7256130564018312e-05,True,10,10,11,0.9893565335565225,True,0.16618218124141462,M8r,0.37803601618930766,k3l,False,False,10,"1,2,3,4,5,6,7,8,9,10",0.9991735816001892
aff11_wu25k_absq2_m128_seed2,11,x,122,99.5201057658965,True,10,10,11,0.9997454945121362,True,0.9816203888916809,M7r,0.39082599058266726,k3l,True,False,10,"1,2,3,4,5,6,7,8,9,10",0.9991735816001892
aff11_wu25k_absq2_m128_seed2,11,x,123,95.85612678478081,True,10,10,11,0.99837074462304,True,0.659814372009272,M6r,0.4001406572617605,k5r,False,False,10,"1,2,3,4,5,6,7,8,9,10",0.9991735816001892
aff11_wu25k_absq2_m128_seed2,11,x,124,97.37500041096764,True,10,10,11,0.999223650300965,True,0.9928057542404598,M9r,0.37996711198619376,k3l,True,False,10,"1,2,3,4,5,6,7,8,9,10",0.9991735816001892
aff11_wu25k_absq2_m128_seed2,11,x,125,92.74853271573002,True,10,10,11,0.9992151677989476,True,0.3811013769539408,M2r,0.39065755435924965,k2r,False,False,10,"1,2,3,4,5,6,7,8,9,10",0.9991735816001892
aff11_wu25k_absq2_m128_seed2,11,x,126,97.17194251874844,True,10,10,11,0.9998688254757606,True,0.9866708761686421,M7r,0.3882042844865801,k3l,True,False,10,"1,2,3,4,5,6,7,8,9,10",0.9991735816001892
aff11_wu25k_absq2_m128_seed2,11,x,127,89.7808612864498,True,10,10,11,0.9994230702050463,True,0.37559184040322413,M2r,0.3848577692495286,k3l,False,False,10,"1,2,3,4,5,6,7,8,9,10",0.9991735816001892
aff11_wu25k_absq2_m128_seed2,11,y,0,87.16333639351244,True,10,10,11,0.9989680167909127,True,0.431549637206162,M6l,0.47351875195542276,k2l,False,False,10,"1,2,3,4,5,6,7,8,9,10",0.9991735816001892
aff11_wu25k_absq2_m128_seed2,11,y,1,98.20740418187464,True,10,10,11,0.9992219200230379,True,0.4280070473073566,M3l,0.37838083381717424,k3r,False,False,10,"1,2,3,4,5,6,7,8,9,10",0.9991735816001892
aff11_wu25k_absq2_m128_seed2,11,y,2,92.42355247872241,True,10,10,11,0.9995543359514399,True,0.5723085456093127,M4l,0.4635813802971777,k1l,False,False,10,"1,2,3,4,5,6,7,8,9,10",0.9991735816001892
aff11_wu25k_absq2_m128_seed2,11,y,3,90.90537987500086,True,10,10,11,0.99970204446296,True,0.43744045904799633,M7l,0.391012705967773,k3l,False,False,10,"1,2,3,4,5,6,7,8,9,10",0.9991735816001892
aff11_wu25k_absq2_m128_seed2,11,y,4,94.50217778243943,True,10,10,11,0.9991686960763112,True,0.33880257246655576,M10l,0.38337378371203246,k3r,False,False,10,"1,2,3,4,5,6,7,8,9,10",0.9991735816001892
aff11_wu25k_absq2_m128_seed2,11,y,5,99.05947470262042,True,10,10,11,0.9996322175722478,True,0.35535282027670934,M9l,0.3930357497416249,k1l,False,False,10,"1,2,3,4,5,6,7,8,9,10",0.9991735816001892
aff11_wu25k_absq2_m128_seed2,11,y,6,97.11533868726642,True,10,10,11,0.9996942419872378,True,0.4410719672823614,M9l,0.4056978960656037,k1l,False,False,10,"1,2,3,4,5,6,7,8,9,10",0.9991735816001892
aff11_wu25k_absq2_m128_seed2,11,y,7,95.82983226126517,True,10,10,11,0.9985684906761273,True,0.3507031000414413,M10l,0.3832290453823335,k3r,False,False,10,"1,2,3,4,5,6,7,8,9,10",0.9991735816001892
aff11_wu25k_absq2_m128_seed2,11,y,8,93.20040781472692,True,10,10,11,0.9997592832887369,True,0.4115233827872444,M7l,0.40748815305747577,k3l,False,False,10,"1,2,3,4,5,6,7,8,9,10",0.9991735816001892
aff11_wu25k_absq2_m128_seed2,11,y,9,106.06011472218698,True,10,10,11,0.9997670252920183,True,0.5405361609006741,M3l,0.5779053001142412,k4l,False,False,10,"1,2,3,4,5,6,7,8,9,10",0.9991735816001892
aff11_wu25k_absq2_m128_seed2,11,y,10,88.81759221854117,True,10,10,11,0.9997901619954888,True,0.49895625130648563,M6l,0.40078887178952904,k2l,False,False,10,"1,2,3,4,5,6,7,8,9,10",0.9991735816001892
aff11_wu25k_absq2_m128_seed2,11,y,11,99.37879466722727,True,10,10,11,0.9994472144364586,True,0.3620137832998136,M0l,0.5173746638176512,k5l,False,False,10,"1,2,3,4,5,6,7,8,9,10",0.9991735816001892
aff11_wu25k_absq2_m128_seed2,11,y,12,90.8886390243619,True,10,10,11,0.9983874936425251,True,0.4312771546276799,M6l,0.3947346783087667,k2l,False,False,10,"1,2,3,4,5,6,7,8,9,10",0.9991735816001892
aff11_wu25k_absq2_m128_seed2,11,y,13,91.92917135044516,True,10,10,11,0.9998408211167669,True,0.5626013918631897,M5l,0.5517849665936334,k3l,False,False,10,"1,2,3,4,5,6,7,8,9,10",0.9991735816001892
aff11_wu25k_absq2_m128_seed2,11,y,14,94.68796656574385,True,10,10,11,0.9997266598379272,True,0.4874586264347847,M3l,0.5831225591300381,k4l,False,False,10,"1,2,3,4,5,6,7,8,9,10",0.9991735816001892
aff11_wu25k_absq2_m128_seed2,11,y,15,94.09775699172958,True,10,10,11,0.9998406507114745,True,0.39131648866438734,M9l,0.3875929471480931,k1l,False,False,10,"1,2,3,4,5,6,7,8,9,10",0.9991735816001892
aff11_wu25k_absq2_m128_seed2,11,y,16,103.81090951873816,True,10,10,11,0.9985508268293106,True,0.29865602079924913,M10l,0.3832276098966749,k3r,False,False,10,"1,2,3,4,5,6,7,8,9,10",0.9991735816001892
aff11_wu25k_absq2_m128_seed2,11,y,17,82.92308699542913,True,10,10,11,0.9979532861982556,True,0.649882807621434,M6l,0.42854648546997265,k3l,False,False,10,"1,2,3,4,5,6,7,8,9,10",0.9991735816001892
aff11_wu25k_absq2_m128_seed2,11,y,18,97.72337811938375,True,10,10,11,0.9949098206444912,True,0.4063610477168562,M9l,0.4889414018811422,k1l,False,False,10,"1,2,3,4,5,6,7,8,9,10",0.9991735816001892
aff11_wu25k_absq2_m128_seed2,11,y,19,95.91715286276303,True,10,10,11,0.9977902215819189,True,0.5403829559888269,M6l,0.3775960823141004,k3r,False,False,10,"1,2,3,4,5,6,7,8,9,10",0.9991735816001892
aff11_wu25k_absq2_m128_seed2,11,y,20,92.2584034519579,True,10,10,11,0.9995791000270509,True,0.4407259425958026,M0l,0.5202206760093145,k5l,False,False,10,"1,2,3,4,5,6,7,8,9,10",0.9991735816001892
aff11_wu25k_absq2_m128_seed2,11,y,21,84.75348933801186,True,10,10,11,0.9993492565726374,True,0.7303278115441315,M6l,0.4282363320099331,k1l,False,False,10,"1,2,3,4,5,6,7,8,9,10",0.9991735816001892
aff11_wu25k_absq2_m128_seed2,11,y,22,107.31524792052046,True,10,10,11,0.9996264472004887,True,0.9917815266395851,M2l,0.3946439259744391,k3r,True,False,10,"1,2,3,4,5,6,7,8,9,10",0.9991735816001892
aff11_wu25k_absq2_m128_seed2,11,y,23,91.91969341743697,True,10,10,11,0.9998208920312278,True,0.32016539012008755,M3l,0.37714104556143224,k3r,False,False,10,"1,2,3,4,5,6,7,8,9,10",0.9991735816001892
aff11_wu25k_absq2_m128_seed2,11,y,24,100.93720822670365,True,10,10,11,0.9997896696074424,True,0.4384274287254137,M8l,0.492462680770644,k1l,False,False,10,"1,2,3,4,5,6,7,8,9,10",0.9991735816001892
aff11_wu25k_absq2_m128_seed2,11,y,25,98.25160334896978,True,10,10,11,0.9990154332954696,True,0.34629497725924097,M10l,0.3834244054951661,k3r,False,False,10,"1,2,3,4,5,6,7,8,9,10",0.9991735816001892
aff11_wu25k_absq2_m128_seed2,11,y,26,94.65238609100523,True,10,10,11,0.9998563738803151,True,0.5357703013958836,M3l,0.558267056742783,k4l,False,False,10,"1,2,3,4,5,6,7,8,9,10",0.9991735816001892
aff11_wu25k_absq2_m128_seed2,11,y,27,97.55230622362255,True,10,10,11,0.9994475265117386,True,0.9888644350650925,M2l,0.3943283430215716,k3r,True,False,10,"1,2,3,4,5,6,7,8,9,10",0.9991735816001892
aff11_wu25k_absq2_m128_seed2,11,y,28,93.36273046744597,True,10,10,11,0.9999062309483067,True,0.3812483873406135,M3l,0.3781720873091321,k3r,False,False,10,"1,2,3,4,5,6,7,8,9,10",0.9991735816001892
aff11_wu25k_absq2_m128_seed2,11,y,29,95.80798078115436,True,10,10,11,0.9968498009637115,True,0.4386326902779662,M7l,0.4104108149483515,k3l,False,False,10,"1,2,3,4,5,6,7,8,9,10",0.9991735816001892
aff11_wu25k_absq2_m128_seed2,11,y,30,1.6471392531263267e-05,True,10,10,11,0.9594024266016263,True,0.23346014231382686,M10l,0.4886836203153391,k3l,False,False,10,"1,2,3,4,5,6,7,8,9,10",0.9991735816001892
aff11_wu25k_absq2_m128_seed2,11,y,31,86.17709303885898,True,10,10,11,0.9985375542148338,True,0.5165595331158146,M6l,0.39889134354753825,k5l,False,False,10,"1,2,3,4,5,6,7,8,9,10",0.9991735816001892
aff11_wu25k_absq2_m128_seed2,11,y,32,106.03720479886955,True,10,10,11,0.9993747076149588,True,0.30913754050589176,M3l,0.3760075245591149,k3r,False,False,10,"1,2,3,4,5,6,7,8,9,10",0.9991735816001892
aff11_wu25k_absq2_m128_seed2,11,y,33,96.13500449215674,True,10,10,11,0.9993071952240119,True,0.35613081257087603,M3l,0.3775251518457053,k3r,False,False,10,"1,2,3,4,5,6,7,8,9,10",0.9991735816001892
aff11_wu25k_absq2_m128_seed2,11,y,34,83.45186834257937,True,10,10,11,0.9993291008520058,True,0.6279173680094283,M6l,0.3816656144527795,k3l,False,False,10,"1,2,3,4,5,6,7,8,9,10",0.9991735816001892
aff11_wu25k_absq2_m128_seed2,11,y,35,94.25825296333596,True,10,10,11,0.9998921353538978,True,0.5646865092785583,M3l,0.5413823880500666,k4l,False,False,10,"1,2,3,4,5,6,7,8,9,10",0.9991735816001892
aff11_wu25k_absq2_m128_seed2,11,y,36,108.89245945139943,True,10,10,11,0.999465145126537,True,0.9937870146167551,M2l,0.39469697511597923,k3r,True,False,10,"1,2,3,4,5,6,7,8,9,10",0.9991735816001892
aff11_wu25k_absq2_m128_seed2,11,y,37,96.04179849468875,True,10,10,11,0.9974818845102369,True,0.4247444678571767,M7l,0.4903982872986453,k3l,False,False,10,"1,2,3,4,5,6,7,8,9,10",0.9991735816001892
aff11_wu25k_absq2_m128_seed2,11,y,38,91.80251157165175,True,10,10,11,0.9996960737583731,True,0.36454012761414334,M9l,0.3858002966667721,k1l,False,False,10,"1,2,3,4,5,6,7,8,9,10",0.9991735816001892
aff11_wu25k_absq2_m128_seed2,11,y,39,99.25653705805198,True,10,10,11,0.9984688939321752,True,0.331486863724106,M0l,0.540052823831746,k5l,False,False,10,"1,2,3,4,5,6,7,8,9,10",0.9991735816001892
aff11_wu25k_absq2_m128_seed2,11,y,40,96.47069705607733,True,10,10,11,0.999594041919851,True,0.43795906316317695,M7l,0.48480910477917744,k3l,False,False,10,"1,2,3,4,5,6,7,8,9,10",0.9991735816001892
aff11_wu25k_absq2_m128_seed2,11,y,41,93.36031408512841,True,10,10,11,0.9990379745507415,True,0.5234778598031095,M5l,0.5403961445967834,k3l,False,False,10,"1,2,3,4,5,6,7,8,9,10",0.9991735816001892
aff11_wu25k_absq2_m128_seed2,11,y,42,96.90600439923786,True,10,10,11,0.9996187828690699,True,0.3396313020585961,M10l,0.4300356819524139,k5l,False,False,10,"1,2,3,4,5,6,7,8,9,10",0.9991735816001892
aff11_wu25k_absq2_m128_seed2,11,y,43,106.01564884328002,True,10,10,11,0.9987405515748448,True,0.2982896791694097,M10l,0.3978706801174015,k5l,False,False,10,"1,2,3,4,5,6,7,8,9,10",0.9991735816001892
aff11_wu25k_absq2_m128_seed2,11,y,44,93.37389474898781,True,10,10,11,0.9997444002064889,True,0.325205069963199,M3l,0.3765921962533349,k3r,False,False,10,"1,2,3,4,5,6,7,8,9,10",0.9991735816001892
aff11_wu25k_absq2_m128_seed2,11,y,45,100.46503787756772,True,10,10,11,0.9982035278740778,True,0.8973723647272611,M6l,0.3783710139852986,k3r,False,False,10,"1,2,3,4,5,6,7,8,9,10",0.9991735816001892
aff11_wu25k_absq2_m128_seed2,11,y,46,97.56649767547164,True,10,10,11,0.999673491687062,True,0.5002216265472424,M4l,0.5132616238307914,k1l,False,False,10,"1,2,3,4,5,6,7,8,9,10",0.9991735816001892
aff11_wu25k_absq2_m128_seed2,11,y,47,102.21080090470163,True,10,10,11,0.9999030130276287,True,0.6160904786525512,M1l,0.5268411398384977,k3l,False,False,10,"1,2,3,4,5,6,7,8,9,10",0.9991735816001892
aff11_wu25k_absq2_m128_seed2,11,y,48,101.4211466066245,True,10,10,11,0.9998795102832841,True,0.36638056172415084,M0l,0.521578459618953,k5l,False,False,10,"1,2,3,4,5,6,7,8,9,10",0.9991735816001892
aff11_wu25k_absq2_m128_seed2,11,y,49,106.18451809330553,True,10,10,11,0.9998118439240044,True,0.9607022421357262,M6l,0.3790366611289676,k3r,True,False,10,"1,2,3,4,5,6,7,8,9,10",0.9991735816001892
aff11_wu25k_absq2_m128_seed2,11,y,50,101.41438098870191,True,10,10,11,0.9997506443589003,True,0.3246313357782405,M7l,0.45209656834072204,k3l,False,False,10,"1,2,3,4,5,6,7,8,9,10",0.9991735816001892
aff11_wu25k_absq2_m128_seed2,11,y,51,2.532782690335702e-05,True,10,10,11,0.9914777179602439,True,0.3246324698645132,M4l,0.3752004696607246,k3r,False,False,10,"1,2,3,4,5,6,7,8,9,10",0.9991735816001892
aff11_wu25k_absq2_m128_seed2,11,y,52,101.13209515551083,True,10,10,11,0.998826625560335,True,0.988307425808643,M2l,0.3948169194141505,k3r,True,False,10,"1,2,3,4,5,6,7,8,9,10",0.9991735816001892
aff11_wu25k_absq2_m128_seed2,11,y,53,102.17757120769203,True,10,10,11,0.9997698357708776,True,0.3562131858411227,M7l,0.4251139566478111,k3l,False,False,10,"1,2,3,4,5,6,7,8,9,10",0.9991735816001892
aff11_wu25k_absq2_m128_seed2,11,y,54,90.81362439203306,True,10,10,11,0.9968554495493481,True,0.4798445802464829,M5l,0.6370572137216873,k3l,False,False,10,"1,2,3,4,5,6,7,8,9,10",0.9991735816001892
aff11_wu25k_absq2_m128_seed2,11,y,55,104.25437485586409,True,10,10,11,0.9995919595271439,True,0.9935306383740242,M2l,0.39489949632006416,k3r,True,False,10,"1,2,3,4,5,6,7,8,9,10",0.9991735816001892
aff11_wu25k_absq2_m128_seed2,11,y,56,1.3176969531969967e-05,True,10,10,11,0.8698629243807047,False,0.4661047171531596,M5l,0.45083646935796495,k2l,False,False,0,,0.9991735816001892
aff11_wu25k_absq2_m128_seed2,11,y,57,101.72322797023425,True,10,10,11,0.9998227206391415,True,0.3884285827723501,M9l,0.4238016366546326,k1l,False,False,10,"1,2,3,4,5,6,7,8,9,10",0.9991735816001892
aff11_wu25k_absq2_m128_seed2,11,y,58,96.03017317498637,True,10,10,11,0.9998685425379165,True,0.3580764166918261,M0l,0.4998655932398181,k5l,False,False,10,"1,2,3,4,5,6,7,8,9,10",0.9991735816001892
aff11_wu25k_absq2_m128_seed2,11,y,59,95.53706662129125,True,10,10,11,0.9999207896712846,True,0.49446004474689725,M5l,0.5226818357483269,k3l,False,False,10,"1,2,3,4,5,6,7,8,9,10",0.9991735816001892
aff11_wu25k_absq2_m128_seed2,11,y,60,95.4293590568042,True,10,10,11,0.9997577848445288,True,0.500883643194237,M4l,0.5298396476972148,k1l,False,False,10,"1,2,3,4,5,6,7,8,9,10",0.9991735816001892
aff11_wu25k_absq2_m128_seed2,11,y,61,101.86422582296807,True,10,10,11,0.9989678978749378,True,0.8916603034981735,M6l,0.3796592130498725,k3r,False,False,10,"1,2,3,4,5,6,7,8,9,10",0.9991735816001892
aff11_wu25k_absq2_m128_seed2,11,y,62,97.34961348395262,True,10,10,11,0.9992362466142874,True,0.3781338794444259,M0l,0.6085600471358811,k5l,False,False,10,"1,2,3,4,5,6,7,8,9,10",0.9991735816001892
aff11_wu25k_absq2_m128_seed2,11,y,63,91.75023095608722,True,10,10,11,0.9998886282420378,True,0.5872673042068343,M5l,0.5629315718820997,k3l,False,False,10,"1,2,3,4,5,6,7,8,9,10",0.9991735816001892
aff11_wu25k_absq2_m128_seed2,11,y,64,99.9454624583942,True,10,10,11,0.9980590325906764,True,0.48944424980774964,M3l,0.5939433015632964,k4l,False,False,10,"1,2,3,4,5,6,7,8,9,10",0.9991735816001892
aff11_wu25k_absq2_m128_seed2,11,y,65,83.01079135456614,True,10,10,11,0.9996236665767896,True,0.6903260181142615,M6l,0.39369099061792684,k1l,False,False,10,"1,2,3,4,5,6,7,8,9,10",0.9991735816001892
aff11_wu25k_absq2_m128_seed2,11,y,66,97.12311819691254,True,10,10,11,0.998403189707139,True,0.3677259713908199,M3l,0.3768138101574994,k3r,False,False,10,"1,2,3,4,5,6,7,8,9,10",0.9991735816001892
aff11_wu25k_absq2_m128_seed2,11,y,67,95.23114332503604,True,10,10,11,0.999364800480507,True,0.6183246710228139,M3l,0.5607875095598678,k4l,False,False,10,"1,2,3,4,5,6,7,8,9,10",0.9991735816001892
aff11_wu25k_absq2_m128_seed2,11,y,68,98.61694059324844,True,10,10,11,0.999489716904244,True,0.5783121059448189,M3l,0.5912987848069599,k4l,False,False,10,"1,2,3,4,5,6,7,8,9,10",0.9991735816001892
aff11_wu25k_absq2_m128_seed2,11,y,69,98.16924764939141,True,10,10,11,0.9993235279559443,True,0.5139123508859531,M3l,0.5854187631898525,k4l,False,False,10,"1,2,3,4,5,6,7,8,9,10",0.9991735816001892
aff11_wu25k_absq2_m128_seed2,11,y,70,99.70950301849406,True,10,10,11,0.9978142664366244,True,0.632234003954842,M3l,0.57934151917866,k4l,False,False,10,"1,2,3,4,5,6,7,8,9,10",0.9991735816001892
aff11_wu25k_absq2_m128_seed2,11,y,71,98.47297350881003,True,10,10,11,0.9983230801989328,True,0.40784863517484116,M9l,0.4808342696522318,k1l,False,False,10,"1,2,3,4,5,6,7,8,9,10",0.9991735816001892
aff11_wu25k_absq2_m128_seed2,11,y,72,100.94671136034572,True,10,10,11,0.9996115796903005,True,0.9908541057406642,M2l,0.39471576725664415,k3r,True,False,10,"1,2,3,4,5,6,7,8,9,10",0.9991735816001892
aff11_wu25k_absq2_m128_seed2,11,y,73,102.72952241427488,True,10,10,11,0.9999201961131138,True,0.4920993839693378,M1l,0.6204943008127572,k3l,False,False,10,"1,2,3,4,5,6,7,8,9,10",0.9991735816001892
aff11_wu25k_absq2_m128_seed2,11,y,74,83.33797494733031,True,10,10,11,0.9997830124932018,True,0.671514351585029,M6l,0.389500199522885,k1l,False,False,10,"1,2,3,4,5,6,7,8,9,10",0.9991735816001892
aff11_wu25k_absq2_m128_seed2,11,y,75,74.05061682198298,True,10,10,11,0.9996232979396805,True,0.5685463931224933,M6l,0.46313543354933256,k3l,False,False,10,"1,2,3,4,5,6,7,8,9,10",0.9991735816001892
aff11_wu25k_absq2_m128_seed2,11,y,76,93.7769165994965,True,10,10,11,0.9998819568892588,True,0.36259714911827834,M0l,0.4843713318165364,k5l,False,False,10,"1,2,3,4,5,6,7,8,9,10",0.9991735816001892
aff11_wu25k_absq2_m128_seed2,11,y,77,100.61293343604099,True,10,10,11,0.9976960153947012,True,0.2741229165786436,M5l,0.37512966315053664,k3r,False,False,10,"1,2,3,4,5,6,7,8,9,10",0.9991735816001892
aff11_wu25k_absq2_m128_seed2,11,y,78,104.28653649019884,True,10,10,11,0.9984931806956943,True,0.9912003132481603,M2l,0.39425734365346415,k3r,True,False,10,"1,2,3,4,5,6,7,8,9,10",0.9991735816001892
aff11_wu25k_absq2_m128_seed2,11,y,79,1.827305786348883e-05,True,10,10,11,0.8668512958945309,False,0.34722354081781565,M8l,0.37550222958815943,k4l,False,False,0,,0.9991735816001892
aff11_wu25k_absq2_m128_seed2,11,y,80,102.41854908284398,True,10,10,11,0.9995456473122791,True,0.5418662477569296,M1l,0.569171835113369,k3l,False,False,10,"1,2,3,4,5,6,7,8,9,10",0.9991735816001892
aff11_wu25k_absq2_m128_seed2,11,y,81,91.14120016718023,True,10,10,11,0.9994626616864664,True,0.3445954735438839,M9l,0.38816633849422605,k1l,False,False,10,"1,2,3,4,5,6,7,8,9,10",0.9991735816001892
aff11_wu25k_absq2_m128_seed2,11,y,82,7.954123774091808e-06,True,10,10,11,0.9714684320271714,True,0.25200957557727943,M7l,0.4883772579685837,k3l,False,False,10,"1,2,3,4,5,6,7,8,9,10",0.9991735816001892
aff11_wu25k_absq2_m128_seed2,11,y,83,92.04203614522112,True,10,10,11,0.9995205028445533,True,0.48012324242913507,M4l,0.4850755488845935,k1l,False,False,10,"1,2,3,4,5,6,7,8,9,10",0.9991735816001892
aff11_wu25k_absq2_m128_seed2,11,y,84,96.67176058011695,True,10,10,11,0.9994347457402052,True,0.3656527249787641,M0l,0.49546954313147795,k5l,False,False,10,"1,2,3,4,5,6,7,8,9,10",0.9991735816001892
aff11_wu25k_absq2_m128_seed2,11,y,85,8.333491646980312e-06,True,10,10,11,0.9842691376127458,True,0.27280947351016116,M0l,0.5275989733419064,k3l,False,False,10,"1,2,3,4,5,6,7,8,9,10",0.9991735816001892
aff11_wu25k_absq2_m128_seed2,11,y,86,95.29107383737977,True,10,10,11,0.9996619559587694,True,0.39005963264681764,M0l,0.5193052696037764,k5l,False,False,10,"1,2,3,4,5,6,7,8,9,10",0.9991735816001892
aff11_wu25k_absq2_m128_seed2,11,y,87,99.88827736823572,True,10,10,11,0.9995914040353252,True,0.37084652247086086,M10l,0.38452340702312987,k3r,False,False,10,"1,2,3,4,5,6,7,8,9,10",0.9991735816001892
aff11_wu25k_absq2_m128_seed2,11,y,88,93.2636687629605,True,10,10,11,0.9995628304277053,True,0.537441070999478,M5l,0.5707413017827015,k3l,False,False,10,"1,2,3,4,5,6,7,8,9,10",0.9991735816001892
aff11_wu25k_absq2_m128_seed2,11,y,89,98.6347485516035,True,10,10,11,0.9989056599050828,True,0.4621506099315597,M4l,0.5257044683532922,k1l,False,False,10,"1,2,3,4,5,6,7,8,9,10",0.9991735816001892
aff11_wu25k_absq2_m128_seed2,11,y,90,92.75383360640495,True,10,10,11,0.9995094309255074,True,0.28187274923699296,M10l,0.3826536408081566,k3r,False,False,10,"1,2,3,4,5,6,7,8,9,10",0.9991735816001892
aff11_wu25k_absq2_m128_seed2,11,y,91,95.18964621847988,True,10,10,11,0.9998867611330722,True,0.3422152975304023,M10l,0.38368745350490724,k3r,False,False,10,"1,2,3,4,5,6,7,8,9,10",0.9991735816001892
aff11_wu25k_absq2_m128_seed2,11,y,92,103.2584459606346,True,10,10,11,0.9998896351484869,True,0.31445260876442094,M3l,0.3766060713431103,k3r,False,False,10,"1,2,3,4,5,6,7,8,9,10",0.9991735816001892
aff11_wu25k_absq2_m128_seed2,11,y,93,99.2631041258754,True,10,10,11,0.9998014170904642,True,0.40393554739665416,M9l,0.4009221715967753,k1l,False,False,10,"1,2,3,4,5,6,7,8,9,10",0.9991735816001892
aff11_wu25k_absq2_m128_seed2,11,y,94,102.06652178389672,True,10,10,11,0.9997106902879797,True,0.46875316573603104,M9l,0.4278403132644044,k1l,False,False,10,"1,2,3,4,5,6,7,8,9,10",0.9991735816001892
aff11_wu25k_absq2_m128_seed2,11,y,95,100.98564838828176,True,10,10,11,0.9998178179479308,True,0.45502865199525805,M8l,0.5141747648513426,k1l,False,False,10,"1,2,3,4,5,6,7,8,9,10",0.9991735816001892
aff11_wu25k_absq2_m128_seed2,11,y,96,96.63165189515573,True,10,10,11,0.9991187403145485,True,0.33840734503468867,M10l,0.38349742753662824,k3r,False,False,10,"1,2,3,4,5,6,7,8,9,10",0.9991735816001892
aff11_wu25k_absq2_m128_seed2,11,y,97,100.80671451195684,True,10,10,11,0.9997915228069896,True,0.4440642688117132,M4l,0.5009514471034562,k1l,False,False,10,"1,2,3,4,5,6,7,8,9,10",0.9991735816001892
aff11_wu25k_absq2_m128_seed2,11,y,98,92.69851612933795,True,10,10,11,0.9995785031966314,True,0.2904948549311585,M3l,0.3769127483333327,k3r,False,False,10,"1,2,3,4,5,6,7,8,9,10",0.9991735816001892
aff11_wu25k_absq2_m128_seed2,11,y,99,79.75992873376981,True,10,10,11,0.9992588586111887,True,0.6105700267398464,M6l,0.4087650193336417,k1l,False,False,10,"1,2,3,4,5,6,7,8,9,10",0.9991735816001892
aff11_wu25k_absq2_m128_seed2,11,y,100,99.94378405128221,True,10,10,11,0.9985632248577233,True,0.4067349979429422,M4l,0.5349421751251447,k1l,False,False,10,"1,2,3,4,5,6,7,8,9,10",0.9991735816001892
aff11_wu25k_absq2_m128_seed2,11,y,101,86.7875653266865,True,10,10,11,0.9995747908613797,True,0.5445788972896347,M5l,0.4653853741534715,k3l,False,False,10,"1,2,3,4,5,6,7,8,9,10",0.9991735816001892
aff11_wu25k_absq2_m128_seed2,11,y,102,105.02402004261342,True,10,10,11,0.9998301636277863,True,0.32352513740136135,M0l,0.4798093643562077,k5l,False,False,10,"1,2,3,4,5,6,7,8,9,10",0.9991735816001892
aff11_wu25k_absq2_m128_seed2,11,y,103,96.95659184084315,True,10,10,11,0.9998731889659714,True,0.3539425081791553,M0l,0.5477145939503344,k5l,False,False,10,"1,2,3,4,5,6,7,8,9,10",0.9991735816001892
aff11_wu25k_absq2_m128_seed2,11,y,104,93.05963729719304,True,10,10,11,0.9987678315104594,True,0.5125309699504612,M3l,0.593168958701233,k4l,False,False,10,"1,2,3,4,5,6,7,8,9,10",0.9991735816001892
aff11_wu25k_absq2_m128_seed2,11,y,105,105.77507020801363,True,10,10,11,0.9998750318127471,True,0.867569947480448,M6l,0.37944308677453153,k3r,False,False,10,"1,2,3,4,5,6,7,8,9,10",0.9991735816001892
aff11_wu25k_absq2_m128_seed2,11,y,106,94.97222328264176,True,10,10,11,0.999784223288432,True,0.44861900975973246,M9l,0.3843582505769778,k1l,False,False,10,"1,2,3,4,5,6,7,8,9,10",0.9991735816001892
aff11_wu25k_absq2_m128_seed2,11,y,107,98.31317461644196,True,10,10,11,0.9998152940931114,True,0.5150100432326652,M3l,0.6018345682302367,k4l,False,False,10,"1,2,3,4,5,6,7,8,9,10",0.9991735816001892
aff11_wu25k_absq2_m128_seed2,11,y,108,289.1556217354802,True,9,1,0,0.9991136185348602,True,0.00016563803644248633,M9r,0.0002391218275638288,k5l,False,False,0,,0.9991735816001892
aff11_wu25k_absq2_m128_seed2,11,y,109,7.478752171149437e-06,True,10,10,11,0.9452309379515866,True,0.39298948131056055,M6l,0.6337537387548589,k4l,False,False,10,"1,2,3,4,5,6,7,8,9,10",0.9991735816001892
aff11_wu25k_absq2_m128_seed2,11,y,110,87.24736279903878,True,10,10,11,0.9997830876454472,True,0.4727956775192438,M6l,0.41575101204913906,k2l,False,False,10,"1,2,3,4,5,6,7,8,9,10",0.9991735816001892
aff11_wu25k_absq2_m128_seed2,11,y,111,102.26795654907116,True,10,10,11,0.999418675972604,True,0.9902967860897378,M2l,0.3943024736353734,k3r,True,False,10,"1,2,3,4,5,6,7,8,9,10",0.9991735816001892
aff11_wu25k_absq2_m128_seed2,11,y,112,1.4868207093008788e-05,True,10,10,11,0.9817266135743977,True,0.3854217846622549,M0l,0.40445648174887455,k3l,False,False,10,"1,2,3,4,5,6,7,8,9,10",0.9991735816001892
aff11_wu25k_absq2_m128_seed2,11,y,113,98.79613773910782,True,10,10,11,0.9995470205190055,True,0.2592318626716659,M5l,0.37582536427845903,k3r,False,False,10,"1,2,3,4,5,6,7,8,9,10",0.9991735816001892
aff11_wu25k_absq2_m128_seed2,11,y,114,96.19605319779862,True,10,10,11,0.9980500352251012,True,0.4134065801138353,M7l,0.4484109757317681,k3l,False,False,10,"1,2,3,4,5,6,7,8,9,10",0.9991735816001892
aff11_wu25k_absq2_m128_seed2,11,y,115,1.244890593710443e-05,True,10,10,11,0.8449200717912994,False,0.31207676144118857,M2l,0.5006050982273481,k3l,False,False,0,,0.9991735816001892
aff11_wu25k_absq2_m128_seed2,11,y,116,95.90040499752314,True,10,10,11,0.9992893078947201,True,0.3065082165491047,M10l,0.38319741354260195,k3r,False,False,10,"1,2,3,4,5,6,7,8,9,10",0.9991735816001892
aff11_wu25k_absq2_m128_seed2,11,y,117,106.56055562797023,True,10,10,11,0.9996140005971066,True,0.9930413940933869,M2l,0.3938085699694556,k3r,True,False,10,"1,2,3,4,5,6,7,8,9,10",0.9991735816001892
aff11_wu25k_absq2_m128_seed2,11,y,118,1.5916389119478367e-05,True,10,10,11,0.9626245070641227,True,0.3186645832502973,M2l,0.5392645668206173,k3l,False,False,10,"1,2,3,4,5,6,7,8,9,10",0.9991735816001892
aff11_wu25k_absq2_m128_seed2,11,y,119,101.4101155168342,True,10,10,11,0.9993841963983223,True,0.584514926281407,M1l,0.586645648553612,k3l,False,False,10,"1,2,3,4,5,6,7,8,9,10",0.9991735816001892
aff11_wu25k_absq2_m128_seed2,11,y,120,97.91784814916709,True,10,10,11,0.9982596937546884,True,0.5241248599682176,M4l,0.45316273274949187,k1l,False,False,10,"1,2,3,4,5,6,7,8,9,10",0.9991735816001892
aff11_wu25k_absq2_m128_seed2,11,y,121,7.868464483069589e-06,True,10,10,11,0.9977985171095236,True,0.35143173502609154,M10l,0.4658790639400797,k2l,False,False,10,"1,2,3,4,5,6,7,8,9,10",0.9991735816001892
aff11_wu25k_absq2_m128_seed2,11,y,122,104.5718179561989,True,10,10,11,0.999606009652327,True,0.9840934641241195,M2l,0.39558272527832916,k3r,True,False,10,"1,2,3,4,5,6,7,8,9,10",0.9991735816001892
aff11_wu25k_absq2_m128_seed2,11,y,123,96.37818270166501,True,10,10,11,0.999817458693452,True,0.5274153049094926,M4l,0.49934489950093436,k1l,False,False,10,"1,2,3,4,5,6,7,8,9,10",0.9991735816001892
aff11_wu25k_absq2_m128_seed2,11,y,124,101.87540332732792,True,10,10,11,0.9998395318364265,True,0.3740399980113592,M7l,0.4489461440572251,k3l,False,False,10,"1,2,3,4,5,6,7,8,9,10",0.9991735816001892
aff11_wu25k_absq2_m128_seed2,11,y,125,94.09639757440281,True,10,10,11,0.999670406653345,True,0.40853174696310224,M7l,0.4415231538258035,k3l,False,False,10,"1,2,3,4,5,6,7,8,9,10",0.9991735816001892
aff11_wu25k_absq2_m128_seed2,11,y,126,103.67618148774461,True,10,10,11,0.9980585668789117,True,0.3422518970729929,M7l,0.4732237765749163,k3l,False,False,10,"1,2,3,4,5,6,7,8,9,10",0.9991735816001892
aff11_wu25k_absq2_m128_seed2,11,y,127,87.82846113295616,True,10,10,11,0.9990510894599317,True,0.4995923853708802,M6l,0.3903500551339145,k5l,False,False,10,"1,2,3,4,5,6,7,8,9,10",0.9991735816001892
aff11_wu25k_absq2_m128_seed3,11,x,0,1.1473757454162404e-05,True,10,10,11,0.9998835757267541,True,0.48777758954061323,M6r,0.42801387279601666,k5r,False,False,10,"1,2,3,4,5,6,7,8,9,10",0.9979338645935059
aff11_wu25k_absq2_m128_seed3,11,x,1,112.89307701220659,True,10,10,11,0.9998913301666172,True,0.4218468432504488,M4r,0.399311745907137,k5l,False,False,10,"1,2,3,4,5,6,7,8,9,10",0.9979338645935059
aff11_wu25k_absq2_m128_seed3,11,x,2,109.28317252096645,True,10,10,11,0.9999166654903351,True,0.4561039437694002,M3r,0.5109246612041658,k4r,False,False,10,"1,2,3,4,5,6,7,8,9,10",0.9979338645935059
aff11_wu25k_absq2_m128_seed3,11,x,3,113.35156393102356,True,10,10,11,0.9999153017133535,True,0.294850954273198,M0r,0.4084757327998971,k5l,False,False,10,"1,2,3,4,5,6,7,8,9,10",0.9979338645935059
aff11_wu25k_absq2_m128_seed3,11,x,4,102.27541335176895,True,10,10,11,0.9998333985759097,True,0.45042303767779845,M6r,0.5410972433920609,k4r,False,False,10,"1,2,3,4,5,6,7,8,9,10",0.9979338645935059
aff11_wu25k_absq2_m128_seed3,11,x,5,109.45697288514022,True,10,10,11,0.9998877041011323,True,0.4133559680804731,M4r,0.4801169855372035,k3r,False,False,10,"1,2,3,4,5,6,7,8,9,10",0.9979338645935059
aff11_wu25k_absq2_m128_seed3,11,x,6,1.81396909160211e-05,True,10,10,11,0.9998790162854749,True,0.6408130663275295,M1r,0.48410965796773436,k4r,False,False,10,"1,2,3,4,5,6,7,8,9,10",0.9979338645935059
aff11_wu25k_absq2_m128_seed3,11,x,7,111.78691196213192,True,10,10,11,0.999892259085235,True,0.4048658050283497,M4r,0.4089464823774046,k3r,False,False,10,"1,2,3,4,5,6,7,8,9,10",0.9979338645935059
aff11_wu25k_absq2_m128_seed3,11,x,8,112.885840298538,True,10,10,11,0.999908497563595,True,0.48808779616626635,M3r,0.5248947355111466,k4r,False,False,10,"1,2,3,4,5,6,7,8,9,10",0.9979338645935059
aff11_wu25k_absq2_m128_seed3,11,x,9,98.87490635352421,True,10,10,11,0.9998031020647881,True,0.3248695200670683,M2r,0.43198091532344596,k5r,False,False,10,"1,2,3,4,5,6,7,8,9,10",0.9979338645935059
aff11_wu25k_absq2_m128_seed3,11,x,10,112.18333354429922,True,10,10,11,0.9999136874678528,True,0.4425976809370363,M3r,0.5498789813331232,k4r,False,False,10,"1,2,3,4,5,6,7,8,9,10",0.9979338645935059
aff11_wu25k_absq2_m128_seed3,11,x,11,7.874896461032544e-06,True,10,10,11,0.9999131929857609,True,0.32807632634856815,M9r,0.6445531627688103,k2r,False,False,10,"1,2,3,4,5,6,7,8,9,10",0.9979338645935059
aff11_wu25k_absq2_m128_seed3,11,x,12,99.59405598879623,True,10,10,11,0.9998439401442911,True,0.4293245128009387,M7r,0.5542216182570585,k4r,False,False,10,"1,2,3,4,5,6,7,8,9,10",0.9979338645935059
aff11_wu25k_absq2_m128_seed3,11,x,13,102.51596101172254,True,10,10,11,0.9998259105773187,True,0.4374884600839003,M6r,0.6145707685520834,k4r,False,False,10,"1,2,3,4,5,6,7,8,9,10",0.9979338645935059
aff11_wu25k_absq2_m128_seed3,11,x,14,100.02674759798339,True,10,10,11,0.9998333385062159,True,0.45662857876062884,M6r,0.6111813716704328,k4r,False,False,10,"1,2,3,4,5,6,7,8,9,10",0.9979338645935059
aff11_wu25k_absq2_m128_seed3,11,x,15,106.13361528506971,True,10,10,11,0.9998568614545575,True,0.5220207531274613,M8r,0.4061909039617665,k5r,False,False,10,"1,2,3,4,5,6,7,8,9,10",0.9979338645935059
aff11_wu25k_absq2_m128_seed3,11,x,16,104.13017210584675,True,10,10,11,0.9997994994556149,True,0.4057736198411394,M2r,0.4089327429753974,k2r,False,False,10,"1,2,3,4,5,6,7,8,9,10",0.9979338645935059
aff11_wu25k_absq2_m128_seed3,11,x,17,6.714024305077566e-06,True,10,10,11,0.9998827274275522,True,0.5551322796176774,M8r,0.4124827202647289,k5l,False,False,10,"1,2,3,4,5,6,7,8,9,10",0.9979338645935059
aff11_wu25k_absq2_m128_seed3,11,x,18,107.37748835974398,True,10,10,11,0.9998911077099192,True,0.3596149593597682,M3r,0.4038556899358056,k5l,False,False,10,"1,2,3,4,5,6,7,8,9,10",0.9979338645935059
aff11_wu25k_absq2_m128_seed3,11,x,19,105.21341566467545,True,10,10,11,0.9999194137949944,True,0.3429756738760901,M6r,0.406168117700765,k5l,False,False,10,"1,2,3,4,5,6,7,8,9,10",0.9979338645935059
aff11_wu25k_absq2_m128_seed3,11,x,20,107.80288038896522,True,10,10,11,0.9998322255991613,True,0.4187018565069809,M9r,0.4072101055056692,k5l,False,False,10,"1,2,3,4,5,6,7,8,9,10",0.9979338645935059
aff11_wu25k_absq2_m128_seed3,11,x,21,104.36458724889698,True,10,10,11,0.9998890915745915,True,0.3183624749689263,M3r,0.4483845617619746,k5r,False,False,10,"1,2,3,4,5,6,7,8,9,10",0.9979338645935059
aff11_wu25k_absq2_m128_seed3,11,x,22,105.25552880613235,True,10,10,11,0.9998813136888722,True,0.26979806644812565,M5r,0.7686424537800305,k3r,False,False,10,"1,2,3,4,5,6,7,8,9,10",0.9979338645935059
aff11_wu25k_absq2_m128_seed3,11,x,23,99.20042615674338,True,10,10,11,0.9998745793601782,True,0.2599308900907614,M1r,0.759765558528727,k3r,False,False,10,"1,2,3,4,5,6,7,8,9,10",0.9979338645935059
aff11_wu25k_absq2_m128_seed3,11,x,24,106.53041993601909,True,10,10,11,0.9998295663557848,True,0.3995608877912814,M9r,0.40737578222921217,k5l,False,False,10,"1,2,3,4,5,6,7,8,9,10",0.9979338645935059
aff11_wu25k_absq2_m128_seed3,11,x,25,99.49998744798515,True,10,10,11,0.9998812860928367,True,0.2887935921185253,M5r,0.7314052599759316,k3r,False,False,10,"1,2,3,4,5,6,7,8,9,10",0.9979338645935059
aff11_wu25k_absq2_m128_seed3,11,x,26,104.99952706244665,True,10,10,11,0.9998476100928693,True,0.6011613747241854,M8r,0.4029080572983174,k5l,False,False,10,"1,2,3,4,5,6,7,8,9,10",0.9979338645935059
aff11_wu25k_absq2_m128_seed3,11,x,27,104.68161162750165,True,10,10,11,0.999891673116064,True,0.38575126440165364,M3r,0.4032029444783953,k5l,False,False,10,"1,2,3,4,5,6,7,8,9,10",0.9979338645935059
aff11_wu25k_absq2_m128_seed3,11,x,28,113.6186780771242,True,10,10,11,0.9999208566552016,True,0.4944445887954672,M3r,0.5668572737973799,k4r,False,False,10,"1,2,3,4,5,6,7,8,9,10",0.9979338645935059
aff11_wu25k_absq2_m128_seed3,11,x,29,108.93198477779083,True,10,10,11,0.9999045613332604,True,0.3435669153905014,M4r,0.41007766742487184,k5l,False,False,10,"1,2,3,4,5,6,7,8,9,10",0.9979338645935059
aff11_wu25k_absq2_m128_seed3,11,x,30,106.4343943252943,True,10,10,11,0.999897394536585,True,0.378144756436468,M10r,0.4524498382983832,k1r,False,False,10,"1,2,3,4,5,6,7,8,9,10",0.9979338645935059
aff11_wu25k_absq2_m128_seed3,11,x,31,96.79358661414129,True,10,10,11,0.9998655703056021,True,0.24871542550899328,M9l,0.8185042157766756,k3r,False,False,10,"1,2,3,4,5,6,7,8,9,10",0.9979338645935059
aff11_wu25k_absq2_m128_seed3,11,x,32,104.45565651784366,True,10,10,11,0.9998577162179911,True,0.2510541763579968,M2r,0.8324255174716415,k1r,False,False,10,"1,2,3,4,5,6,7,8,9,10",0.9979338645935059
aff11_wu25k_absq2_m128_seed3,11,x,33,105.41315090042447,True,10,10,11,0.9998402062607143,True,0.6754157750032639,M8r,0.5090335727455494,k5r,False,False,10,"1,2,3,4,5,6,7,8,9,10",0.9979338645935059
aff11_wu25k_absq2_m128_seed3,11,x,34,109.39073555268897,True,10,10,11,0.999890811514149,True,0.4170828777968697,M10r,0.4362033540125,k1r,False,False,10,"1,2,3,4,5,6,7,8,9,10",0.9979338645935059
aff11_wu25k_absq2_m128_seed3,11,x,35,100.003068953556,True,10,10,11,0.9998239524442933,True,0.49937833401515735,M6r,0.677037404488761,k4r,False,False,10,"1,2,3,4,5,6,7,8,9,10",0.9979338645935059
aff11_wu25k_absq2_m128_seed3,11,x,36,108.18917967556655,True,10,10,11,0.9999127643069694,True,0.5087752707995673,M3r,0.563086316830945,k4r,False,False,10,"1,2,3,4,5,6,7,8,9,10",0.9979338645935059
aff11_wu25k_absq2_m128_seed3,11,x,37,103.26494139530969,True,10,10,11,0.9999111337980073,True,0.33812502546780365,M6r,0.4062821949111753,k5l,False,False,10,"1,2,3,4,5,6,7,8,9,10",0.9979338645935059
aff11_wu25k_absq2_m128_seed3,11,x,38,104.14719943348436,True,10,10,11,0.9998849514312551,True,0.2802288247910991,M1r,0.7314870617306037,k3r,False,False,10,"1,2,3,4,5,6,7,8,9,10",0.9979338645935059
aff11_wu25k_absq2_m128_seed3,11,x,39,105.14277759689774,True,10,10,11,0.9998946294018758,True,0.3183018011086594,M3r,0.4038998485568287,k5l,False,False,10,"1,2,3,4,5,6,7,8,9,10",0.9979338645935059
aff11_wu25k_absq2_m128_seed3,11,x,40,112.90555314648007,True,10,10,11,0.9999166704119548,True,0.29042522213620614,M0r,0.4084631247314478,k5l,False,False,10,"1,2,3,4,5,6,7,8,9,10",0.9979338645935059
aff11_wu25k_absq2_m128_seed3,11,x,41,105.43611492172462,True,10,10,11,0.999824857566598,True,0.43342386984126474,M6r,0.5625901032993862,k4r,False,False,10,"1,2,3,4,5,6,7,8,9,10",0.9979338645935059
aff11_wu25k_absq2_m128_seed3,11,x,42,114.47869534747808,True,10,10,11,0.999890221671081,True,0.3989288696393963,M4r,0.4002429272184391,k5l,False,False,10,"1,2,3,4,5,6,7,8,9,10",0.9979338645935059
aff11_wu25k_absq2_m128_seed3,11,x,43,110.96323876214814,True,10,10,11,0.9998983969644987,True,0.31100403616395844,M3r,0.40465459038892176,k5l,False,False,10,"1,2,3,4,5,6,7,8,9,10",0.9979338645935059
aff11_wu25k_absq2_m128_seed3,11,x,44,107.77096580589193,True,10,10,11,0.9999027521970898,True,0.34600608363409047,M3r,0.4046361160792717,k5l,False,False,10,"1,2,3,4,5,6,7,8,9,10",0.9979338645935059
aff11_wu25k_absq2_m128_seed3,11,x,45,94.38725431795466,True,10,10,11,0.9998339963557685,True,0.3857286490718503,M9r,0.4515862376487068,k2r,False,False,10,"1,2,3,4,5,6,7,8,9,10",0.9979338645935059
aff11_wu25k_absq2_m128_seed3,11,x,46,101.7061365791878,True,10,10,11,0.9998677152715827,True,0.5735980172290466,M8r,0.4053383015094678,k5l,False,False,10,"1,2,3,4,5,6,7,8,9,10",0.9979338645935059
aff11_wu25k_absq2_m128_seed3,11,x,47,100.18055803438422,True,10,10,11,0.9998430470758511,True,0.4087084154941472,M9r,0.4066637755338672,k5l,False,False,10,"1,2,3,4,5,6,7,8,9,10",0.9979338645935059
aff11_wu25k_absq2_m128_seed3,11,x,48,107.18868038534073,True,10,10,11,0.9999165123061858,True,0.5065760864900425,M3r,0.5248171626786015,k4r,False,False,10,"1,2,3,4,5,6,7,8,9,10",0.9979338645935059
aff11_wu25k_absq2_m128_seed3,11,x,49,99.99383841713652,True,10,10,11,0.9998498794772609,True,0.6188749948427646,M8r,0.42241771900019137,k5r,False,False,10,"1,2,3,4,5,6,7,8,9,10",0.9979338645935059
aff11_wu25k_absq2_m128_seed3,11,x,50,104.44448013565717,True,10,10,11,0.9998388707800911,True,0.44658368254101,M6r,0.6218161825300067,k4r,False,False,10,"1,2,3,4,5,6,7,8,9,10",0.9979338645935059
aff11_wu25k_absq2_m128_seed3,11,x,51,100.54790594696732,True,10,10,11,0.9998889660962994,True,0.41203818920688506,M10r,0.40589896660469715,k5l,False,False,10,"1,2,3,4,5,6,7,8,9,10",0.9979338645935059
aff11_wu25k_absq2_m128_seed3,11,x,52,107.07912098629915,True,10,10,11,0.9999263916759156,True,0.28416853263551994,M0r,0.4088258196595613,k5l,False,False,10,"1,2,3,4,5,6,7,8,9,10",0.9979338645935059
aff11_wu25k_absq2_m128_seed3,11,x,53,101.57106499602087,True,10,10,11,0.9998664770088096,True,0.269974754739556,M7r,0.8050241377887244,k1r,False,False,10,"1,2,3,4,5,6,7,8,9,10",0.9979338645935059
aff11_wu25k_absq2_m128_seed3,11,x,54,105.82084613783388,True,10,10,11,0.9998875987933696,True,0.2710867928906016,M1r,0.7941893325358044,k3r,False,False,10,"1,2,3,4,5,6,7,8,9,10",0.9979338645935059
aff11_wu25k_absq2_m128_seed3,11,x,55,100.16222256247868,True,10,10,11,0.9998496661071786,True,0.5914121652802701,M8r,0.4061774766262478,k5r,False,False,10,"1,2,3,4,5,6,7,8,9,10",0.9979338645935059
aff11_wu25k_absq2_m128_seed3,11,x,56,103.05583694499056,True,10,10,11,0.9999129158133833,True,0.4606743642801966,M10r,0.43086166391864433,k1r,False,False,10,"1,2,3,4,5,6,7,8,9,10",0.9979338645935059
aff11_wu25k_absq2_m128_seed3,11,x,57,110.95660918458726,True,10,10,11,0.9998905829819439,True,0.37383126700886726,M3r,0.40353143345355547,k5l,False,False,10,"1,2,3,4,5,6,7,8,9,10",0.9979338645935059
aff11_wu25k_absq2_m128_seed3,11,x,58,109.74438317342731,True,10,10,11,0.9999084369872635,True,0.4221799514141645,M6r,0.5541934772317336,k2r,False,False,10,"1,2,3,4,5,6,7,8,9,10",0.9979338645935059
aff11_wu25k_absq2_m128_seed3,11,x,59,111.14695275513458,True,10,10,11,0.9999091092807957,True,0.31252616757268564,M6r,0.4298114685760334,k2r,False,False,10,"1,2,3,4,5,6,7,8,9,10",0.9979338645935059
aff11_wu25k_absq2_m128_seed3,11,x,60,106.9412405373636,True,10,10,11,0.9999171030101391,True,0.34913241016695684,M6r,0.44106967350250165,k2r,False,False,10,"1,2,3,4,5,6,7,8,9,10",0.9979338645935059
aff11_wu25k_absq2_m128_seed3,11,x,61,107.41064581766648,True,10,10,11,0.999884805950722,True,0.449250336270095,M10r,0.406510735044698,k5l,False,False,10,"1,2,3,4,5,6,7,8,9,10",0.9979338645935059
aff11_wu25k_absq2_m128_seed3,11,x,62,112.39537700403118,True,10,10,11,0.9999070685409844,True,0.3222309738968826,M4r,0.40935651873965395,k5l,False,False,10,"1,2,3,4,5,6,7,8,9,10",0.9979338645935059
aff11_wu25k_absq2_m128_seed3,11,x,63,106.11690140247838,True,10,10,11,0.9998721062225758,True,0.24711268013509674,M9l,0.844579444572107,k1r,False,False,10,"1,2,3,4,5,6,7,8,9,10",0.9979338645935059
aff11_wu25k_absq2_m128_seed3,11,x,64,106.83977051459394,True,10,10,11,0.9998300863633905,True,0.36817922713221485,M9r,0.4075615319403056,k5l,False,False,10,"1,2,3,4,5,6,7,8,9,10",0.9979338645935059
aff11_wu25k_absq2_m128_seed3,11,x,65,113.62466356911453,True,10,10,11,0.999915355713885,True,0.302297059737915,M0r,0.4079839547680909,k5l,False,False,10,"1,2,3,4,5,6,7,8,9,10",0.9979338645935059
aff11_wu25k_absq2_m128_seed3,11,x,66,104.44007009964734,True,10,10,11,0.9998375449904866,True,0.5962942360298011,M8r,0.40325427514713047,k5l,False,False,10,"1,2,3,4,5,6,7,8,9,10",0.9979338645935059
aff11_wu25k_absq2_m128_seed3,11,x,67,108.67066923950556,True,10,10,11,0.9998814437428468,True,0.29155181463880014,M1r,0.7584525891418048,k3r,False,False,10,"1,2,3,4,5,6,7,8,9,10",0.9979338645935059
aff11_wu25k_absq2_m128_seed3,11,x,68,107.7788116434309,True,10,10,11,0.9999160775412285,True,0.3084597033707858,M6r,0.4060825736650857,k5l,False,False,10,"1,2,3,4,5,6,7,8,9,10",0.9979338645935059
aff11_wu25k_absq2_m128_seed3,11,x,69,103.34352615248017,True,10,10,11,0.9998980971244558,True,0.3609964703545249,M3r,0.40462641105879643,k5l,False,False,10,"1,2,3,4,5,6,7,8,9,10",0.9979338645935059
aff11_wu25k_absq2_m128_seed3,11,x,70,112.35327719704904,True,10,10,11,0.9999205399397839,True,0.48316500322354894,M3r,0.5623276392156664,k4r,False,False,10,"1,2,3,4,5,6,7,8,9,10",0.9979338645935059
aff11_wu25k_absq2_m128_seed3,11,x,71,109.32478946512222,True,10,10,11,0.9998547774989341,True,0.25964454611349713,M2r,0.8517198971491552,k1r,False,False,10,"1,2,3,4,5,6,7,8,9,10",0.9979338645935059
aff11_wu25k_absq2_m128_seed3,11,x,72,103.41929296839409,True,10,10,11,0.9998471877796052,True,0.5683837988747154,M8r,0.4382130541587381,k5r,False,False,10,"1,2,3,4,5,6,7,8,9,10",0.9979338645935059
aff11_wu25k_absq2_m128_seed3,11,x,73,109.88069551741582,True,10,10,11,0.9998677254913502,True,0.2509081901001255,M6r,0.8540259180897123,k1r,False,False,10,"1,2,3,4,5,6,7,8,9,10",0.9979338645935059
aff11_wu25k_absq2_m128_seed3,11,x,74,109.49529748080585,True,10,10,11,0.9999058664173168,True,0.45885676338930276,M3r,0.6352443518557934,k4r,False,False,10,"1,2,3,4,5,6,7,8,9,10",0.9979338645935059
aff11_wu25k_absq2_m128_seed3,11,x,75,101.1847796932027,True,10,10,11,0.9998219536415566,True,0.3856827514725687,M9r,0.4080421425271802,k5l,False,False,10,"1,2,3,4,5,6,7,8,9,10",0.9979338645935059
aff11_wu25k_absq2_m128_seed3,11,x,76,109.45819237791163,True,10,10,11,0.9998860767596999,True,0.42425161787329135,M4r,0.4004581132082798,k5l,False,False,10,"1,2,3,4,5,6,7,8,9,10",0.9979338645935059
aff11_wu25k_absq2_m128_seed3,11,x,77,110.31546444049833,True,10,10,11,0.9999115629723819,True,0.4725855360070967,M3r,0.5714984571616775,k4r,False,False,10,"1,2,3,4,5,6,7,8,9,10",0.9979338645935059
aff11_wu25k_absq2_m128_seed3,11,x,78,107.44128744947764,True,10,10,11,0.9999151397217682,True,0.3287840702028723,M6r,0.43929478636784713,k2r,False,False,10,"1,2,3,4,5,6,7,8,9,10",0.9979338645935059
aff11_wu25k_absq2_m128_seed3,11,x,79,104.88434504948201,True,10,10,11,0.9998793530835501,True,0.24711577724096,M9l,0.776767854223594,k3r,False,False,10,"1,2,3,4,5,6,7,8,9,10",0.9979338645935059
aff11_wu25k_absq2_m128_seed3,11,x,80,103.84528675699224,True,10,10,11,0.9999195320757213,True,0.33436292011232727,M9r,0.4829376527816052,k2r,False,False,10,"1,2,3,4,5,6,7,8,9,10",0.9979338645935059
aff11_wu25k_absq2_m128_seed3,11,x,81,99.31746623436821,True,10,10,11,0.9998854910261724,True,0.29613086772109687,M3r,0.4019459934237098,k5l,False,False,10,"1,2,3,4,5,6,7,8,9,10",0.9979338645935059
aff11_wu25k_absq2_m128_seed3,11,x,82,112.97578006334165,True,10,10,11,0.9999187320135285,True,0.49145624776747104,M3r,0.5322115656142714,k4r,False,False,10,"1,2,3,4,5,6,7,8,9,10",0.9979338645935059
aff11_wu25k_absq2_m128_seed3,11,x,83,107.24558134558781,True,10,10,11,0.9999053687434762,True,0.35998329163204706,M6r,0.5009254675260589,k2r,False,False,10,"1,2,3,4,5,6,7,8,9,10",0.9979338645935059
aff11_wu25k_absq2_m128_seed3,11,x,84,99.98884985916288,True,10,10,11,0.9998898106724666,True,0.3771252699876417,M10r,0.4209349359653219,k1r,False,False,10,"1,2,3,4,5,6,7,8,9,10",0.9979338645935059
aff11_wu25k_absq2_m128_seed3,11,x,85,104.74003256504312,True,10,10,11,0.9998207528861225,True,0.4153243266133115,M6r,0.567538357400937,k4r,False,False,10,"1,2,3,4,5,6,7,8,9,10",0.9979338645935059
aff11_wu25k_absq2_m128_seed3,11,x,86,110.61728273045867,True,10,10,11,0.9998894939491088,True,0.4240341478530885,M4r,0.40051415859504225,k5l,False,False,10,"1,2,3,4,5,6,7,8,9,10",0.9979338645935059
aff11_wu25k_absq2_m128_seed3,11,x,87,101.14200253260744,True,10,10,11,0.9998900152514912,True,0.3331536282702076,M3r,0.40365298128677396,k5l,False,False,10,"1,2,3,4,5,6,7,8,9,10",0.9979338645935059
aff11_wu25k_absq2_m128_seed3,11,x,88,104.94382750168567,True,10,10,11,0.9998407141731913,True,0.6002502451142607,M8r,0.40376070012814613,k5l,False,False,10,"1,2,3,4,5,6,7,8,9,10",0.9979338645935059
aff11_wu25k_absq2_m128_seed3,11,x,89,91.60888186636409,True,10,10,11,0.99984274354454,True,0.38179318294040604,M2r,0.4054188497438333,k5l,False,False,10,"1,2,3,4,5,6,7,8,9,10",0.9979338645935059
aff11_wu25k_absq2_m128_seed3,11,x,90,107.27509895540014,True,10,10,11,0.9998987332644365,True,0.4778921309270443,M10r,0.4781389247869458,k1r,False,False,10,"1,2,3,4,5,6,7,8,9,10",0.9979338645935059
aff11_wu25k_absq2_m128_seed3,11,x,91,102.82713966134176,True,10,10,11,0.9998215582080162,True,0.4224009807813079,M6r,0.688336909357905,k4r,False,False,10,"1,2,3,4,5,6,7,8,9,10",0.9979338645935059
aff11_wu25k_absq2_m128_seed3,11,x,92,106.91046761985521,True,10,10,11,0.9998533783616469,True,0.5606249555422375,M8r,0.4036398436283152,k5l,False,False,10,"1,2,3,4,5,6,7,8,9,10",0.9979338645935059
aff11_wu25k_absq2_m128_seed3,11,x,93,112.15209393965712,True,10,10,11,0.9999134576640305,True,0.29137947508768436,M4r,0.40855380265129526,k5l,False,False,10,"1,2,3,4,5,6,7,8,9,10",0.9979338645935059
aff11_wu25k_absq2_m128_seed3,11,x,94,104.95198499248363,True,10,10,11,0.9998663930327915,True,0.24733652966122122,M9l,0.7727845285607524,k1r,False,False,10,"1,2,3,4,5,6,7,8,9,10",0.9979338645935059
aff11_wu25k_absq2_m128_seed3,11,x,95,109.15150143619918,True,10,10,11,0.9999157644655429,True,0.29377142504131,M4r,0.4093075353760405,k5l,False,False,10,"1,2,3,4,5,6,7,8,9,10",0.9979338645935059
aff11_wu25k_absq2_m128_seed3,11,x,96,104.97134422316041,True,10,10,11,0.9998882877541374,True,0.4282979374939691,M4r,0.415194676268407,k4r,False,False,10,"1,2,3,4,5,6,7,8,9,10",0.9979338645935059
aff11_wu25k_absq2_m128_seed3,11,x,97,104.55641445315725,True,10,10,11,0.9999111715735015,True,0.30757153663122433,M4r,0.4097753456937779,k5l,False,False,10,"1,2,3,4,5,6,7,8,9,10",0.9979338645935059
aff11_wu25k_absq2_m128_seed3,11,x,98,113.81713079209031,True,10,10,11,0.999917601095425,True,0.4719216478791928,M3r,0.5172167353816692,k4r,False,False,10,"1,2,3,4,5,6,7,8,9,10",0.9979338645935059
aff11_wu25k_absq2_m128_seed3,11,x,99,101.76102816879592,True,10,10,11,0.9998063245180033,True,0.43471617791162664,M6r,0.6702072158598861,k4r,False,False,10,"1,2,3,4,5,6,7,8,9,10",0.9979338645935059
aff11_wu25k_absq2_m128_seed3,11,x,100,99.00546266600708,True,10,10,11,0.9998728022269368,True,0.2636323005701671,M6r,0.7958885891318065,k1r,False,False,10,"1,2,3,4,5,6,7,8,9,10",0.9979338645935059
aff11_wu25k_absq2_m128_seed3,11,x,101,100.30384068535234,True,10,10,11,0.9998649070085579,True,0.27561213651452726,M6r,0.8725242659402189,k1r,False,False,10,"1,2,3,4,5,6,7,8,9,10",0.9979338645935059
aff11_wu25k_absq2_m128_seed3,11,x,102,96.63593261555964,True,10,10,11,0.9998592263041481,True,0.47079214544491704,M8r,0.40395983737048724,k5l,False,False,10,"1,2,3,4,5,6,7,8,9,10",0.9979338645935059
aff11_wu25k_absq2_m128_seed3,11,x,103,105.75328518671452,True,10,10,11,0.9998686154257616,True,0.25551951464357453,M7r,0.8267092500179625,k1r,False,False,10,"1,2,3,4,5,6,7,8,9,10",0.9979338645935059
aff11_wu25k_absq2_m128_seed3,11,x,104,103.28288983356812,True,10,10,11,0.9998663015333142,True,0.25853270104114573,M2r,0.8336549780332123,k1r,False,False,10,"1,2,3,4,5,6,7,8,9,10",0.9979338645935059
aff11_wu25k_absq2_m128_seed3,11,x,105,98.58262926651015,True,10,10,11,0.999882344727844,True,0.3748992938843247,M1r,0.7904192683465286,k3r,False,False,10,"1,2,3,4,5,6,7,8,9,10",0.9979338645935059
aff11_wu25k_absq2_m128_seed3,11,x,106,106.42204293749727,True,10,10,11,0.9998983261939574,True,0.397274368798651,M10r,0.5137666028986068,k1r,False,False,10,"1,2,3,4,5,6,7,8,9,10",0.9979338645935059
aff11_wu25k_absq2_m128_seed3,11,x,107,1.9175765099421e-05,True,10,10,11,0.9998841695134079,True,0.3047252408502766,M7r,0.4104425123462126,k5l,False,False,10,"1,2,3,4,5,6,7,8,9,10",0.9979338645935059
aff11_wu25k_absq2_m128_seed3,11,x,108,105.2968612521163,True,10,10,11,0.9998902116104752,True,0.46016940177511634,M10r,0.40558475895407226,k5l,False,False,10,"1,2,3,4,5,6,7,8,9,10",0.9979338645935059
aff11_wu25k_absq2_m128_seed3,11,x,109,111.22830514494383,True,10,10,11,0.9998916408268984,True,0.44157743020223406,M4r,0.4271489021480884,k3r,False,False,10,"1,2,3,4,5,6,7,8,9,10",0.9979338645935059
aff11_wu25k_absq2_m128_seed3,11,x,110,7.73778832840954e-06,True,10,10,11,0.9999205528469889,True,0.49809258198428913,M1r,0.40887399955857745,k5l,False,False,10,"1,2,3,4,5,6,7,8,9,10",0.9979338645935059
aff11_wu25k_absq2_m128_seed3,11,x,111,109.56484820654238,True,10,10,11,0.9998942486135658,True,0.394594089247874,M10r,0.45258068146492075,k1r,False,False,10,"1,2,3,4,5,6,7,8,9,10",0.9979338645935059
aff11_wu25k_absq2_m128_seed3,11,x,112,115.47765061211562,True,10,10,11,0.999911008791884,True,0.3049537745269105,M4r,0.40923114052115417,k5l,False,False,10,"1,2,3,4,5,6,7,8,9,10",0.9979338645935059
aff11_wu25k_absq2_m128_seed3,11,x,113,94.87472275414359,True,10,10,11,0.9998823690706721,True,0.28350035201156126,M1r,0.6495394081279373,k3r,False,False,10,"1,2,3,4,5,6,7,8,9,10",0.9979338645935059
aff11_wu25k_absq2_m128_seed3,11,x,114,106.94942733940937,True,10,10,11,0.9999194274256451,True,0.2677307807179477,M0r,0.40939661746604983,k5l,False,False,10,"1,2,3,4,5,6,7,8,9,10",0.9979338645935059
aff11_wu25k_absq2_m128_seed3,11,x,115,104.03473756004114,True,10,10,11,0.9998187585695811,True,0.3621077121119903,M9r,0.4074895544603186,k5l,False,False,10,"1,2,3,4,5,6,7,8,9,10",0.9979338645935059
aff11_wu25k_absq2_m128_seed3,11,x,116,110.34045585497543,True,10,10,11,0.9998931062706657,True,0.3307998615852587,M3r,0.40412817550507185,k5l,False,False,10,"1,2,3,4,5,6,7,8,9,10",0.9979338645935059
aff11_wu25k_absq2_m128_seed3,11,x,117,108.28106481531292,True,10,10,11,0.9999079246692446,True,0.33542497500524315,M6r,0.4435083334153786,k2r,False,False,10,"1,2,3,4,5,6,7,8,9,10",0.9979338645935059
aff11_wu25k_absq2_m128_seed3,11,x,118,106.86220106075449,True,10,10,11,0.9998317357105644,True,0.36247826406361106,M9r,0.4381954429370789,k2r,False,False,10,"1,2,3,4,5,6,7,8,9,10",0.9979338645935059
aff11_wu25k_absq2_m128_seed3,11,x,119,5.195086979186902e-06,True,10,10,11,0.9997728287243568,True,0.3253802056376984,M10r,0.4799114542796423,k2r,False,False,10,"1,2,3,4,5,6,7,8,9,10",0.9979338645935059
aff11_wu25k_absq2_m128_seed3,11,x,120,110.78344974064215,True,10,10,11,0.9998923826669223,True,0.39890114217438927,M4r,0.3999142811698037,k5l,False,False,10,"1,2,3,4,5,6,7,8,9,10",0.9979338645935059
aff11_wu25k_absq2_m128_seed3,11,x,121,100.8336819687847,True,10,10,11,0.9998130583712532,True,0.3432248261868135,M9r,0.41576916274671233,k2r,False,False,10,"1,2,3,4,5,6,7,8,9,10",0.9979338645935059
aff11_wu25k_absq2_m128_seed3,11,x,122,115.21430127728891,True,10,10,11,0.9999021182582182,True,0.3583516031186785,M5r,0.42270300643289815,k3r,False,False,10,"1,2,3,4,5,6,7,8,9,10",0.9979338645935059
aff11_wu25k_absq2_m128_seed3,11,x,123,103.14584549854136,True,10,10,11,0.9998351173270266,True,0.49616691974849503,M6r,0.6457373515216505,k4r,False,False,10,"1,2,3,4,5,6,7,8,9,10",0.9979338645935059
aff11_wu25k_absq2_m128_seed3,11,x,124,106.37334306608271,True,10,10,11,0.9998663888748538,True,0.2582785270082189,M6r,0.8457250596263886,k1r,False,False,10,"1,2,3,4,5,6,7,8,9,10",0.9979338645935059
aff11_wu25k_absq2_m128_seed3,11,x,125,104.40440083497856,True,10,10,11,0.9998791399893245,True,0.26340129669865625,M1r,0.7388212983902023,k3r,False,False,10,"1,2,3,4,5,6,7,8,9,10",0.9979338645935059
aff11_wu25k_absq2_m128_seed3,11,x,126,110.59042058029864,True,10,10,11,0.9998895942537929,True,0.40335002958583016,M4r,0.40081922251987984,k5l,False,False,10,"1,2,3,4,5,6,7,8,9,10",0.9979338645935059
aff11_wu25k_absq2_m128_seed3,11,x,127,108.26770884933697,True,10,10,11,0.9999180978143479,True,0.3162766969753563,M6r,0.40666380215716585,k5l,False,False,10,"1,2,3,4,5,6,7,8,9,10",0.9979338645935059
aff11_wu25k_absq2_m128_seed3,11,y,0,2.6207863098231514e-05,True,10,10,11,0.9998979480916811,True,0.3020980411723346,M7l,0.4689979410834696,k4l,False,False,10,"1,2,3,4,5,6,7,8,9,10",0.9979338645935059
aff11_wu25k_absq2_m128_seed3,11,y,1,99.365817489082,True,10,10,11,0.9999175094239631,True,0.30611506801076094,M1l,0.4478205676340635,k3l,False,False,10,"1,2,3,4,5,6,7,8,9,10",0.9979338645935059
aff11_wu25k_absq2_m128_seed3,11,y,2,108.0612051035184,True,10,10,11,0.9999250878690888,True,0.3306870493663503,M0l,0.40607631919077913,k5r,False,False,10,"1,2,3,4,5,6,7,8,9,10",0.9979338645935059
aff11_wu25k_absq2_m128_seed3,11,y,3,111.37628327217703,True,10,10,11,0.9998670473362712,True,0.38284659721363207,M0l,0.5241942221892139,k1l,False,False,10,"1,2,3,4,5,6,7,8,9,10",0.9979338645935059
aff11_wu25k_absq2_m128_seed3,11,y,4,113.12242764741151,True,10,10,11,0.9999320244221461,True,0.33382916719751166,M0l,0.40690030756560563,k5r,False,False,10,"1,2,3,4,5,6,7,8,9,10",0.9979338645935059
aff11_wu25k_absq2_m128_seed3,11,y,5,98.88984419274472,True,10,10,11,0.9999602982210496,True,0.5264266357394549,M10l,0.5355400275130627,k3l,False,False,10,"1,2,3,4,5,6,7,8,9,10",0.9979338645935059
aff11_wu25k_absq2_m128_seed3,11,y,6,6.206969375086407e-06,True,10,10,11,0.9999076797145218,True,0.24744255230003398,M5r,0.40455371132536483,k5r,False,False,10,"1,2,3,4,5,6,7,8,9,10",0.9979338645935059
aff11_wu25k_absq2_m128_seed3,11,y,7,103.58772702854023,True,10,10,11,0.9999436770231296,True,0.5434477406191988,M9l,0.4093132839845087,k5r,False,False,10,"1,2,3,4,5,6,7,8,9,10",0.9979338645935059
aff11_wu25k_absq2_m128_seed3,11,y,8,101.17695938141472,True,10,10,11,0.9997479718345598,True,0.2808689722192091,M4l,0.48839800101072284,k4l,False,False,10,"1,2,3,4,5,6,7,8,9,10",0.9979338645935059
aff11_wu25k_absq2_m128_seed3,11,y,9,115.90504814891361,True,10,10,11,0.9999265798285127,True,0.2818317886699583,M3l,0.40631575948540655,k5r,False,False,10,"1,2,3,4,5,6,7,8,9,10",0.9979338645935059
aff11_wu25k_absq2_m128_seed3,11,y,10,100.49570359409427,True,10,10,11,0.9999436981003379,True,0.448849131717401,M10l,0.5145968806528336,k3l,False,False,10,"1,2,3,4,5,6,7,8,9,10",0.9979338645935059
aff11_wu25k_absq2_m128_seed3,11,y,11,2.70225628377411e-05,True,10,10,11,0.9999337172101358,True,0.36828389523746824,M0l,0.4048445291556703,k5r,False,False,10,"1,2,3,4,5,6,7,8,9,10",0.9979338645935059
aff11_wu25k_absq2_m128_seed3,11,y,12,111.65827252263028,True,10,10,11,0.9998671036020379,True,0.41214116378591537,M6l,0.6092415720838059,k1l,False,False,10,"1,2,3,4,5,6,7,8,9,10",0.9979338645935059
aff11_wu25k_absq2_m128_seed3,11,y,13,101.57322037971986,True,10,10,11,0.9998046550246716,True,0.2889456303418405,M3l,0.5249814854719763,k4l,False,False,10,"1,2,3,4,5,6,7,8,9,10",0.9979338645935059
aff11_wu25k_absq2_m128_seed3,11,y,14,107.47284392075483,True,10,10,11,0.9998877500084488,True,0.4742745598212479,M5l,0.5849978093973532,k5l,False,False,10,"1,2,3,4,5,6,7,8,9,10",0.9979338645935059
aff11_wu25k_absq2_m128_seed3,11,y,15,105.89462327002141,True,10,10,11,0.9999181743342502,True,0.3159003335345642,M4l,0.42475489623315665,k1l,False,False,10,"1,2,3,4,5,6,7,8,9,10",0.9979338645935059
aff11_wu25k_absq2_m128_seed3,11,y,16,113.7967802468196,True,10,10,11,0.9998917106944226,True,0.47437410256394186,M5l,0.5582057776933208,k5l,False,False,10,"1,2,3,4,5,6,7,8,9,10",0.9979338645935059
aff11_wu25k_absq2_m128_seed3,11,y,17,1.132678971710182e-05,True,10,10,11,0.9999462934967837,True,0.3941072014785663,M9l,0.4059295200977422,k5r,False,False,10,"1,2,3,4,5,6,7,8,9,10",0.9979338645935059
aff11_wu25k_absq2_m128_seed3,11,y,18,104.55700833645628,True,10,10,11,0.9999527674864778,True,0.523997024022117,M10l,0.5510649898755604,k3l,False,False,10,"1,2,3,4,5,6,7,8,9,10",0.9979338645935059
aff11_wu25k_absq2_m128_seed3,11,y,19,103.31547085247753,True,10,10,11,0.9999460890214689,True,0.4355922721148467,M10l,0.5006160065440659,k3l,False,False,10,"1,2,3,4,5,6,7,8,9,10",0.9979338645935059
aff11_wu25k_absq2_m128_seed3,11,y,20,107.35271302679509,True,10,10,11,0.999947380507321,True,0.4587178777407234,M10l,0.4752160407564378,k3l,False,False,10,"1,2,3,4,5,6,7,8,9,10",0.9979338645935059
aff11_wu25k_absq2_m128_seed3,11,y,21,103.3859705021298,True,10,10,11,0.9999250104964449,True,0.3551127980713856,M1l,0.40741842992025235,k5r,False,False,10,"1,2,3,4,5,6,7,8,9,10",0.9979338645935059
aff11_wu25k_absq2_m128_seed3,11,y,22,106.26538588475795,True,10,10,11,0.9999064839170154,True,0.38482097475692056,M2l,0.4027123910065808,k5r,False,False,10,"1,2,3,4,5,6,7,8,9,10",0.9979338645935059
aff11_wu25k_absq2_m128_seed3,11,y,23,102.61828083993156,True,10,10,11,0.9997997336339539,True,0.38185032066406116,M2l,0.40544347342170944,k5r,False,False,10,"1,2,3,4,5,6,7,8,9,10",0.9979338645935059
aff11_wu25k_absq2_m128_seed3,11,y,24,104.31564527730946,True,10,10,11,0.9998167579025439,True,0.2832822701322051,M3l,0.47552466113231867,k4l,False,False,10,"1,2,3,4,5,6,7,8,9,10",0.9979338645935059
aff11_wu25k_absq2_m128_seed3,11,y,25,106.39890822378392,True,10,10,11,0.9998937807916748,True,0.5491664615728676,M5l,0.549234889279662,k5l,False,False,10,"1,2,3,4,5,6,7,8,9,10",0.9979338645935059
aff11_wu25k_absq2_m128_seed3,11,y,26,109.5665910893269,True,10,10,11,0.999886233992879,True,0.465687783411013,M5l,0.5119132359899974,k5l,False,False,10,"1,2,3,4,5,6,7,8,9,10",0.9979338645935059
aff11_wu25k_absq2_m128_seed3,11,y,27,104.28523287332942,True,10,10,11,0.9999028139766957,True,0.31606598996224683,M9l,0.40334351609103,k5r,False,False,10,"1,2,3,4,5,6,7,8,9,10",0.9979338645935059
aff11_wu25k_absq2_m128_seed3,11,y,28,101.34108042316366,True,10,10,11,0.9999207456648802,True,0.32786894528727173,M9l,0.4043594488143944,k5r,False,False,10,"1,2,3,4,5,6,7,8,9,10",0.9979338645935059
aff11_wu25k_absq2_m128_seed3,11,y,29,107.91662851338806,True,10,10,11,0.9998960926734445,True,0.45173536804522935,M5l,0.5927581776936202,k5l,False,False,10,"1,2,3,4,5,6,7,8,9,10",0.9979338645935059
aff11_wu25k_absq2_m128_seed3,11,y,30,105.90277309432201,True,10,10,11,0.9999069470445556,True,0.31399707899658785,M9l,0.40337920309936265,k5r,False,False,10,"1,2,3,4,5,6,7,8,9,10",0.9979338645935059
aff11_wu25k_absq2_m128_seed3,11,y,31,109.53113354806823,True,10,10,11,0.999928270141272,True,0.33752089803184493,M0l,0.40695974669356527,k5r,False,False,10,"1,2,3,4,5,6,7,8,9,10",0.9979338645935059
aff11_wu25k_absq2_m128_seed3,11,y,32,102.28023993136964,True,10,10,11,0.9998995035043517,True,0.3326728823601361,M9l,0.40326035431595414,k5r,False,False,10,"1,2,3,4,5,6,7,8,9,10",0.9979338645935059
aff11_wu25k_absq2_m128_seed3,11,y,33,111.77710424150929,True,10,10,11,0.9999569232351654,True,0.5524496541957643,M9l,0.4094544702585402,k5r,False,False,10,"1,2,3,4,5,6,7,8,9,10",0.9979338645935059
aff11_wu25k_absq2_m128_seed3,11,y,34,104.93410202658872,True,10,10,11,0.999811669309944,True,0.26559742321944485,M10l,0.45857374129554285,k4l,False,False,10,"1,2,3,4,5,6,7,8,9,10",0.9979338645935059
aff11_wu25k_absq2_m128_seed3,11,y,35,103.72623079387574,True,10,10,11,0.999958731887535,True,0.49298849159977975,M10l,0.47716791880112785,k3l,False,False,10,"1,2,3,4,5,6,7,8,9,10",0.9979338645935059
aff11_wu25k_absq2_m128_seed3,11,y,36,110.07399401575597,True,10,10,11,0.9998764707223995,True,0.4084667137698741,M0l,0.520745347930917,k1l,False,False,10,"1,2,3,4,5,6,7,8,9,10",0.9979338645935059
aff11_wu25k_absq2_m128_seed3,11,y,37,99.66733669602216,True,10,10,11,0.9998073187188511,True,0.26175970676856497,M10l,0.4987321991842023,k4l,False,False,10,"1,2,3,4,5,6,7,8,9,10",0.9979338645935059
aff11_wu25k_absq2_m128_seed3,11,y,38,100.84283972505334,True,10,10,11,0.9998003224980976,True,0.2673468452741632,M10l,0.5116284361093297,k4l,False,False,10,"1,2,3,4,5,6,7,8,9,10",0.9979338645935059
aff11_wu25k_absq2_m128_seed3,11,y,39,109.6468278320012,True,10,10,11,0.9999047208389426,True,0.5317677923492542,M5l,0.5243546618499789,k5l,False,False,10,"1,2,3,4,5,6,7,8,9,10",0.9979338645935059
aff11_wu25k_absq2_m128_seed3,11,y,40,105.62228692611708,True,10,10,11,0.9999122648251262,True,0.2876078086287412,M1l,0.40792184527612757,k5r,False,False,10,"1,2,3,4,5,6,7,8,9,10",0.9979338645935059
aff11_wu25k_absq2_m128_seed3,11,y,41,105.51249744577507,True,10,10,11,0.9997764252722526,True,0.34660139444313076,M2l,0.4618467776983277,k4l,False,False,10,"1,2,3,4,5,6,7,8,9,10",0.9979338645935059
aff11_wu25k_absq2_m128_seed3,11,y,42,99.00316223065698,True,10,10,11,0.999878321140387,True,0.2996739884973324,M7l,0.4581893843064656,k4l,False,False,10,"1,2,3,4,5,6,7,8,9,10",0.9979338645935059
aff11_wu25k_absq2_m128_seed3,11,y,43,111.29426735143116,True,10,10,11,0.9999300649951992,True,0.3672933472528265,M0l,0.4068608584795863,k5r,False,False,10,"1,2,3,4,5,6,7,8,9,10",0.9979338645935059
aff11_wu25k_absq2_m128_seed3,11,y,44,107.95732564026595,True,10,10,11,0.9999441241090563,True,0.5611389328647772,M9l,0.40899508546878266,k5r,False,False,10,"1,2,3,4,5,6,7,8,9,10",0.9979338645935059
aff11_wu25k_absq2_m128_seed3,11,y,45,109.03231600426324,True,10,10,11,0.9998641674275105,True,0.40086299732657665,M0l,0.5697182732756104,k1l,False,False,10,"1,2,3,4,5,6,7,8,9,10",0.9979338645935059
aff11_wu25k_absq2_m128_seed3,11,y,46,113.98956234393809,True,10,10,11,0.9998635385435798,True,0.38119354282147533,M0l,0.6128636825132175,k1l,False,False,10,"1,2,3,4,5,6,7,8,9,10",0.9979338645935059
aff11_wu25k_absq2_m128_seed3,11,y,47,102.23060617037653,True,10,10,11,0.9997689509429138,True,0.3075917582058489,M4l,0.4348720305399397,k4l,False,False,10,"1,2,3,4,5,6,7,8,9,10",0.9979338645935059
aff11_wu25k_absq2_m128_seed3,11,y,48,96.86620044117166,True,10,10,11,0.9999203513337878,True,0.38330676715530276,M1l,0.4448905003741508,k1l,False,False,10,"1,2,3,4,5,6,7,8,9,10",0.9979338645935059
aff11_wu25k_absq2_m128_seed3,11,y,49,100.42550667223584,True,10,10,11,0.999949349494927,True,0.4795350702037905,M10l,0.44889906687265047,k3l,False,False,10,"1,2,3,4,5,6,7,8,9,10",0.9979338645935059
aff11_wu25k_absq2_m128_seed3,11,y,50,107.73331098905737,True,10,10,11,0.9999584359940162,True,0.5568165088593757,M9l,0.4095535278607065,k5r,False,False,10,"1,2,3,4,5,6,7,8,9,10",0.9979338645935059
aff11_wu25k_absq2_m128_seed3,11,y,51,102.44830701963,True,10,10,11,0.9999175018839086,True,0.31547747839069773,M4l,0.4077388924663727,k5r,False,False,10,"1,2,3,4,5,6,7,8,9,10",0.9979338645935059
aff11_wu25k_absq2_m128_seed3,11,y,52,106.8747664858518,True,10,10,11,0.9999182244975353,True,0.3645755868591889,M0l,0.4065647222494688,k5r,False,False,10,"1,2,3,4,5,6,7,8,9,10",0.9979338645935059
aff11_wu25k_absq2_m128_seed3,11,y,53,106.66649015844249,True,10,10,11,0.9999581789129388,True,0.5486414509474796,M9l,0.40982056924063787,k5r,False,False,10,"1,2,3,4,5,6,7,8,9,10",0.9979338645935059
aff11_wu25k_absq2_m128_seed3,11,y,54,106.86882670670632,True,10,10,11,0.9998982547009657,True,0.3438403026931135,M9l,0.4037193785453071,k5r,False,False,10,"1,2,3,4,5,6,7,8,9,10",0.9979338645935059
aff11_wu25k_absq2_m128_seed3,11,y,55,101.8372968782518,True,10,10,11,0.9999045782915644,True,0.3183964183173767,M9l,0.4058416603350175,k3l,False,False,10,"1,2,3,4,5,6,7,8,9,10",0.9979338645935059
aff11_wu25k_absq2_m128_seed3,11,y,56,103.63207308539539,True,10,10,11,0.9999076777034499,True,0.382189012760195,M2l,0.4028530267993461,k5r,False,False,10,"1,2,3,4,5,6,7,8,9,10",0.9979338645935059
aff11_wu25k_absq2_m128_seed3,11,y,57,104.81019289013776,True,10,10,11,0.9999178934013301,True,0.4604734004068933,M2l,0.4071303269878104,k4l,False,False,10,"1,2,3,4,5,6,7,8,9,10",0.9979338645935059
aff11_wu25k_absq2_m128_seed3,11,y,58,116.82981774757668,True,10,10,11,0.9998639143620469,True,0.41285952279294125,M6l,0.5791125356391168,k1l,False,False,10,"1,2,3,4,5,6,7,8,9,10",0.9979338645935059
aff11_wu25k_absq2_m128_seed3,11,y,59,108.71903550229915,True,10,10,11,0.9999534483806884,True,0.2497429717273526,M9r,0.5019066637742627,k3l,False,False,10,"1,2,3,4,5,6,7,8,9,10",0.9979338645935059
aff11_wu25k_absq2_m128_seed3,11,y,60,105.91042092395391,True,10,10,11,0.9999133539060746,True,0.42807334946457365,M2l,0.40365779844356636,k5r,False,False,10,"1,2,3,4,5,6,7,8,9,10",0.9979338645935059
aff11_wu25k_absq2_m128_seed3,11,y,61,110.35454738885761,True,10,10,11,0.9997713263531935,True,0.3643039689796999,M2l,0.41516800234773793,k4l,False,False,10,"1,2,3,4,5,6,7,8,9,10",0.9979338645935059
aff11_wu25k_absq2_m128_seed3,11,y,62,101.21023231327612,True,10,10,11,0.9999008014832369,True,0.3094926969137472,M3l,0.4030030133140806,k5r,False,False,10,"1,2,3,4,5,6,7,8,9,10",0.9979338645935059
aff11_wu25k_absq2_m128_seed3,11,y,63,101.55974712124655,True,10,10,11,0.9998992466243054,True,0.4052894737182355,M7l,0.40262863580190406,k5r,False,False,10,"1,2,3,4,5,6,7,8,9,10",0.9979338645935059
aff11_wu25k_absq2_m128_seed3,11,y,64,110.2106804288601,True,10,10,11,0.9999138038072467,True,0.3134229223043542,M1l,0.4076770961660099,k5r,False,False,10,"1,2,3,4,5,6,7,8,9,10",0.9979338645935059
aff11_wu25k_absq2_m128_seed3,11,y,65,107.7181941000977,True,10,10,11,0.999746348885271,True,0.33951090803514616,M2l,0.4900833530019729,k4l,False,False,10,"1,2,3,4,5,6,7,8,9,10",0.9979338645935059
aff11_wu25k_absq2_m128_seed3,11,y,66,102.36362815099695,True,10,10,11,0.9998104756516484,True,0.2568647584843647,M10l,0.5054661182651516,k4l,False,False,10,"1,2,3,4,5,6,7,8,9,10",0.9979338645935059
aff11_wu25k_absq2_m128_seed3,11,y,67,110.3968736470542,True,10,10,11,0.9999472048862532,True,0.24912874545369545,M9r,0.5332485886629844,k3l,False,False,10,"1,2,3,4,5,6,7,8,9,10",0.9979338645935059
aff11_wu25k_absq2_m128_seed3,11,y,68,108.87662846102226,True,10,10,11,0.9997608443574624,True,0.3199140323482649,M4l,0.4050221237014588,k5r,False,False,10,"1,2,3,4,5,6,7,8,9,10",0.9979338645935059
aff11_wu25k_absq2_m128_seed3,11,y,69,101.03846040281333,True,10,10,11,0.9998127640658342,True,0.31302667768523307,M3l,0.4621005426651781,k4l,False,False,10,"1,2,3,4,5,6,7,8,9,10",0.9979338645935059
aff11_wu25k_absq2_m128_seed3,11,y,70,112.59223883704027,True,10,10,11,0.999887894591271,True,0.48090790379734766,M5l,0.4664680576668124,k5l,False,False,10,"1,2,3,4,5,6,7,8,9,10",0.9979338645935059
aff11_wu25k_absq2_m128_seed3,11,y,71,106.16479906788075,True,10,10,11,0.9999481733975586,True,0.4419633245218704,M10l,0.49251806357349376,k3l,False,False,10,"1,2,3,4,5,6,7,8,9,10",0.9979338645935059
aff11_wu25k_absq2_m128_seed3,11,y,72,101.74176957517783,True,10,10,11,0.9999143352154297,True,0.4130843158251962,M2l,0.40255532212868755,k5r,False,False,10,"1,2,3,4,5,6,7,8,9,10",0.9979338645935059
aff11_wu25k_absq2_m128_seed3,11,y,73,104.16641968804925,True,10,10,11,0.9998216993350522,True,0.27993303046280094,M3l,0.49381475046919926,k4l,False,False,10,"1,2,3,4,5,6,7,8,9,10",0.9979338645935059
aff11_wu25k_absq2_m128_seed3,11,y,74,105.14374254888124,True,10,10,11,0.9999473224646296,True,0.5375625555309363,M9l,0.4084365261411212,k5r,False,False,10,"1,2,3,4,5,6,7,8,9,10",0.9979338645935059
aff11_wu25k_absq2_m128_seed3,11,y,75,104.10701520954255,True,10,10,11,0.9999534888308711,True,0.2555408841143773,M6l,0.481696707776737,k3l,False,False,10,"1,2,3,4,5,6,7,8,9,10",0.9979338645935059
aff11_wu25k_absq2_m128_seed3,11,y,76,105.41317388165146,True,10,10,11,0.9999075382690251,True,0.35683630065004784,M1l,0.46016790552560244,k1l,False,False,10,"1,2,3,4,5,6,7,8,9,10",0.9979338645935059
aff11_wu25k_absq2_m128_seed3,11,y,77,99.59539135443059,True,10,10,11,0.9999188331265115,True,0.4603945940936963,M2l,0.40334721746147834,k5r,False,False,10,"1,2,3,4,5,6,7,8,9,10",0.9979338645935059
aff11_wu25k_absq2_m128_seed3,11,y,78,108.52113191942405,True,10,10,11,0.9998822662776976,True,0.5189675142796297,M5l,0.5330207666568406,k5l,False,False,10,"1,2,3,4,5,6,7,8,9,10",0.9979338645935059
aff11_wu25k_absq2_m128_seed3,11,y,79,106.8575285697425,True,10,10,11,0.9999256314249229,True,0.36949020401303384,M4l,0.42918574611671545,k1l,False,False,10,"1,2,3,4,5,6,7,8,9,10",0.9979338645935059
aff11_wu25k_absq2_m128_seed3,11,y,80,115.46823960323958,True,10,10,11,0.9999287597583135,True,0.327817850920755,M0l,0.406562342479785,k5r,False,False,10,"1,2,3,4,5,6,7,8,9,10",0.9979338645935059
aff11_wu25k_absq2_m128_seed3,11,y,81,113.3173337555938,True,10,10,11,0.9998613238245955,True,0.42197216105805624,M0l,0.5912944277226441,k1l,False,False,10,"1,2,3,4,5,6,7,8,9,10",0.9979338645935059
aff11_wu25k_absq2_m128_seed3,11,y,82,103.16592528798243,True,10,10,11,0.9999429662708508,True,0.29228121669104257,M7l,0.5608524188844513,k3l,False,False,10,"1,2,3,4,5,6,7,8,9,10",0.9979338645935059
aff11_wu25k_absq2_m128_seed3,11,y,83,108.58377964461265,True,10,10,11,0.9999613069647647,True,0.5612570185367848,M9l,0.40949346679885423,k5r,False,False,10,"1,2,3,4,5,6,7,8,9,10",0.9979338645935059
aff11_wu25k_absq2_m128_seed3,11,y,84,112.4482916065054,True,10,10,11,0.9999218332828539,True,0.3260220583585585,M0l,0.4066497391384099,k5r,False,False,10,"1,2,3,4,5,6,7,8,9,10",0.9979338645935059
aff11_wu25k_absq2_m128_seed3,11,y,85,108.16097738310738,True,10,10,11,0.9999135042019338,True,0.34224099332030733,M4l,0.4315338992399784,k1l,False,False,10,"1,2,3,4,5,6,7,8,9,10",0.9979338645935059
aff11_wu25k_absq2_m128_seed3,11,y,86,109.21250309196523,True,10,10,11,0.9998681384394608,True,0.4416412660638204,M6l,0.5686449712271686,k1l,False,False,10,"1,2,3,4,5,6,7,8,9,10",0.9979338645935059
aff11_wu25k_absq2_m128_seed3,11,y,87,99.20915636951565,True,10,10,11,0.999946400028003,True,0.2488652633909542,M9r,0.5547106660987517,k3l,False,False,10,"1,2,3,4,5,6,7,8,9,10",0.9979338645935059
aff11_wu25k_absq2_m128_seed3,11,y,88,106.17382130840852,True,10,10,11,0.9999515819294208,True,0.26223396115186337,M6l,0.5195646199168915,k3l,False,False,10,"1,2,3,4,5,6,7,8,9,10",0.9979338645935059
aff11_wu25k_absq2_m128_seed3,11,y,89,104.7380867749731,True,10,10,11,0.9998623104197293,True,0.37123020877551055,M6l,0.6323295744308898,k1l,False,False,10,"1,2,3,4,5,6,7,8,9,10",0.9979338645935059
aff11_wu25k_absq2_m128_seed3,11,y,90,113.2045240860163,True,10,10,11,0.9998839802314144,True,0.5162542722685531,M5l,0.525116434785086,k5l,False,False,10,"1,2,3,4,5,6,7,8,9,10",0.9979338645935059
aff11_wu25k_absq2_m128_seed3,11,y,91,104.75731787422978,True,10,10,11,0.9999029743933893,True,0.3397800652539553,M9l,0.40348703417802706,k5r,False,False,10,"1,2,3,4,5,6,7,8,9,10",0.9979338645935059
aff11_wu25k_absq2_m128_seed3,11,y,92,105.3323173453842,True,10,10,11,0.999787062962697,True,0.3332832193398888,M2l,0.41748718087979847,k4l,False,False,10,"1,2,3,4,5,6,7,8,9,10",0.9979338645935059
aff11_wu25k_absq2_m128_seed3,11,y,93,98.34949310586425,True,10,10,11,0.9999645358600802,True,0.3374042978331025,M6l,0.4920217565377395,k3l,False,False,10,"1,2,3,4,5,6,7,8,9,10",0.9979338645935059
aff11_wu25k_absq2_m128_seed3,11,y,94,106.51727088789532,True,10,10,11,0.9998719218780792,True,0.4140681792905035,M0l,0.5644843156076856,k1l,False,False,10,"1,2,3,4,5,6,7,8,9,10",0.9979338645935059
aff11_wu25k_absq2_m128_seed3,11,y,95,110.12035542241823,True,10,10,11,0.9999597554477009,True,0.560191165031938,M9l,0.4094803525176079,k5r,False,False,10,"1,2,3,4,5,6,7,8,9,10",0.9979338645935059
aff11_wu25k_absq2_m128_seed3,11,y,96,101.89355155154935,True,10,10,11,0.9999354964538657,True,0.32228832415649544,M0l,0.40557584112930606,k5r,False,False,10,"1,2,3,4,5,6,7,8,9,10",0.9979338645935059
aff11_wu25k_absq2_m128_seed3,11,y,97,94.14402753665595,True,10,10,11,0.9999430684130128,True,0.3667443102469285,M1l,0.4270124166008998,k2l,False,False,10,"1,2,3,4,5,6,7,8,9,10",0.9979338645935059
aff11_wu25k_absq2_m128_seed3,11,y,98,103.8637062229193,True,10,10,11,0.9998157727986631,True,0.3586540135796627,M3l,0.5043542688031208,k4l,False,False,10,"1,2,3,4,5,6,7,8,9,10",0.9979338645935059
aff11_wu25k_absq2_m128_seed3,11,y,99,100.56225606842347,True,10,10,11,0.9999168687591445,True,0.4211441613432743,M2l,0.4280591104648914,k5l,False,False,10,"1,2,3,4,5,6,7,8,9,10",0.9979338645935059
aff11_wu25k_absq2_m128_seed3,11,y,100,103.96203144960953,True,10,10,11,0.9998950639212192,True,0.5246577175072736,M5l,0.533938050390265,k5l,False,False,10,"1,2,3,4,5,6,7,8,9,10",0.9979338645935059
aff11_wu25k_absq2_m128_seed3,11,y,101,110.80700649583524,True,10,10,11,0.9999308355819042,True,0.37789253407310625,M0l,0.40655987675515415,k5r,False,False,10,"1,2,3,4,5,6,7,8,9,10",0.9979338645935059
aff11_wu25k_absq2_m128_seed3,11,y,102,108.25891587033726,True,10,10,11,0.9999227749837881,True,0.32376605260060687,M3l,0.40701063407567845,k5r,False,False,10,"1,2,3,4,5,6,7,8,9,10",0.9979338645935059
aff11_wu25k_absq2_m128_seed3,11,y,103,101.53884704727278,True,10,10,11,0.9999501818613704,True,0.30527404939674824,M6l,0.5084631537101089,k3l,False,False,10,"1,2,3,4,5,6,7,8,9,10",0.9979338645935059
aff11_wu25k_absq2_m128_seed3,11,y,104,105.38396924724037,True,10,10,11,0.9999175146474241,True,0.3112935615528972,M1l,0.40781241995006,k5r,False,False,10,"1,2,3,4,5,6,7,8,9,10",0.9979338645935059
aff11_wu25k_absq2_m128_seed3,11,y,105,108.40471388001028,True,10,10,11,0.9999633643239002,True,0.5258792619221975,M9l,0.40941630010109265,k5r,False,False,10,"1,2,3,4,5,6,7,8,9,10",0.9979338645935059
aff11_wu25k_absq2_m128_seed3,11,y,106,112.26641668158737,True,10,10,11,0.9999591272684006,True,0.529816005339542,M9l,0.40956178702816787,k5r,False,False,10,"1,2,3,4,5,6,7,8,9,10",0.9979338645935059
aff11_wu25k_absq2_m128_seed3,11,y,107,3.056082144546101e-05,True,10,10,11,0.9998904630037445,True,0.33218897028763633,M0l,0.47192325230279436,k1l,False,False,10,"1,2,3,4,5,6,7,8,9,10",0.9979338645935059
aff11_wu25k_absq2_m128_seed3,11,y,108,105.39542664946349,True,10,10,11,0.9999558852417814,True,0.24978537271540754,M9r,0.5065258676537994,k3l,False,False,10,"1,2,3,4,5,6,7,8,9,10",0.9979338645935059
aff11_wu25k_absq2_m128_seed3,11,y,109,108.45560888106178,True,10,10,11,0.9999063009629356,True,0.26982318062578897,M3l,0.40287564516655683,k5r,False,False,10,"1,2,3,4,5,6,7,8,9,10",0.9979338645935059
aff11_wu25k_absq2_m128_seed3,11,y,110,2.1284701857640028e-05,True,10,10,11,0.9998857130452797,True,0.4132406194816821,M6l,0.40372576278095157,k5r,False,False,10,"1,2,3,4,5,6,7,8,9,10",0.9979338645935059
aff11_wu25k_absq2_m128_seed3,11,y,111,109.63031889398415,True,10,10,11,0.9999448301607562,True,0.4334404629732465,M10l,0.4534328317063006,k3l,False,False,10,"1,2,3,4,5,6,7,8,9,10",0.9979338645935059
aff11_wu25k_absq2_m128_seed3,11,y,112,102.34377532202035,True,10,10,11,0.9998420682419261,True,0.2893463728417459,M10l,0.4141899339630777,k4l,False,False,10,"1,2,3,4,5,6,7,8,9,10",0.9979338645935059
aff11_wu25k_absq2_m128_seed3,11,y,113,109.13652441400146,True,10,10,11,0.9998675874239911,True,0.38738620219088066,M0l,0.5821413499755546,k1l,False,False,10,"1,2,3,4,5,6,7,8,9,10",0.9979338645935059
aff11_wu25k_absq2_m128_seed3,11,y,114,101.4047701985845,True,10,10,11,0.99990722847383,True,0.362819235248175,M2l,0.4021932394600489,k5r,False,False,10,"1,2,3,4,5,6,7,8,9,10",0.9979338645935059
aff11_wu25k_absq2_m128_seed3,11,y,115,103.94988374519428,True,10,10,11,0.9999040292224768,True,0.3149939386869313,M9l,0.40328971917258705,k5r,False,False,10,"1,2,3,4,5,6,7,8,9,10",0.9979338645935059
aff11_wu25k_absq2_m128_seed3,11,y,116,107.9836485822394,True,10,10,11,0.9997379539697326,True,0.2991466737555753,M4l,0.4590477929947362,k4l,False,False,10,"1,2,3,4,5,6,7,8,9,10",0.9979338645935059
aff11_wu25k_absq2_m128_seed3,11,y,117,108.02388696917942,True,10,10,11,0.9999017987104268,True,0.3228650554338519,M9l,0.4035177998999023,k5r,False,False,10,"1,2,3,4,5,6,7,8,9,10",0.9979338645935059
aff11_wu25k_absq2_m128_seed3,11,y,118,106.80859607332805,True,10,10,11,0.9999034022177105,True,0.37870884077815714,M2l,0.40276752760693707,k5r,False,False,10,"1,2,3,4,5,6,7,8,9,10",0.9979338645935059
aff11_wu25k_absq2_m128_seed3,11,y,119,1.1938323930836913e-05,True,10,10,11,0.9999468472326296,True,0.5317533114016997,M5l,0.590900166016623,k3l,False,False,10,"1,2,3,4,5,6,7,8,9,10",0.9979338645935059
aff11_wu25k_absq2_m128_seed3,11,y,120,100.14469672051752,True,10,10,11,0.999896357180983,True,0.5626519332002814,M5l,0.45151646965838316,k5l,False,False,10,"1,2,3,4,5,6,7,8,9,10",0.9979338645935059
aff11_wu25k_absq2_m128_seed3,11,y,121,108.05472378691327,True,10,10,11,0.9999562568523822,True,0.5800109628133079,M9l,0.4097547407701911,k5r,False,False,10,"1,2,3,4,5,6,7,8,9,10",0.9979338645935059
aff11_wu25k_absq2_m128_seed3,11,y,122,75.61036396982512,True,10,10,11,0.9999584603662193,True,0.4161598506941596,M3l,0.6729199685950897,k5l,False,False,10,"1,2,3,4,5,6,7,8,9,10",0.9979338645935059
aff11_wu25k_absq2_m128_seed3,11,y,123,104.3317559622545,True,10,10,11,0.9999571484383064,True,0.24970521411432772,M9r,0.4924983000928967,k3l,False,False,10,"1,2,3,4,5,6,7,8,9,10",0.9979338645935059
aff11_wu25k_absq2_m128_seed3,11,y,124,106.74620975027689,True,10,10,11,0.9997657838308263,True,0.42041185903081235,M2l,0.4795071335477305,k4l,False,False,10,"1,2,3,4,5,6,7,8,9,10",0.9979338645935059
aff11_wu25k_absq2_m128_seed3,11,y,125,105.8716901281624,True,10,10,11,0.9999446644103549,True,0.4988961147253278,M10l,0.4801377731174781,k3l,False,False,10,"1,2,3,4,5,6,7,8,9,10",0.9979338645935059
aff11_wu25k_absq2_m128_seed3,11,y,126,100.41863788187644,True,10,10,11,0.9996980136733575,True,0.40732435855268645,M4l,0.5522396529061891,k4l,False,False,10,"1,2,3,4,5,6,7,8,9,10",0.9979338645935059
aff11_wu25k_absq2_m128_seed3,11,y,127,110.96728127208219,True,10,10,11,0.9999221434031159,True,0.32542115657702475,M4l,0.4775889756741567,k1l,False,False,10,"1,2,3,4,5,6,7,8,9,10",0.9979338645935059
aff11_wu25k_absq3_m128_seed1,11,x,0,6.570704718342603e-11,True,10,10,11,0.9241531196358291,True,0.1701799450433141,M0l,0.22523396735649712,k1l,False,False,10,"1,2,3,4,5,6,7,8,9,10",0.008539944887161255
aff11_wu25k_absq3_m128_seed1,11,x,1,5.4630097153036977e-11,True,10,10,11,0.910185556995226,True,0.14122665887656782,M9l,0.3136374130857841,k3r,False,False,10,"1,2,3,4,5,6,7,8,9,10",0.008539944887161255
aff11_wu25k_absq3_m128_seed1,11,x,2,6.193825979210165e-11,True,10,10,11,0.9452214106848216,True,0.2097488807198251,M9l,0.3179369173369589,k3r,False,False,10,"1,2,3,4,5,6,7,8,9,10",0.008539944887161255
aff11_wu25k_absq3_m128_seed1,11,x,3,6.030133884172092e-11,True,10,10,11,0.9437558659599232,True,0.17558991855787226,M3l,0.35581209269748476,k1l,False,False,10,"1,2,3,4,5,6,7,8,9,10",0.008539944887161255
aff11_wu25k_absq3_m128_seed1,11,x,4,4.859498268754754e-11,True,10,10,11,0.8576320762401938,False,0.16753480696879397,M0l,0.21146215348809,k1r,False,False,0,,0.008539944887161255
aff11_wu25k_absq3_m128_seed1,11,x,5,6.115885102963167e-11,True,10,10,11,0.8986790671708649,False,0.17991209716979378,M10l,0.249301620603232,k5l,False,False,0,,0.008539944887161255
aff11_wu25k_absq3_m128_seed1,11,x,6,7.517438635663686e-11,True,10,10,11,0.9519990048179355,True,0.14459471700488966,M10r,0.2710467077859805,k5r,False,False,10,"1,2,3,4,5,6,7,8,9,10",0.008539944887161255
aff11_wu25k_absq3_m128_seed1,11,x,7,7.24197634722166e-11,True,10,10,11,0.9062555504448925,True,0.16085967093564013,M2r,0.2405861715098214,k5l,False,False,10,"1,2,3,4,5,6,7,8,9,10",0.008539944887161255
aff11_wu25k_absq3_m128_seed1,11,x,8,7.660750490115516e-11,True,10,10,11,0.8546164397279795,False,0.1293619670705883,M6l,0.24984620599627871,k2l,False,False,0,,0.008539944887161255
aff11_wu25k_absq3_m128_seed1,11,x,9,6.300660762253293e-11,True,10,10,11,0.928172097715399,True,0.15105818337774155,M4l,0.29763671513571593,k4r,False,False,10,"1,2,3,4,5,6,7,8,9,10",0.008539944887161255
aff11_wu25k_absq3_m128_seed1,11,x,10,5.121540863547976e-11,True,10,10,11,0.9690545978761372,True,0.2125423933163321,M8r,0.350248146377991,k4r,False,False,10,"1,2,3,4,5,6,7,8,9,10",0.008539944887161255
aff11_wu25k_absq3_m128_seed1,11,x,11,6.46274999685307e-11,True,10,10,11,0.9447003735627307,True,0.22438584893624994,M9l,0.3046594842554487,k5r,False,False,10,"1,2,3,4,5,6,7,8,9,10",0.008539944887161255
aff11_wu25k_absq3_m128_seed1,11,x,12,7.198830771586689e-11,True,10,10,11,0.9395554485798809,True,0.22427022751424058,M6r,0.2733258106018311,k5r,False,False,10,"1,2,3,4,5,6,7,8,9,10",0.008539944887161255
aff11_wu25k_absq3_m128_seed1,11,x,13,7.240561647041467e-11,True,10,10,11,0.9113654359619003,True,0.16714103030181124,M7l,0.2702585138827024,k3r,False,False,10,"1,2,3,4,5,6,7,8,9,10",0.008539944887161255
aff11_wu25k_absq3_m128_seed1,11,x,14,7.114963864623473e-11,True,10,10,11,0.8701202807128543,False,0.14736593251492625,M9r,0.2126838869601143,k1l,False,False,0,,0.008539944887161255
aff11_wu25k_absq3_m128_seed1,11,x,15,7.246807533523281e-11,True,10,10,11,0.95992522933565,True,0.1875792075889034,M6r,0.28570752765092655,k4r,False,False,10,"1,2,3,4,5,6,7,8,9,10",0.008539944887161255
aff11_wu25k_absq3_m128_seed1,11,x,16,6.298972646971618e-11,True,10,10,11,0.9549557280282011,True,0.16874197143498007,M9l,0.23970636293496136,k2r,False,False,10,"1,2,3,4,5,6,7,8,9,10",0.008539944887161255
aff11_wu25k_absq3_m128_seed1,11,x,17,6.997340218792546e-11,True,10,10,11,0.941563112863483,True,0.1636890709998326,M4r,0.31365000670806514,k5r,False,False,10,"1,2,3,4,5,6,7,8,9,10",0.008539944887161255
aff11_wu25k_absq3_m128_seed1,11,x,18,5.835394708468119e-11,True,10,10,11,0.9641540495562237,True,0.17594370811121313,M5l,0.2577354841755528,k5r,False,False,10,"1,2,3,4,5,6,7,8,9,10",0.008539944887161255
aff11_wu25k_absq3_m128_seed1,11,x,19,5.8046122941085224e-11,True,10,10,11,0.9224527510372229,True,0.17519602172995094,M10r,0.25836924412446566,k5l,False,False,10,"1,2,3,4,5,6,7,8,9,10",0.008539944887161255
aff11_wu25k_absq3_m128_seed1,11,x,20,6.243178273694604e-11,True,10,10,11,0.9635527907566698,True,0.17949852914922648,M8l,0.2958879928973927,k3r,False,False,10,"1,2,3,4,5,6,7,8,9,10",0.008539944887161255
aff11_wu25k_absq3_m128_seed1,11,x,21,7.183959244900154e-11,True,10,10,11,0.9447001548763204,True,0.2091061579482323,M0l,0.2777331192585543,k3r,False,False,10,"1,2,3,4,5,6,7,8,9,10",0.008539944887161255
aff11_wu25k_absq3_m128_seed1,11,x,22,6.2151186302038e-11,True,10,10,11,0.9412927845626744,True,0.1750109037714708,M3r,0.29402117247601134,k2l,False,False,10,"1,2,3,4,5,6,7,8,9,10",0.008539944887161255
aff11_wu25k_absq3_m128_seed1,11,x,23,6.091725504422581e-11,True,10,10,11,0.9293460538794648,True,0.16137197803121597,M2l,0.3036055211333041,k4r,False,False,10,"1,2,3,4,5,6,7,8,9,10",0.008539944887161255
aff11_wu25k_absq3_m128_seed1,11,x,24,5.711222110990291e-11,True,10,10,11,0.906545829081567,True,0.15886289249523433,M6r,0.27107151886321107,k4r,False,False,10,"1,2,3,4,5,6,7,8,9,10",0.008539944887161255
aff11_wu25k_absq3_m128_seed1,11,x,25,5.734826706994048e-11,True,10,10,11,0.9250219146787814,True,0.13875133534927134,M3r,0.23803005095361984,k1r,False,False,10,"1,2,3,4,5,6,7,8,9,10",0.008539944887161255
aff11_wu25k_absq3_m128_seed1,11,x,26,5.5251290045127244e-11,True,10,10,11,0.8855149495417362,False,0.25383383444895113,M2r,0.2737545846247661,k1l,False,False,0,,0.008539944887161255
aff11_wu25k_absq3_m128_seed1,11,x,27,7.217452308564544e-11,True,10,10,11,0.9576833797006813,True,0.25889995341466965,M4r,0.2799124789573176,k3l,False,False,10,"1,2,3,4,5,6,7,8,9,10",0.008539944887161255
aff11_wu25k_absq3_m128_seed1,11,x,28,6.17050427616091e-11,True,10,10,11,0.901850986840311,True,0.1744909320324027,M9r,0.2568880483946597,k3r,False,False,10,"1,2,3,4,5,6,7,8,9,10",0.008539944887161255
aff11_wu25k_absq3_m128_seed1,11,x,29,6.216851146214824e-11,True,10,10,11,0.9586760469519817,True,0.18476827769793253,M10r,0.24962574104711155,k2r,False,False,10,"1,2,3,4,5,6,7,8,9,10",0.008539944887161255
aff11_wu25k_absq3_m128_seed1,11,x,30,7.147066228154447e-11,True,10,10,11,0.878576550882139,False,0.1665077804271091,M1l,0.2428925846022599,k3r,False,False,0,,0.008539944887161255
aff11_wu25k_absq3_m128_seed1,11,x,31,6.980467567623433e-11,True,10,10,11,0.9195631733593602,True,0.17742467399604922,M0r,0.24866293234400602,k1r,False,False,10,"1,2,3,4,5,6,7,8,9,10",0.008539944887161255
aff11_wu25k_absq3_m128_seed1,11,x,32,5.921008997869337e-11,True,10,10,11,0.9513791330423587,True,0.178465605376016,M5r,0.2533111993540177,k1r,False,False,10,"1,2,3,4,5,6,7,8,9,10",0.008539944887161255
aff11_wu25k_absq3_m128_seed1,11,x,33,6.026303545858222e-11,True,10,10,11,0.9653684732195608,True,0.24217028331013316,M10r,0.2913599968085759,k4l,False,False,10,"1,2,3,4,5,6,7,8,9,10",0.008539944887161255
aff11_wu25k_absq3_m128_seed1,11,x,34,6.544925476183546e-11,True,10,10,11,0.9440470224420884,True,0.1674454050952979,M1r,0.26499370771876823,k5l,False,False,10,"1,2,3,4,5,6,7,8,9,10",0.008539944887161255
aff11_wu25k_absq3_m128_seed1,11,x,35,5.4653988131524743e-11,True,10,10,11,0.9367173474631902,True,0.17045256649082804,M8r,0.26972753953405926,k4l,False,False,10,"1,2,3,4,5,6,7,8,9,10",0.008539944887161255
aff11_wu25k_absq3_m128_seed1,11,x,36,4.6883872763649106e-11,True,10,10,11,0.934419632594105,True,0.2147943512039984,M3r,0.28416134454672665,k4r,False,False,10,"1,2,3,4,5,6,7,8,9,10",0.008539944887161255
aff11_wu25k_absq3_m128_seed1,11,x,37,6.345846980174492e-11,True,10,10,11,0.9576901434339355,True,0.18079324787630757,M0r,0.23688091639134715,k1r,False,False,10,"1,2,3,4,5,6,7,8,9,10",0.008539944887161255
aff11_wu25k_absq3_m128_seed1,11,x,38,6.272218548539003e-11,True,10,10,11,0.9308706858256172,True,0.16679265728815776,M2l,0.35521906613086507,k2r,False,False,10,"1,2,3,4,5,6,7,8,9,10",0.008539944887161255
aff11_wu25k_absq3_m128_seed1,11,x,39,5.693944368278469e-11,True,10,10,11,0.9463200877089629,True,0.1969172921923187,M2r,0.28360022195604145,k1r,False,False,10,"1,2,3,4,5,6,7,8,9,10",0.008539944887161255
aff11_wu25k_absq3_m128_seed1,11,x,40,4.912291586134974e-11,True,10,10,11,0.8797042617343577,False,0.14082532861299812,M2r,0.2626245066145404,k1l,False,False,0,,0.008539944887161255
aff11_wu25k_absq3_m128_seed1,11,x,41,6.444852553587496e-11,True,10,10,11,0.9608940441528863,True,0.1530426201562557,M1r,0.2514475267128149,k5r,False,False,10,"1,2,3,4,5,6,7,8,9,10",0.008539944887161255
aff11_wu25k_absq3_m128_seed1,11,x,42,5.748386369319843e-11,True,10,10,11,0.9105687599881667,True,0.20337830504389381,M3l,0.24615073776907828,k5l,False,False,10,"1,2,3,4,5,6,7,8,9,10",0.008539944887161255
aff11_wu25k_absq3_m128_seed1,11,x,43,5.178123840561585e-11,True,10,10,11,0.9683828541845747,True,0.17046766975041663,M4r,0.29053523301274636,k2r,False,False,10,"1,2,3,4,5,6,7,8,9,10",0.008539944887161255
aff11_wu25k_absq3_m128_seed1,11,x,44,5.547804266249372e-11,True,10,10,11,0.940450921152349,True,0.16182208775837809,M0l,0.28684424175871814,k2l,False,False,10,"1,2,3,4,5,6,7,8,9,10",0.008539944887161255
aff11_wu25k_absq3_m128_seed1,11,x,45,6.590469796485971e-11,True,10,10,11,0.8547811767376218,False,0.15458503026013526,M6r,0.24154541562670456,k3r,False,False,0,,0.008539944887161255
aff11_wu25k_absq3_m128_seed1,11,x,46,6.184747497047749e-11,True,10,10,11,0.9602815901692879,True,0.19928094589986328,M10l,0.30510782518566826,k1l,False,False,10,"1,2,3,4,5,6,7,8,9,10",0.008539944887161255
aff11_wu25k_absq3_m128_seed1,11,x,47,5.6140305372268e-11,True,10,10,11,0.8726457226864427,False,0.17583459365517584,M1r,0.24687132617449423,k5l,False,False,0,,0.008539944887161255
aff11_wu25k_absq3_m128_seed1,11,x,48,6.307474296402124e-11,True,10,10,11,0.9610810219313031,True,0.15104786588349584,M3r,0.2866174715851042,k5r,False,False,10,"1,2,3,4,5,6,7,8,9,10",0.008539944887161255
aff11_wu25k_absq3_m128_seed1,11,x,49,7.642437152705622e-11,True,10,10,11,0.8861020906445037,False,0.21088273792708556,M9l,0.22467549521263397,k1l,False,False,0,,0.008539944887161255
aff11_wu25k_absq3_m128_seed1,11,x,50,5.4035011913528824e-11,True,10,10,11,0.9400253819844735,True,0.19561326864652573,M9l,0.30043177352884964,k3r,False,False,10,"1,2,3,4,5,6,7,8,9,10",0.008539944887161255
aff11_wu25k_absq3_m128_seed1,11,x,51,6.953729603007665e-11,True,10,10,11,0.9497658092352755,True,0.1837193032455867,M8l,0.274983543502142,k4r,False,False,10,"1,2,3,4,5,6,7,8,9,10",0.008539944887161255
aff11_wu25k_absq3_m128_seed1,11,x,52,7.219076466514409e-11,True,10,10,11,0.9050111591001594,True,0.18657420511911355,M4r,0.2411235837130441,k5l,False,False,10,"1,2,3,4,5,6,7,8,9,10",0.008539944887161255
aff11_wu25k_absq3_m128_seed1,11,x,53,6.15920115298064e-11,True,10,10,11,0.9573250706399927,True,0.16981575281168493,M1l,0.23884271626995573,k4r,False,False,10,"1,2,3,4,5,6,7,8,9,10",0.008539944887161255
aff11_wu25k_absq3_m128_seed1,11,x,54,7.133783399799809e-11,True,10,10,11,0.882112692777222,False,0.14514282555715852,M6l,0.21892840217959222,k5l,False,False,0,,0.008539944887161255
aff11_wu25k_absq3_m128_seed1,11,x,55,4.757781374664871e-11,True,10,10,11,0.9101839985491862,True,0.14245288027824723,M9l,0.2695088843739163,k5l,False,False,10,"1,2,3,4,5,6,7,8,9,10",0.008539944887161255
aff11_wu25k_absq3_m128_seed1,11,x,56,5.425312554662355e-11,True,10,10,11,0.947471300590511,True,0.17442028439442497,M2r,0.26354554339763164,k3l,False,False,10,"1,2,3,4,5,6,7,8,9,10",0.008539944887161255
aff11_wu25k_absq3_m128_seed1,11,x,57,7.937085530731447e-11,True,10,10,11,0.941765334028327,True,0.20357874773414178,M7r,0.2421005900731891,k2l,False,False,10,"1,2,3,4,5,6,7,8,9,10",0.008539944887161255
aff11_wu25k_absq3_m128_seed1,11,x,58,5.96584702557398e-11,True,10,10,11,0.8669781975725865,False,0.20449852393784765,M6r,0.24169048752376554,k3r,False,False,0,,0.008539944887161255
aff11_wu25k_absq3_m128_seed1,11,x,59,5.590291249896271e-11,True,10,10,11,0.969574374627483,True,0.21123673998760242,M9l,0.3774635882206289,k1r,False,False,10,"1,2,3,4,5,6,7,8,9,10",0.008539944887161255
aff11_wu25k_absq3_m128_seed1,11,x,60,7.706823934728221e-11,True,10,10,11,0.9030938012235482,True,0.15670066022264115,M5l,0.2645395215625319,k5r,False,False,10,"1,2,3,4,5,6,7,8,9,10",0.008539944887161255
aff11_wu25k_absq3_m128_seed1,11,x,61,7.308121183528771e-11,True,10,10,11,0.9191946167337839,True,0.2003065799460691,M9l,0.2851119312215865,k1l,False,False,10,"1,2,3,4,5,6,7,8,9,10",0.008539944887161255
aff11_wu25k_absq3_m128_seed1,11,x,62,6.030906990279734e-11,True,10,10,11,0.8861390067991444,False,0.15410673383613788,M8r,0.24998390457245573,k5l,False,False,0,,0.008539944887161255
aff11_wu25k_absq3_m128_seed1,11,x,63,6.192254015655645e-11,True,10,10,11,0.9302108957694324,True,0.15649503557071553,M4l,0.21700610596501543,k3r,False,False,10,"1,2,3,4,5,6,7,8,9,10",0.008539944887161255
aff11_wu25k_absq3_m128_seed1,11,x,64,6.722223278934281e-11,True,10,10,11,0.9277601376400055,True,0.1963153017463354,M2r,0.29181965934503185,k5r,False,False,10,"1,2,3,4,5,6,7,8,9,10",0.008539944887161255
aff11_wu25k_absq3_m128_seed1,11,x,65,5.633584467769086e-11,True,10,10,11,0.930413271486201,True,0.1898682146027727,M0l,0.3203822578787757,k4r,False,False,10,"1,2,3,4,5,6,7,8,9,10",0.008539944887161255
aff11_wu25k_absq3_m128_seed1,11,x,66,5.8118890350038266e-11,True,10,10,11,0.8702919031716134,False,0.1455993675071015,M4l,0.2801906593043684,k1r,False,False,0,,0.008539944887161255
aff11_wu25k_absq3_m128_seed1,11,x,67,5.8152854431051624e-11,True,10,10,11,0.9462050468307419,True,0.14662203075777716,M4r,0.31354416789050416,k5r,False,False,10,"1,2,3,4,5,6,7,8,9,10",0.008539944887161255
aff11_wu25k_absq3_m128_seed1,11,x,68,7.243325350638358e-11,True,10,10,11,0.9494169105427956,True,0.17048164128859877,M3l,0.24976075311095008,k1l,False,False,10,"1,2,3,4,5,6,7,8,9,10",0.008539944887161255
aff11_wu25k_absq3_m128_seed1,11,x,69,7.201631493366787e-11,True,10,10,11,0.9255568317174513,True,0.2259333900126201,M2r,0.2689765853122432,k2r,False,False,10,"1,2,3,4,5,6,7,8,9,10",0.008539944887161255
aff11_wu25k_absq3_m128_seed1,11,x,70,5.807611938733683e-11,True,10,10,11,0.9304484789815552,True,0.19167206309967483,M8l,0.36410401083949495,k2r,False,False,10,"1,2,3,4,5,6,7,8,9,10",0.008539944887161255
aff11_wu25k_absq3_m128_seed1,11,x,71,4.885961409379158e-11,True,10,10,11,0.8634281477764845,False,0.19071995301063657,M3l,0.24486683917043314,k2r,False,False,0,,0.008539944887161255
aff11_wu25k_absq3_m128_seed1,11,x,72,6.372940497018627e-11,True,10,10,11,0.9746518523327178,True,0.16064781540921333,M10l,0.32496095728887825,k1r,False,False,10,"1,2,3,4,5,6,7,8,9,10",0.008539944887161255
aff11_wu25k_absq3_m128_seed1,11,x,73,6.297164920878564e-11,True,10,10,11,0.9634469420086574,True,0.1731164245675959,M5l,0.2556004589477872,k3l,False,False,10,"1,2,3,4,5,6,7,8,9,10",0.008539944887161255
aff11_wu25k_absq3_m128_seed1,11,x,74,6.178678215595819e-11,True,10,10,11,0.9406502644910496,True,0.22002530402875217,M3l,0.30383029894830427,k4r,False,False,10,"1,2,3,4,5,6,7,8,9,10",0.008539944887161255
aff11_wu25k_absq3_m128_seed1,11,x,75,5.796490767510385e-11,True,10,10,11,0.9536997959931108,True,0.17984649894244528,M7r,0.33256793394410156,k4l,False,False,10,"1,2,3,4,5,6,7,8,9,10",0.008539944887161255
aff11_wu25k_absq3_m128_seed1,11,x,76,5.077822546755749e-11,True,10,10,11,0.9050564216209781,True,0.14159173204324346,M8l,0.2432301608385522,k5r,False,False,10,"1,2,3,4,5,6,7,8,9,10",0.008539944887161255
aff11_wu25k_absq3_m128_seed1,11,x,77,5.0376141370288073e-11,True,10,10,11,0.9300988677389818,True,0.1979047379201203,M5r,0.2708201493775309,k4r,False,False,10,"1,2,3,4,5,6,7,8,9,10",0.008539944887161255
aff11_wu25k_absq3_m128_seed1,11,x,78,7.287931045871532e-11,True,10,10,11,0.9428917034266041,True,0.18873296473315807,M4l,0.2583882276221165,k2l,False,False,10,"1,2,3,4,5,6,7,8,9,10",0.008539944887161255
aff11_wu25k_absq3_m128_seed1,11,x,79,7.935255389738312e-11,True,10,10,11,0.9433376696929217,True,0.16681020257510012,M6r,0.24685617492437933,k3l,False,False,10,"1,2,3,4,5,6,7,8,9,10",0.008539944887161255
aff11_wu25k_absq3_m128_seed1,11,x,80,8.39753401712967e-11,True,10,10,11,0.8907343045569972,False,0.17385297713932282,M2r,0.28945946391730437,k5l,False,False,0,,0.008539944887161255
aff11_wu25k_absq3_m128_seed1,11,x,81,7.624547340003218e-11,True,10,10,11,0.8710491508618344,False,0.17818468015946984,M9l,0.25981809815786755,k2r,False,False,0,,0.008539944887161255
aff11_wu25k_absq3_m128_seed1,11,x,82,5.550910830360434e-11,True,10,10,11,0.9523285973702326,True,0.23291804630606264,M2r,0.28325335542917535,k3l,False,False,10,"1,2,3,4,5,6,7,8,9,10",0.008539944887161255
aff11_wu25k_absq3_m128_seed1,11,x,83,5.824431203833303e-11,True,10,10,11,0.8722698167060435,False,0.18734820090828708,M0l,0.28102045566333655,k3r,False,False,0,,0.008539944887161255
aff11_wu25k_absq3_m128_seed1,11,x,84,5.7385871495948566e-11,True,10,10,11,0.9193249068908655,True,0.20550141978785952,M2r,0.24689161898215792,k2l,False,False,10,"1,2,3,4,5,6,7,8,9,10",0.008539944887161255
aff11_wu25k_absq3_m128_seed1,11,x,85,7.321782794987581e-11,True,10,10,11,0.8893105057171549,False,0.210106810418432,M7l,0.2698078450961875,k5r,False,False,0,,0.008539944887161255
aff11_wu25k_absq3_m128_seed1,11,x,86,4.5110552079018924e-11,True,10,10,11,0.9351350203836797,True,0.14191317275552295,M7l,0.28495279383916133,k5r,False,False,10,"1,2,3,4,5,6,7,8,9,10",0.008539944887161255
aff11_wu25k_absq3_m128_seed1,11,x,87,5.450283626479232e-11,True,10,10,11,0.9079505984241819,True,0.19115655875915816,M9r,0.3314277518809492,k2r,False,False,10,"1,2,3,4,5,6,7,8,9,10",0.008539944887161255
aff11_wu25k_absq3_m128_seed1,11,x,88,5.361193773584041e-11,True,10,10,11,0.7932054812261762,False,0.23017550659084565,M7l,0.25476700291019855,k5r,False,False,0,,0.008539944887161255
aff11_wu25k_absq3_m128_seed1,11,x,89,6.361460058140327e-11,True,10,10,11,0.9376263236296117,True,0.18681089276672128,M7r,0.25813682743713984,k1r,False,False,10,"1,2,3,4,5,6,7,8,9,10",0.008539944887161255
aff11_wu25k_absq3_m128_seed1,11,x,90,5.277039059740984e-11,True,10,10,11,0.7884851520063595,False,0.17666767497340283,M0r,0.2763223938316157,k1l,False,False,0,,0.008539944887161255
aff11_wu25k_absq3_m128_seed1,11,x,91,6.74613523897966e-11,True,10,10,11,0.8780523734004159,False,0.19015966620251296,M8r,0.2809158702751615,k2l,False,False,0,,0.008539944887161255
aff11_wu25k_absq3_m128_seed1,11,x,92,6.062469736059681e-11,True,10,10,11,0.9101675852318248,True,0.1662295010412079,M1l,0.24746151547138479,k2r,False,False,10,"1,2,3,4,5,6,7,8,9,10",0.008539944887161255
aff11_wu25k_absq3_m128_seed1,11,x,93,5.220370920726547e-11,True,10,10,11,0.8810131355474139,False,0.15176967770342845,M6l,0.24729798253609866,k2l,False,False,0,,0.008539944887161255
aff11_wu25k_absq3_m128_seed1,11,x,94,6.157230786256494e-11,True,10,10,11,0.9047216363176791,True,0.14843324697733565,M3r,0.26315395991265006,k5l,False,False,10,"1,2,3,4,5,6,7,8,9,10",0.008539944887161255
aff11_wu25k_absq3_m128_seed1,11,x,95,5.5283472413151884e-11,True,10,10,11,0.9536509848756745,True,0.19509404525051272,M1l,0.29826526838423323,k3l,False,False,10,"1,2,3,4,5,6,7,8,9,10",0.008539944887161255
aff11_wu25k_absq3_m128_seed1,11,x,96,6.092812524121482e-11,True,10,10,11,0.9543228956031519,True,0.17873194720613667,M9l,0.26523095783464423,k3r,False,False,10,"1,2,3,4,5,6,7,8,9,10",0.008539944887161255
aff11_wu25k_absq3_m128_seed1,11,x,97,6.482486906976777e-11,True,10,10,11,0.8499546592058306,False,0.1505325505183698,M7r,0.2378961261671756,k2l,False,False,0,,0.008539944887161255
aff11_wu25k_absq3_m128_seed1,11,x,98,7.070101824283265e-11,True,10,10,11,0.9367309635777251,True,0.1449472095069191,M5r,0.3352792201018942,k1l,False,False,10,"1,2,3,4,5,6,7,8,9,10",0.008539944887161255
aff11_wu25k_absq3_m128_seed1,11,x,99,5.619070420969483e-11,True,10,10,11,0.8613020296564825,False,0.1959180364473507,M10l,0.25413965410833267,k4r,False,False,0,,0.008539944887161255
aff11_wu25k_absq3_m128_seed1,11,x,100,7.433252492139063e-11,True,10,10,11,0.9259954017193465,True,0.19341933369472325,M8l,0.25813258369898484,k4l,False,False,10,"1,2,3,4,5,6,7,8,9,10",0.008539944887161255
aff11_wu25k_absq3_m128_seed1,11,x,101,6.32567165630931e-11,True,10,10,11,0.9489628632219167,True,0.18071444986817262,M5l,0.24510087007226924,k4r,False,False,10,"1,2,3,4,5,6,7,8,9,10",0.008539944887161255
aff11_wu25k_absq3_m128_seed1,11,x,102,5.303257675000315e-11,True,10,10,11,0.9144975084899387,True,0.21124053081705643,M5r,0.27370003056209047,k1l,False,False,10,"1,2,3,4,5,6,7,8,9,10",0.008539944887161255
aff11_wu25k_absq3_m128_seed1,11,x,103,6.239799689918677e-11,True,10,10,11,0.9448242774653772,True,0.16967780650943698,M2l,0.310268443702971,k3r,False,False,10,"1,2,3,4,5,6,7,8,9,10",0.008539944887161255
aff11_wu25k_absq3_m128_seed1,11,x,104,7.899651347103912e-11,True,10,10,11,0.8755443183423216,False,0.223311950848012,M1l,0.2749173635462126,k2l,False,False,0,,0.008539944887161255
aff11_wu25k_absq3_m128_seed1,11,x,105,7.381093309537435e-11,True,10,10,11,0.8969387191813032,False,0.17563297234362885,M0r,0.27058183823110454,k3l,False,False,0,,0.008539944887161255
aff11_wu25k_absq3_m128_seed1,11,x,106,7.332126067129869e-11,True,10,10,11,0.9176861149640257,True,0.18248276829983393,M7r,0.23463451438666225,k2l,False,False,10,"1,2,3,4,5,6,7,8,9,10",0.008539944887161255
aff11_wu25k_absq3_m128_seed1,11,x,107,6.112608511933627e-11,True,10,10,11,0.9083174347056255,True,0.1507494560259293,M3l,0.24493573490529832,k5r,False,False,10,"1,2,3,4,5,6,7,8,9,10",0.008539944887161255
aff11_wu25k_absq3_m128_seed1,11,x,108,6.942733357838563e-11,True,10,10,11,0.9250047094105828,True,0.21091046980926184,M4r,0.298317488040038,k3r,False,False,10,"1,2,3,4,5,6,7,8,9,10",0.008539944887161255
aff11_wu25k_absq3_m128_seed1,11,x,109,7.00379969624545e-11,True,10,10,11,0.893704528870776,False,0.20317121437951155,M4r,0.2574429348122348,k1l,False,False,0,,0.008539944887161255
aff11_wu25k_absq3_m128_seed1,11,x,110,5.3956034085479e-11,True,10,10,11,0.8953796260116429,False,0.17537276942783656,M2r,0.273785823583434,k1l,False,False,0,,0.008539944887161255
aff11_wu25k_absq3_m128_seed1,11,x,111,7.79764945558116e-11,True,10,10,11,0.8468311712560751,False,0.15660665779343855,M3l,0.2792103902102622,k4l,False,False,0,,0.008539944887161255
aff11_wu25k_absq3_m128_seed1,11,x,112,6.126039658738343e-11,True,10,10,11,0.9033220760463383,True,0.24221603367032887,M2l,0.3101739221249504,k5r,False,False,10,"1,2,3,4,5,6,7,8,9,10",0.008539944887161255
aff11_wu25k_absq3_m128_seed1,11,x,113,5.816566339499367e-11,True,10,10,11,0.9366908065802172,True,0.15712059141191456,M5l,0.263047957249365,k3r,False,False,10,"1,2,3,4,5,6,7,8,9,10",0.008539944887161255
aff11_wu25k_absq3_m128_seed1,11,x,114,5.821508675547941e-11,True,10,10,11,0.9109257950103189,True,0.16245875260070353,M7r,0.23454063937263694,k5r,False,False,10,"1,2,3,4,5,6,7,8,9,10",0.008539944887161255
aff11_wu25k_absq3_m128_seed1,11,x,115,6.212567003392804e-11,True,10,10,11,0.8452872556416122,False,0.17061075174621923,M5l,0.2417127499694414,k4l,False,False,0,,0.008539944887161255
aff11_wu25k_absq3_m128_seed1,11,x,116,7.633956836722212e-11,True,10,10,11,0.9249918411268034,True,0.16332434314868172,M0r,0.24871488115652257,k3l,False,False,10,"1,2,3,4,5,6,7,8,9,10",0.008539944887161255
aff11_wu25k_absq3_m128_seed1,11,x,117,6.547599463605263e-11,True,10,10,11,0.9184956131606787,True,0.21458131136720357,M5l,0.27969245982856944,k2l,False,False,10,"1,2,3,4,5,6,7,8,9,10",0.008539944887161255
aff11_wu25k_absq3_m128_seed1,11,x,118,7.912004904743876e-11,True,10,10,11,0.8343962968030407,False,0.16415101339555693,M2r,0.2936473946467515,k4l,False,False,0,,0.008539944887161255
aff11_wu25k_absq3_m128_seed1,11,x,119,8.147815853245968e-11,True,10,10,11,0.7988332001057837,False,0.12922186240639466,M0r,0.25250791718186716,k5l,False,False,0,,0.008539944887161255
aff11_wu25k_absq3_m128_seed1,11,x,120,6.89446191525523e-11,True,10,10,11,0.9566684084070628,True,0.2155224354592495,M0l,0.34827472976130475,k1l,False,False,10,"1,2,3,4,5,6,7,8,9,10",0.008539944887161255
aff11_wu25k_absq3_m128_seed1,11,x,121,6.076267177914108e-11,True,10,10,11,0.9113780054033757,True,0.16277652142508187,M1r,0.28733577662383114,k2l,False,False,10,"1,2,3,4,5,6,7,8,9,10",0.008539944887161255
aff11_wu25k_absq3_m128_seed1,11,x,122,5.5387128219416635e-11,True,10,10,11,0.9508700476476606,True,0.16900662603788605,M4l,0.2906201021259149,k3l,False,False,10,"1,2,3,4,5,6,7,8,9,10",0.008539944887161255
aff11_wu25k_absq3_m128_seed1,11,x,123,5.837781225542381e-11,True,10,10,11,0.9091017106063801,True,0.168271863871946,M2r,0.250567955947444,k1l,False,False,10,"1,2,3,4,5,6,7,8,9,10",0.008539944887161255
aff11_wu25k_absq3_m128_seed1,11,x,124,5.632669183365421e-11,True,10,10,11,0.936588713685342,True,0.18039547358184535,M2l,0.30851904357899484,k5r,False,False,10,"1,2,3,4,5,6,7,8,9,10",0.008539944887161255
aff11_wu25k_absq3_m128_seed1,11,x,125,6.897106958719124e-11,True,10,10,11,0.9073874144567565,True,0.1661770683829604,M8l,0.23098669575021813,k3r,False,False,10,"1,2,3,4,5,6,7,8,9,10",0.008539944887161255
aff11_wu25k_absq3_m128_seed1,11,x,126,5.884812390690562e-11,True,10,10,11,0.9098597081059324,True,0.15683849760794805,M9l,0.24539973407475452,k2r,False,False,10,"1,2,3,4,5,6,7,8,9,10",0.008539944887161255
aff11_wu25k_absq3_m128_seed1,11,x,127,7.584134959769556e-11,True,10,10,11,0.9030299938213618,True,0.17743796868975537,M8r,0.253671951235282,k5r,False,False,10,"1,2,3,4,5,6,7,8,9,10",0.008539944887161255
aff11_wu25k_absq3_m128_seed1,11,y,0,6.473913190455144e-11,True,10,10,11,0.9565433353740617,True,0.2222180090886026,M10l,0.3799949607756726,k3r,False,False,10,"1,2,3,4,5,6,7,8,9,10",0.008539944887161255
aff11_wu25k_absq3_m128_seed1,11,y,1,7.244547580166669e-11,True,10,10,11,0.8693889380797596,False,0.1579261130211758,M6r,0.22735403606491789,k1l,False,False,0,,0.008539944887161255
aff11_wu25k_absq3_m128_seed1,11,y,2,5.8025499815172533e-11,True,10,10,11,0.9344381439604335,True,0.22449454596759322,M10r,0.2640043750181718,k4l,False,False,10,"1,2,3,4,5,6,7,8,9,10",0.008539944887161255
aff11_wu25k_absq3_m128_seed1,11,y,3,6.13868851397182e-11,True,10,10,11,0.9309122063472921,True,0.15071050061263125,M7r,0.2746349687861101,k4l,False,False,10,"1,2,3,4,5,6,7,8,9,10",0.008539944887161255
aff11_wu25k_absq3_m128_seed1,11,y,4,6.41391291226306e-11,True,10,10,11,0.9020418480214472,True,0.17932658668146836,M0l,0.2778873187561191,k4l,False,False,10,"1,2,3,4,5,6,7,8,9,10",0.008539944887161255
aff11_wu25k_absq3_m128_seed1,11,y,5,5.431910221088027e-11,True,10,10,11,0.8860241811627599,False,0.17364129578016183,M8r,0.23737195329322888,k2l,False,False,0,,0.008539944887161255
aff11_wu25k_absq3_m128_seed1,11,y,6,5.835281028195624e-11,True,10,10,11,0.8920480511417124,False,0.15562659176345917,M2r,0.2608207795811567,k4r,False,False,0,,0.008539944887161255
aff11_wu25k_absq3_m128_seed1,11,y,7,6.565403297065651e-11,True,10,10,11,0.9380892623064421,True,0.1393570960735942,M8r,0.24056172700119244,k3r,False,False,10,"1,2,3,4,5,6,7,8,9,10",0.008539944887161255
aff11_wu25k_absq3_m128_seed1,11,y,8,5.891760060910124e-11,True,10,10,11,0.9265604019917604,True,0.13165328931197134,M0l,0.22912854044969522,k4l,False,False,10,"1,2,3,4,5,6,7,8,9,10",0.008539944887161255
aff11_wu25k_absq3_m128_seed1,11,y,9,5.025783511199047e-11,True,10,10,11,0.781083034377058,False,0.1289490367250141,M1l,0.21828935490072635,k2l,False,False,0,,0.008539944887161255
aff11_wu25k_absq3_m128_seed1,11,y,10,5.723188011589075e-11,True,10,10,11,0.9114607691836544,True,0.16296876476852207,M10l,0.269524495393429,k4r,False,False,10,"1,2,3,4,5,6,7,8,9,10",0.008539944887161255
aff11_wu25k_absq3_m128_seed1,11,y,11,5.3611074455793826e-11,True,10,10,11,0.9414968393967614,True,0.21736963329395417,M9l,0.23883979280509252,k4r,False,False,10,"1,2,3,4,5,6,7,8,9,10",0.008539944887161255
aff11_wu25k_absq3_m128_seed1,11,y,12,8.244466324048321e-11,True,10,10,11,0.9375423350700399,True,0.15675606824478244,M7l,0.25847340780815437,k4l,False,False,10,"1,2,3,4,5,6,7,8,9,10",0.008539944887161255
aff11_wu25k_absq3_m128_seed1,11,y,13,6.713594098463675e-11,True,10,10,11,0.9310082364177783,True,0.15782311016840367,M1r,0.26194189058947986,k2r,False,False,10,"1,2,3,4,5,6,7,8,9,10",0.008539944887161255
aff11_wu25k_absq3_m128_seed1,11,y,14,6.444559160938737e-11,True,10,10,11,0.916583053359073,True,0.1929479940696677,M5l,0.3330562963657985,k3r,False,False,10,"1,2,3,4,5,6,7,8,9,10",0.008539944887161255
aff11_wu25k_absq3_m128_seed1,11,y,15,6.935786688361433e-11,True,10,10,11,0.8449502438787478,False,0.22489345877944222,M4l,0.19216444976618868,k2r,False,False,0,,0.008539944887161255
aff11_wu25k_absq3_m128_seed1,11,y,16,7.351438513741726e-11,True,10,10,11,0.9432581970189794,True,0.19792545384585308,M5l,0.3009276974483111,k5r,False,False,10,"1,2,3,4,5,6,7,8,9,10",0.008539944887161255
aff11_wu25k_absq3_m128_seed1,11,y,17,7.163499855717502e-11,True,10,10,11,0.8914243879560603,False,0.20636597919408503,M4r,0.2476262324453091,k4r,False,False,0,,0.008539944887161255
aff11_wu25k_absq3_m128_seed1,11,y,18,6.932453372006901e-11,True,10,10,11,0.9333338932445613,True,0.16929401266500796,M8r,0.23924833048402896,k5l,False,False,10,"1,2,3,4,5,6,7,8,9,10",0.008539944887161255
aff11_wu25k_absq3_m128_seed1,11,y,19,5.502879215382847e-11,True,10,10,11,0.908361306195879,True,0.15009696914556134,M10l,0.2546181965084773,k5r,False,False,10,"1,2,3,4,5,6,7,8,9,10",0.008539944887161255
aff11_wu25k_absq3_m128_seed1,11,y,20,5.631134624020166e-11,True,10,10,11,0.9276665735982325,True,0.21100891511676595,M1l,0.2712422649449967,k4r,False,False,10,"1,2,3,4,5,6,7,8,9,10",0.008539944887161255
aff11_wu25k_absq3_m128_seed1,11,y,21,4.7710927569567426e-11,True,10,10,11,0.9474928239357902,True,0.19877927164558057,M1l,0.3078714530829595,k2r,False,False,10,"1,2,3,4,5,6,7,8,9,10",0.008539944887161255
aff11_wu25k_absq3_m128_seed1,11,y,22,7.740071247126984e-11,True,10,10,11,0.9304647279421143,True,0.1826252461139371,M0r,0.2982768174345502,k3l,False,False,10,"1,2,3,4,5,6,7,8,9,10",0.008539944887161255
aff11_wu25k_absq3_m128_seed1,11,y,23,7.109740522861415e-11,True,10,10,11,0.9158651420203329,True,0.16351501309643654,M5r,0.2701535311598742,k1l,False,False,10,"1,2,3,4,5,6,7,8,9,10",0.008539944887161255
aff11_wu25k_absq3_m128_seed1,11,y,24,6.132444870933388e-11,True,10,10,11,0.9655892296391101,True,0.1880006787889748,M6r,0.2721208444415212,k3r,False,False,10,"1,2,3,4,5,6,7,8,9,10",0.008539944887161255
aff11_wu25k_absq3_m128_seed1,11,y,25,7.623223968792072e-11,True,10,10,11,0.913762808720571,True,0.1692972752718973,M3l,0.2781496978451554,k3r,False,False,10,"1,2,3,4,5,6,7,8,9,10",0.008539944887161255
aff11_wu25k_absq3_m128_seed1,11,y,26,7.104049044348724e-11,True,10,10,11,0.8746509037024686,False,0.13532393532655498,M1l,0.2884244266805408,k1l,False,False,0,,0.008539944887161255
aff11_wu25k_absq3_m128_seed1,11,y,27,6.312270699018363e-11,True,10,10,11,0.9501199764797855,True,0.16564095704675905,M10r,0.26837355728863743,k4l,False,False,10,"1,2,3,4,5,6,7,8,9,10",0.008539944887161255
aff11_wu25k_absq3_m128_seed1,11,y,28,6.487315746494779e-11,True,10,10,11,0.9284458305211574,True,0.15434186338570632,M5r,0.27192740527094295,k1l,False,False,10,"1,2,3,4,5,6,7,8,9,10",0.008539944887161255
aff11_wu25k_absq3_m128_seed1,11,y,29,6.760829206352734e-11,True,10,10,11,0.9288792088127285,True,0.19367338002956566,M6r,0.2994000081100483,k5r,False,False,10,"1,2,3,4,5,6,7,8,9,10",0.008539944887161255
aff11_wu25k_absq3_m128_seed1,11,y,30,6.971201391268886e-11,True,10,10,11,0.9286945655047203,True,0.1326363404222544,M1l,0.24288678073096914,k2l,False,False,10,"1,2,3,4,5,6,7,8,9,10",0.008539944887161255
aff11_wu25k_absq3_m128_seed1,11,y,31,8.066021084313138e-11,True,10,10,11,0.9116868327464915,True,0.13932431764824363,M6l,0.2776041211460248,k3l,False,False,10,"1,2,3,4,5,6,7,8,9,10",0.008539944887161255
aff11_wu25k_absq3_m128_seed1,11,y,32,7.899434400242195e-11,True,10,10,11,0.9523979537992335,True,0.15138368982761286,M1r,0.31150288830369816,k5l,False,False,10,"1,2,3,4,5,6,7,8,9,10",0.008539944887161255
aff11_wu25k_absq3_m128_seed1,11,y,33,8.589793247729533e-11,True,10,10,11,0.9461329119045879,True,0.18933356206763316,M3r,0.3078067985566693,k1l,False,False,10,"1,2,3,4,5,6,7,8,9,10",0.008539944887161255
aff11_wu25k_absq3_m128_seed1,11,y,34,6.923409167907816e-11,True,10,10,11,0.9482861352949384,True,0.15811944771561326,M6r,0.2745034965164624,k5r,False,False,10,"1,2,3,4,5,6,7,8,9,10",0.008539944887161255
aff11_wu25k_absq3_m128_seed1,11,y,35,5.601881549438226e-11,True,10,10,11,0.951867745983534,True,0.20125045532130656,M8r,0.25573493343308096,k4l,False,False,10,"1,2,3,4,5,6,7,8,9,10",0.008539944887161255
aff11_wu25k_absq3_m128_seed1,11,y,36,7.556238131492692e-11,True,10,10,11,0.9409138312786282,True,0.18846537340428648,M2r,0.2950428180147015,k4l,False,False,10,"1,2,3,4,5,6,7,8,9,10",0.008539944887161255
aff11_wu25k_absq3_m128_seed1,11,y,37,5.583861379976728e-11,True,10,10,11,0.9417239685495583,True,0.14371238641660244,M5r,0.22939539395571837,k2r,False,False,10,"1,2,3,4,5,6,7,8,9,10",0.008539944887161255
aff11_wu25k_absq3_m128_seed1,11,y,38,5.5490427891370204e-11,True,10,10,11,0.8685634579830508,False,0.19949286308273692,M6l,0.23020972011511112,k3r,False,False,0,,0.008539944887161255
aff11_wu25k_absq3_m128_seed1,11,y,39,6.05066652965066e-11,True,10,10,11,0.9442413711808157,True,0.15309182354074588,M2l,0.2701740699609045,k2r,False,False,10,"1,2,3,4,5,6,7,8,9,10",0.008539944887161255
aff11_wu25k_absq3_m128_seed1,11,y,40,6.272216053600277e-11,True,10,10,11,0.9246163082438935,True,0.1591281352818408,M10r,0.27927488211734025,k3l,False,False,10,"1,2,3,4,5,6,7,8,9,10",0.008539944887161255
aff11_wu25k_absq3_m128_seed1,11,y,41,5.1204409257669404e-11,True,10,10,11,0.9448736525541171,True,0.21328154251032902,M0r,0.2956251553315895,k2r,False,False,10,"1,2,3,4,5,6,7,8,9,10",0.008539944887161255
aff11_wu25k_absq3_m128_seed1,11,y,42,9.092081382568722e-11,True,10,10,11,0.9121191276590249,True,0.18381262983328547,M2l,0.3241189984874695,k1l,False,False,10,"1,2,3,4,5,6,7,8,9,10",0.008539944887161255
aff11_wu25k_absq3_m128_seed1,11,y,43,6.310969577333082e-11,True,10,10,11,0.9590487497587871,True,0.21022802556337689,M4r,0.24118605960293057,k5l,False,False,10,"1,2,3,4,5,6,7,8,9,10",0.008539944887161255
aff11_wu25k_absq3_m128_seed1,11,y,44,7.342700289275797e-11,True,10,10,11,0.946072819416488,True,0.17354012754884146,M7r,0.2749173685463488,k4r,False,False,10,"1,2,3,4,5,6,7,8,9,10",0.008539944887161255
aff11_wu25k_absq3_m128_seed1,11,y,45,4.812500810271439e-11,True,10,10,11,0.9607828333088388,True,0.2153373711160535,M9r,0.2757114818522789,k4r,False,False,10,"1,2,3,4,5,6,7,8,9,10",0.008539944887161255
aff11_wu25k_absq3_m128_seed1,11,y,46,5.106559315915705e-11,True,10,10,11,0.9695155928932748,True,0.21165495818011953,M3l,0.2789295258264176,k3l,False,False,10,"1,2,3,4,5,6,7,8,9,10",0.008539944887161255
aff11_wu25k_absq3_m128_seed1,11,y,47,4.690050874847359e-11,True,10,10,11,0.8892570138944399,False,0.185599341880398,M6l,0.29421768793177655,k5r,False,False,0,,0.008539944887161255
aff11_wu25k_absq3_m128_seed1,11,y,48,7.583398882117798e-11,True,10,10,11,0.9209936301565431,True,0.21174379997510165,M4l,0.2531709410137994,k2l,False,False,10,"1,2,3,4,5,6,7,8,9,10",0.008539944887161255
aff11_wu25k_absq3_m128_seed1,11,y,49,6.730149642662917e-11,True,10,10,11,0.8746220753660552,False,0.17704483369780963,M3r,0.22327083497477088,k3r,False,False,0,,0.008539944887161255
aff11_wu25k_absq3_m128_seed1,11,y,50,5.320361011451836e-11,True,10,10,11,0.9108112513644543,True,0.21383029112698343,M3r,0.31887546200529593,k5l,False,False,10,"1,2,3,4,5,6,7,8,9,10",0.008539944887161255
aff11_wu25k_absq3_m128_seed1,11,y,51,4.9753144474342006e-11,True,10,10,11,0.8782746682918333,False,0.18678308181757564,M2r,0.22050917518207305,k4r,False,False,0,,0.008539944887161255
aff11_wu25k_absq3_m128_seed1,11,y,52,6.753388436514696e-11,True,10,10,11,0.9447530228478719,True,0.16123634127755848,M10l,0.2603921187418177,k1r,False,False,10,"1,2,3,4,5,6,7,8,9,10",0.008539944887161255
aff11_wu25k_absq3_m128_seed1,11,y,53,7.243708748669635e-11,True,10,10,11,0.9315241144332101,True,0.26468567225654854,M4l,0.2669789423834513,k5l,False,False,10,"1,2,3,4,5,6,7,8,9,10",0.008539944887161255
aff11_wu25k_absq3_m128_seed1,11,y,54,7.417039886056207e-11,True,10,10,11,0.9429208181465284,True,0.1818358518584861,M2r,0.2528947301972924,k1l,False,False,10,"1,2,3,4,5,6,7,8,9,10",0.008539944887161255
aff11_wu25k_absq3_m128_seed1,11,y,55,6.318611931959752e-11,True,10,10,11,0.9431602207311692,True,0.14857785893603637,M2r,0.2682464094444468,k4l,False,False,10,"1,2,3,4,5,6,7,8,9,10",0.008539944887161255
aff11_wu25k_absq3_m128_seed1,11,y,56,7.138907759240745e-11,True,10,10,11,0.8977167267831242,False,0.1508307516523931,M4r,0.2565786833174714,k2r,False,False,0,,0.008539944887161255
aff11_wu25k_absq3_m128_seed1,11,y,57,5.89711769027986e-11,True,10,10,11,0.8855875898856617,False,0.1520323054313708,M10r,0.2313444307513889,k5r,False,False,0,,0.008539944887161255
aff11_wu25k_absq3_m128_seed1,11,y,58,5.020485690646188e-11,True,10,10,11,0.843912258888324,False,0.17047648682661334,M2r,0.3225747715259971,k1r,False,False,0,,0.008539944887161255
aff11_wu25k_absq3_m128_seed1,11,y,59,7.196510192037236e-11,True,10,10,11,0.9776624345249294,True,0.18028575891203547,M7r,0.3436902616576282,k2r,False,False,10,"1,2,3,4,5,6,7,8,9,10",0.008539944887161255
aff11_wu25k_absq3_m128_seed1,11,y,60,4.777810369165833e-11,True,10,10,11,0.9120837258651738,True,0.16319494411945815,M7l,0.2901625180896631,k2r,False,False,10,"1,2,3,4,5,6,7,8,9,10",0.008539944887161255
aff11_wu25k_absq3_m128_seed1,11,y,61,6.606106834961427e-11,True,10,10,11,0.9433801800526063,True,0.1450421647565901,M8r,0.37636176236212626,k4l,False,False,10,"1,2,3,4,5,6,7,8,9,10",0.008539944887161255
aff11_wu25k_absq3_m128_seed1,11,y,62,5.3751449680955583e-11,True,10,10,11,0.913887892950104,True,0.15479896260792586,M6r,0.25106025892559847,k3l,False,False,10,"1,2,3,4,5,6,7,8,9,10",0.008539944887161255
aff11_wu25k_absq3_m128_seed1,11,y,63,7.732002311931636e-11,True,10,10,11,0.9416470031730173,True,0.16754428221277012,M1r,0.2567103655821915,k3l,False,False,10,"1,2,3,4,5,6,7,8,9,10",0.008539944887161255
aff11_wu25k_absq3_m128_seed1,11,y,64,9.376695883650235e-11,True,10,10,11,0.9484536743709812,True,0.2076406629029558,M10r,0.34539758606696375,k3l,False,False,10,"1,2,3,4,5,6,7,8,9,10",0.008539944887161255
aff11_wu25k_absq3_m128_seed1,11,y,65,7.009743060424059e-11,True,10,10,11,0.906252516315751,True,0.16477214596668843,M6r,0.26297948614049144,k2l,False,False,10,"1,2,3,4,5,6,7,8,9,10",0.008539944887161255
aff11_wu25k_absq3_m128_seed1,11,y,66,7.034222728578277e-11,True,10,10,11,0.8751284283929547,False,0.18823011872247364,M9l,0.23397496697233275,k2l,False,False,0,,0.008539944887161255
aff11_wu25k_absq3_m128_seed1,11,y,67,7.144575521502686e-11,True,10,10,11,0.8174640147093626,False,0.14556011631138624,M2r,0.24446596470364373,k2l,False,False,0,,0.008539944887161255
aff11_wu25k_absq3_m128_seed1,11,y,68,6.080276277156258e-11,True,10,10,11,0.8855356913717612,False,0.1646809278509231,M7l,0.35426137159667825,k4r,False,False,0,,0.008539944887161255
aff11_wu25k_absq3_m128_seed1,11,y,69,6.247430045203027e-11,True,10,10,11,0.871146750565241,False,0.1627793886415702,M8l,0.2976065655954595,k5l,False,False,0,,0.008539944887161255
aff11_wu25k_absq3_m128_seed1,11,y,70,6.738546245927719e-11,True,10,10,11,0.9274861091676596,True,0.23930987937982343,M1r,0.3306012251875694,k5r,False,False,10,"1,2,3,4,5,6,7,8,9,10",0.008539944887161255
aff11_wu25k_absq3_m128_seed1,11,y,71,6.065174870228893e-11,True,10,10,11,0.9415923611905845,True,0.2188018546315717,M6l,0.31895181080677204,k2r,False,False,10,"1,2,3,4,5,6,7,8,9,10",0.008539944887161255
aff11_wu25k_absq3_m128_seed1,11,y,72,7.397422733268104e-11,True,10,10,11,0.8491581705160056,False,0.16710455829319004,M7l,0.25973273124898694,k2r,False,False,0,,0.008539944887161255
aff11_wu25k_absq3_m128_seed1,11,y,73,6.052600592596782e-11,True,10,10,11,0.9393506750373934,True,0.17382175764460708,M1l,0.24309196707252895,k2l,False,False,10,"1,2,3,4,5,6,7,8,9,10",0.008539944887161255
aff11_wu25k_absq3_m128_seed1,11,y,74,7.340389458439113e-11,True,10,10,11,0.9170038696919016,True,0.21866251131773426,M10r,0.24072155316018767,k2l,False,False,10,"1,2,3,4,5,6,7,8,9,10",0.008539944887161255
aff11_wu25k_absq3_m128_seed1,11,y,75,5.6321667245640826e-11,True,10,10,11,0.968726764577117,True,0.19859185739796772,M2r,0.23381445422665714,k3r,False,False,10,"1,2,3,4,5,6,7,8,9,10",0.008539944887161255
aff11_wu25k_absq3_m128_seed1,11,y,76,5.0446556125445274e-11,True,10,10,11,0.9090741171096237,True,0.1883617664215549,M1r,0.29790428387900064,k5r,False,False,10,"1,2,3,4,5,6,7,8,9,10",0.008539944887161255
aff11_wu25k_absq3_m128_seed1,11,y,77,7.804972648344897e-11,True,10,10,11,0.9336965525728166,True,0.17881418831736326,M0r,0.2246262703414584,k1r,False,False,10,"1,2,3,4,5,6,7,8,9,10",0.008539944887161255
aff11_wu25k_absq3_m128_seed1,11,y,78,4.8207901049640605e-11,True,10,10,11,0.9175878628202179,True,0.1558408957834763,M3l,0.2618578147612316,k3l,False,False,10,"1,2,3,4,5,6,7,8,9,10",0.008539944887161255
aff11_wu25k_absq3_m128_seed1,11,y,79,5.193970966028714e-11,True,10,10,11,0.8346728758899559,False,0.1592091004146219,M5l,0.23174316204355633,k4l,False,False,0,,0.008539944887161255
aff11_wu25k_absq3_m128_seed1,11,y,80,6.470132309306497e-11,True,10,10,11,0.9732728613136038,True,0.14413299701870538,M5l,0.29986761789760197,k4l,False,False,10,"1,2,3,4,5,6,7,8,9,10",0.008539944887161255
aff11_wu25k_absq3_m128_seed1,11,y,81,7.247602175269525e-11,True,10,10,11,0.9090632624004507,True,0.18345371702894656,M10r,0.2604279377114027,k1r,False,False,10,"1,2,3,4,5,6,7,8,9,10",0.008539944887161255
aff11_wu25k_absq3_m128_seed1,11,y,82,6.511059503844026e-11,True,10,10,11,0.9315872381868744,True,0.26741820988892806,M6r,0.26690807936929545,k2r,False,False,10,"1,2,3,4,5,6,7,8,9,10",0.008539944887161255
aff11_wu25k_absq3_m128_seed1,11,y,83,5.4142168700156397e-11,True,10,10,11,0.8917371671291205,False,0.12157673880305836,M9l,0.2794955454868962,k4l,False,False,0,,0.008539944887161255
aff11_wu25k_absq3_m128_seed1,11,y,84,7.032567219544471e-11,True,10,10,11,0.8855665171662291,False,0.1624510604171006,M8l,0.250843418676398,k5r,False,False,0,,0.008539944887161255
aff11_wu25k_absq3_m128_seed1,11,y,85,6.868286664234145e-11,True,10,10,11,0.9470980666779327,True,0.21775263591679864,M0r,0.3063938588585196,k5l,False,False,10,"1,2,3,4,5,6,7,8,9,10",0.008539944887161255
aff11_wu25k_absq3_m128_seed1,11,y,86,6.80294127006022e-11,True,10,10,11,0.9626614386279944,True,0.15753418261417337,M6r,0.2739359947346557,k2r,False,False,10,"1,2,3,4,5,6,7,8,9,10",0.008539944887161255
aff11_wu25k_absq3_m128_seed1,11,y,87,6.146922999547189e-11,True,10,10,11,0.8684239967904721,False,0.17040642581366547,M0r,0.2615836843908149,k2l,False,False,0,,0.008539944887161255
aff11_wu25k_absq3_m128_seed1,11,y,88,5.006027035697486e-11,True,10,10,11,0.9676603648059339,True,0.20348968732589973,M6l,0.23811090934261545,k3r,False,False,10,"1,2,3,4,5,6,7,8,9,10",0.008539944887161255
aff11_wu25k_absq3_m128_seed1,11,y,89,6.530511840545645e-11,True,10,10,11,0.9253017454219984,True,0.18877419357968528,M2l,0.27063881115737226,k5l,False,False,10,"1,2,3,4,5,6,7,8,9,10",0.008539944887161255
aff11_wu25k_absq3_m128_seed1,11,y,90,6.017626034978789e-11,True,10,10,11,0.8356742774095512,False,0.15969302499263796,M3l,0.24829311704032106,k1l,False,False,0,,0.008539944887161255
aff11_wu25k_absq3_m128_seed1,11,y,91,6.683184465120336e-11,True,10,10,11,0.9544805839019315,True,0.22074681985897562,M9l,0.33682877094765185,k1l,False,False,10,"1,2,3,4,5,6,7,8,9,10",0.008539944887161255
aff11_wu25k_absq3_m128_seed1,11,y,92,5.998327363529396e-11,True,10,10,11,0.9576820231715643,True,0.1661557240742076,M10r,0.3163630499082357,k5l,False,False,10,"1,2,3,4,5,6,7,8,9,10",0.008539944887161255
aff11_wu25k_absq3_m128_seed1,11,y,93,5.089161747699385e-11,True,10,10,11,0.9297641151248273,True,0.1630099106371992,M6r,0.24303942849084276,k3r,False,False,10,"1,2,3,4,5,6,7,8,9,10",0.008539944887161255
aff11_wu25k_absq3_m128_seed1,11,y,94,7.10420541675012e-11,True,10,10,11,0.941408095195932,True,0.16364966701487305,M1r,0.24923541068519944,k4r,False,False,10,"1,2,3,4,5,6,7,8,9,10",0.008539944887161255
aff11_wu25k_absq3_m128_seed1,11,y,95,7.625892982556868e-11,True,10,10,11,0.9160484967534861,True,0.171333034963503,M2r,0.29847180445800453,k5r,False,False,10,"1,2,3,4,5,6,7,8,9,10",0.008539944887161255
aff11_wu25k_absq3_m128_seed1,11,y,96,6.145890207190945e-11,True,10,10,11,0.8942034535285749,False,0.15187207945540465,M5r,0.263813289716378,k3l,False,False,0,,0.008539944887161255
aff11_wu25k_absq3_m128_seed1,11,y,97,6.649051288611883e-11,True,10,10,11,0.9404063271888573,True,0.17086657119936505,M9r,0.32344303941668445,k3l,False,False,10,"1,2,3,4,5,6,7,8,9,10",0.008539944887161255
aff11_wu25k_absq3_m128_seed1,11,y,98,5.436088281461843e-11,True,10,10,11,0.925774453760528,True,0.1765610457492938,M1l,0.29463744605829995,k3l,False,False,10,"1,2,3,4,5,6,7,8,9,10",0.008539944887161255
aff11_wu25k_absq3_m128_seed1,11,y,99,4.805023720004011e-11,True,10,10,11,0.948727420780372,True,0.19829719294234485,M5l,0.24980580251787862,k5l,False,False,10,"1,2,3,4,5,6,7,8,9,10",0.008539944887161255
aff11_wu25k_absq3_m128_seed1,11,y,100,6.310274058922233e-11,True,10,10,11,0.9177129398319054,True,0.19916733227809116,M10l,0.22790497625244807,k5l,False,False,10,"1,2,3,4,5,6,7,8,9,10",0.008539944887161255
aff11_wu25k_absq3_m128_seed1,11,y,101,5.851281392777594e-11,True,10,10,11,0.9211900990227565,True,0.17463608278884302,M10r,0.24014470107201688,k2r,False,False,10,"1,2,3,4,5,6,7,8,9,10",0.008539944887161255
aff11_wu25k_absq3_m128_seed1,11,y,102,5.453651469366832e-11,True,10,10,11,0.9176849307568115,True,0.1396928151034953,M5l,0.25684614579341464,k2l,False,False,10,"1,2,3,4,5,6,7,8,9,10",0.008539944887161255
aff11_wu25k_absq3_m128_seed1,11,y,103,5.584575895451417e-11,True,10,10,11,0.941749052235464,True,0.19328130685350098,M4r,0.31158078777906606,k5r,False,False,10,"1,2,3,4,5,6,7,8,9,10",0.008539944887161255
aff11_wu25k_absq3_m128_seed1,11,y,104,6.81103388186246e-11,True,10,10,11,0.9329118817179571,True,0.15260429813746007,M2l,0.3529415748769236,k2l,False,False,10,"1,2,3,4,5,6,7,8,9,10",0.008539944887161255
aff11_wu25k_absq3_m128_seed1,11,y,105,7.439408018463236e-11,True,10,10,11,0.9162718674996752,True,0.1643249971252701,M1l,0.2717964301624536,k5l,False,False,10,"1,2,3,4,5,6,7,8,9,10",0.008539944887161255
aff11_wu25k_absq3_m128_seed1,11,y,106,6.31583697802151e-11,True,10,10,11,0.781459610960562,False,0.15049868144453002,M0r,0.2408128197131422,k2l,False,False,0,,0.008539944887161255
aff11_wu25k_absq3_m128_seed1,11,y,107,5.382733645453085e-11,True,10,10,11,0.9343569561232593,True,0.1510777571501592,M3r,0.284193498841786,k4l,False,False,10,"1,2,3,4,5,6,7,8,9,10",0.008539944887161255
aff11_wu25k_absq3_m128_seed1,11,y,108,5.1299295707605684e-11,True,10,10,11,0.9112755680128367,True,0.1751383206867008,M10r,0.2655559073901728,k5r,False,False,10,"1,2,3,4,5,6,7,8,9,10",0.008539944887161255
aff11_wu25k_absq3_m128_seed1,11,y,109,7.815980366407362e-11,True,10,10,11,0.943311640896688,True,0.18817485198206665,M0l,0.28429633044976804,k1r,False,False,10,"1,2,3,4,5,6,7,8,9,10",0.008539944887161255
aff11_wu25k_absq3_m128_seed1,11,y,110,6.609123406645974e-11,True,10,10,11,0.8807541467915626,False,0.1504534814438748,M9r,0.21483905381871662,k2l,False,False,0,,0.008539944887161255
aff11_wu25k_absq3_m128_seed1,11,y,111,6.126511106643854e-11,True,10,10,11,0.8507975876117349,False,0.17673323296976026,M5l,0.246998005190254,k3l,False,False,0,,0.008539944887161255
aff11_wu25k_absq3_m128_seed1,11,y,112,6.145731815137407e-11,True,10,10,11,0.9180807490230813,True,0.1875093969337843,M7l,0.2787617878669102,k4l,False,False,10,"1,2,3,4,5,6,7,8,9,10",0.008539944887161255
aff11_wu25k_absq3_m128_seed1,11,y,113,5.0061225441167567e-11,True,10,10,11,0.8923197447876913,False,0.20260628527742128,M4r,0.2970003344777403,k5l,False,False,0,,0.008539944887161255
aff11_wu25k_absq3_m128_seed1,11,y,114,5.97046284956645e-11,True,10,10,11,0.9506834958136481,True,0.1601771899287973,M6r,0.2531818078447752,k5l,False,False,10,"1,2,3,4,5,6,7,8,9,10",0.008539944887161255
aff11_wu25k_absq3_m128_seed1,11,y,115,6.883219042601515e-11,True,10,10,11,0.9762433394608908,True,0.17410264048703056,M1r,0.2528384110399611,k4r,False,False,10,"1,2,3,4,5,6,7,8,9,10",0.008539944887161255
aff11_wu25k_absq3_m128_seed1,11,y,116,5.687994619427244e-11,True,10,10,11,0.9668946054109773,True,0.19199112374269384,M0r,0.2506493906618336,k4l,False,False,10,"1,2,3,4,5,6,7,8,9,10",0.008539944887161255
aff11_wu25k_absq3_m128_seed1,11,y,117,6.628966160413976e-11,True,10,10,11,0.9242368493161697,True,0.16637277421071403,M0l,0.2922869053454796,k2l,False,False,10,"1,2,3,4,5,6,7,8,9,10",0.008539944887161255
aff11_wu25k_absq3_m128_seed1,11,y,118,6.101300966367474e-11,True,10,10,11,0.9342245950556092,True,0.19110954093102467,M6l,0.2962945977631817,k2l,False,False,10,"1,2,3,4,5,6,7,8,9,10",0.008539944887161255
aff11_wu25k_absq3_m128_seed1,11,y,119,7.138361120533253e-11,True,10,10,11,0.9409624875371422,True,0.14586112392811745,M10l,0.24203817439133898,k1l,False,False,10,"1,2,3,4,5,6,7,8,9,10",0.008539944887161255
aff11_wu25k_absq3_m128_seed1,11,y,120,5.905829884975588e-11,True,10,10,11,0.9533063842606777,True,0.2057026592850121,M1l,0.3315684271954707,k3r,False,False,10,"1,2,3,4,5,6,7,8,9,10",0.008539944887161255
aff11_wu25k_absq3_m128_seed1,11,y,121,6.460329875464178e-11,True,10,10,11,0.9003845483062805,True,0.16384887214773503,M1r,0.23464678136208547,k5r,False,False,10,"1,2,3,4,5,6,7,8,9,10",0.008539944887161255
aff11_wu25k_absq3_m128_seed1,11,y,122,6.42125636400705e-11,True,10,10,11,0.9266749364334899,True,0.1703597393925964,M9r,0.28976624067224116,k3r,False,False,10,"1,2,3,4,5,6,7,8,9,10",0.008539944887161255
aff11_wu25k_absq3_m128_seed1,11,y,123,5.592487084855691e-11,True,10,10,11,0.8992382589464412,False,0.1997160765793787,M3r,0.29764679410715256,k5l,False,False,0,,0.008539944887161255
aff11_wu25k_absq3_m128_seed1,11,y,124,7.072586729378432e-11,True,10,10,11,0.8857839946684152,False,0.24361015773829936,M4l,0.2987872946445734,k1r,False,False,0,,0.008539944887161255
aff11_wu25k_absq3_m128_seed1,11,y,125,5.955975788304636e-11,True,10,10,11,0.9389028422314598,True,0.2431352594783666,M3l,0.23881832881361387,k5l,False,False,10,"1,2,3,4,5,6,7,8,9,10",0.008539944887161255
aff11_wu25k_absq3_m128_seed1,11,y,126,6.584609038430027e-11,True,10,10,11,0.9632922742294553,True,0.19367488631066013,M3r,0.3057603150300883,k4r,False,False,10,"1,2,3,4,5,6,7,8,9,10",0.008539944887161255
aff11_wu25k_absq3_m128_seed1,11,y,127,5.098101523176005e-11,True,10,10,11,0.909304317164296,True,0.19548034177959106,M9l,0.28766565821436985,k4l,False,False,10,"1,2,3,4,5,6,7,8,9,10",0.008539944887161255
aff11_wu50k_absq2_m128_seed1,11,x,0,81.25029963541651,True,10,10,11,0.9989062779135577,True,0.6800853498107705,M0r,0.4976137132384744,k3r,False,False,10,"1,2,3,4,5,6,7,8,9,10",0.9892562031745911
aff11_wu50k_absq2_m128_seed1,11,x,1,76.68086115313282,True,10,10,11,0.9930820278832045,True,0.4853979282345353,M6r,0.4821052575783987,k2r,False,False,10,"1,2,3,4,5,6,7,8,9,10",0.9892562031745911
aff11_wu50k_absq2_m128_seed1,11,x,2,94.07938454821196,True,10,10,11,0.9992233119611179,True,0.4230195496193669,M5r,0.8312330047349984,k4r,False,False,10,"1,2,3,4,5,6,7,8,9,10",0.9892562031745911
aff11_wu50k_absq2_m128_seed1,11,x,3,64.8688822071286,True,10,10,11,0.9934584303793652,True,0.3619789859103099,M7r,0.8701047667276407,k5r,False,False,10,"1,2,3,4,5,6,7,8,9,10",0.9892562031745911
aff11_wu50k_absq2_m128_seed1,11,x,4,82.14459834205114,True,10,10,11,0.9977085740624185,True,0.33687377501588767,M8r,0.8053404217954707,k1r,False,False,10,"1,2,3,4,5,6,7,8,9,10",0.9892562031745911
aff11_wu50k_absq2_m128_seed1,11,x,5,71.76268942244451,True,10,10,11,0.991393254500321,True,0.5447054862125397,M6r,0.4276258207119191,k2r,False,False,10,"1,2,3,4,5,6,7,8,9,10",0.9892562031745911
aff11_wu50k_absq2_m128_seed1,11,x,6,1.6377406234818133e-05,True,10,10,11,0.8786148917105833,False,0.4947199652147003,M2r,0.49266545337713974,k5r,False,False,0,,0.9892562031745911
aff11_wu50k_absq2_m128_seed1,11,x,7,81.02201604510601,True,10,10,11,0.9967727979891556,True,0.3323472035855453,M7r,0.9384499220607446,k4r,False,True,2,"4,7",0.9892562031745911
aff11_wu50k_absq2_m128_seed1,11,x,8,1.3549162559479822e-05,True,10,10,11,0.9124150232670065,True,0.2834646170500216,M1l,0.36859838373965903,k4r,False,False,10,"1,2,3,4,5,6,7,8,9,10",0.9892562031745911
aff11_wu50k_absq2_m128_seed1,11,x,9,213.98102202431357,True,5,1,0,0.49667049793848345,False,0.0007729239999591508,M9l,0.0014760881555527744,k4r,False,False,0,,0.9892562031745911
aff11_wu50k_absq2_m128_seed1,11,x,10,85.10101254853444,True,10,10,11,0.9968779406659137,True,0.3356456557228806,M5r,0.892724951972671,k4r,False,False,10,"1,2,3,4,5,6,7,8,9,10",0.9892562031745911
aff11_wu50k_absq2_m128_seed1,11,x,11,208.95756276313827,True,5,1,0,0.49494142540864416,False,0.0008141004878957688,M9r,0.0013539753330099155,k4r,False,False,0,,0.9892562031745911
aff11_wu50k_absq2_m128_seed1,11,x,12,71.88419482999336,True,10,10,11,0.9976044249816705,True,0.39241464789898994,M7r,0.39523315680712634,k3r,False,False,10,"1,2,3,4,5,6,7,8,9,10",0.9892562031745911
aff11_wu50k_absq2_m128_seed1,11,x,13,82.13735343313941,True,10,10,11,0.9980780992342794,True,0.3330601804265413,M10r,0.6653548568146672,k1r,False,False,10,"1,2,3,4,5,6,7,8,9,10",0.9892562031745911
aff11_wu50k_absq2_m128_seed1,11,x,14,70.90056702312006,True,10,10,11,0.9981684339127674,True,0.3560932335078712,M2r,0.5346407403334967,k5r,False,False,10,"1,2,3,4,5,6,7,8,9,10",0.9892562031745911
aff11_wu50k_absq2_m128_seed1,11,x,15,79.45728549341923,True,10,10,11,0.9987402948727595,True,0.35634095147223455,M10r,0.5697937095552564,k1r,False,False,10,"1,2,3,4,5,6,7,8,9,10",0.9892562031745911
aff11_wu50k_absq2_m128_seed1,11,x,16,9.519978234975712e-06,True,10,10,11,0.7155225658191517,False,0.31562161010956286,M3r,0.22896249613479952,k3r,False,False,0,,0.9892562031745911
aff11_wu50k_absq2_m128_seed1,11,x,17,67.48564278941339,True,10,10,11,0.9959557589105829,True,0.6021869833945882,M0r,0.2972966142162275,k5r,False,False,10,"1,2,3,4,5,6,7,8,9,10",0.9892562031745911
aff11_wu50k_absq2_m128_seed1,11,x,18,76.60489692714881,True,10,10,11,0.9955852333387508,True,0.3914626679811192,M4r,0.7086151275559125,k3r,False,False,10,"1,2,3,4,5,6,7,8,9,10",0.9892562031745911
aff11_wu50k_absq2_m128_seed1,11,x,19,1.3832010085366962e-05,True,10,10,11,0.4643113226903559,False,0.17149357446139432,M5r,0.3783278512955174,k4r,False,False,0,,0.9892562031745911
aff11_wu50k_absq2_m128_seed1,11,x,20,76.73514043928148,True,10,10,11,0.9975211125643425,True,0.40303512697607036,M6r,0.4485715800237413,k2r,False,False,10,"1,2,3,4,5,6,7,8,9,10",0.9892562031745911
aff11_wu50k_absq2_m128_seed1,11,x,21,84.58701074825073,True,10,10,11,0.9967376556964245,True,0.3858194809365452,M3r,0.6226054337828505,k5r,False,False,10,"1,2,3,4,5,6,7,8,9,10",0.9892562031745911
aff11_wu50k_absq2_m128_seed1,11,x,22,5.6934896615201895e-06,True,10,10,11,0.6200211096110448,False,0.2509879199658907,M6r,0.36195556895357683,k1r,False,False,0,,0.9892562031745911
aff11_wu50k_absq2_m128_seed1,11,x,23,75.70843634061971,True,10,10,11,0.9930296802674901,True,0.3834915417697027,M2r,0.3446117872926743,k5r,False,False,10,"1,2,3,4,5,6,7,8,9,10",0.9892562031745911
aff11_wu50k_absq2_m128_seed1,11,x,24,69.74132847552086,True,10,10,11,0.9984059649589959,True,0.34955304372617046,M4r,0.7396466091410223,k3r,False,False,10,"1,2,3,4,5,6,7,8,9,10",0.9892562031745911
aff11_wu50k_absq2_m128_seed1,11,x,25,74.95227225736413,True,10,10,11,0.9989315965574522,True,0.4551474143706337,M2r,0.6091161290287821,k5r,False,False,10,"1,2,3,4,5,6,7,8,9,10",0.9892562031745911
aff11_wu50k_absq2_m128_seed1,11,x,26,81.28565969215876,True,10,10,11,0.9951823323261735,True,0.31195188972144217,M1l,0.7602544897787844,k5r,False,False,10,"1,2,3,4,5,6,7,8,9,10",0.9892562031745911
aff11_wu50k_absq2_m128_seed1,11,x,27,89.247275720563,True,10,10,11,0.9988595693732534,True,0.3155127529134471,M1l,0.9146059538329647,k1r,False,True,2,"1,10",0.9892562031745911
aff11_wu50k_absq2_m128_seed1,11,x,28,73.25685587183521,True,10,10,11,0.9962902108343997,True,0.5175588954051903,M6r,0.41572730236288646,k2r,False,False,10,"1,2,3,4,5,6,7,8,9,10",0.9892562031745911
aff11_wu50k_absq2_m128_seed1,11,x,29,85.52121772614605,True,10,10,11,0.9936796185997014,True,0.3556456853868767,M10r,0.4677267285870733,k4r,False,False,10,"1,2,3,4,5,6,7,8,9,10",0.9892562031745911
aff11_wu50k_absq2_m128_seed1,11,x,30,92.8933275927622,True,10,10,11,0.9985307785667773,True,0.5491066270667923,M8r,0.628822067600822,k1r,False,False,10,"1,2,3,4,5,6,7,8,9,10",0.9892562031745911
aff11_wu50k_absq2_m128_seed1,11,x,31,76.87672791046103,True,10,10,11,0.9969919506310352,True,0.3904239572619772,M3r,0.516476436987391,k3r,False,False,10,"1,2,3,4,5,6,7,8,9,10",0.9892562031745911
aff11_wu50k_absq2_m128_seed1,11,x,32,85.14955248715037,True,10,10,11,0.9964805806421785,True,0.40136940970917023,M3r,0.6554650824094957,k5r,False,False,10,"1,2,3,4,5,6,7,8,9,10",0.9892562031745911
aff11_wu50k_absq2_m128_seed1,11,x,33,1.7379098149792046e-05,True,10,10,11,0.5400226005849076,False,0.27139889065894063,M2r,0.19205840879048916,k4r,False,False,0,,0.9892562031745911
aff11_wu50k_absq2_m128_seed1,11,x,34,80.64340301996374,True,10,10,11,0.9985948266977992,True,0.3884299006774671,M7r,0.9268591039787833,k4r,False,True,2,"4,7",0.9892562031745911
aff11_wu50k_absq2_m128_seed1,11,x,35,2.3579802917773832e-05,True,10,10,11,0.8667020845961103,False,0.31834556048904894,M8r,0.441555617476629,k4r,False,False,0,,0.9892562031745911
aff11_wu50k_absq2_m128_seed1,11,x,36,1.6009659820002352e-05,True,10,10,11,0.905680306983227,True,0.6343362484082674,M5r,0.35903604190805555,k5r,False,False,10,"1,2,3,4,5,6,7,8,9,10",0.9892562031745911
aff11_wu50k_absq2_m128_seed1,11,x,37,80.62573400129993,True,10,10,11,0.9958461366125559,True,0.3175716349365085,M1l,0.951303854848659,k4r,False,True,2,"4,7",0.9892562031745911
aff11_wu50k_absq2_m128_seed1,11,x,38,89.80335411807877,True,10,10,11,0.9993909119182621,True,0.5023167542197126,M5r,0.6473371565386672,k4r,False,False,10,"1,2,3,4,5,6,7,8,9,10",0.9892562031745911
aff11_wu50k_absq2_m128_seed1,11,x,39,65.61326132409104,True,10,10,11,0.9963191185270198,True,0.33306158161058824,M4r,0.7547375713819445,k3r,False,False,10,"1,2,3,4,5,6,7,8,9,10",0.9892562031745911
aff11_wu50k_absq2_m128_seed1,11,x,40,5.43570022252524e-06,True,10,10,11,0.8233186602191002,False,0.2626497274599883,M1l,0.5836451073133392,k3r,False,False,0,,0.9892562031745911
aff11_wu50k_absq2_m128_seed1,11,x,41,84.93391267237658,True,10,10,11,0.9961511796766958,True,0.34050214403996715,M7r,0.9407144573685293,k4r,False,True,2,"4,7",0.9892562031745911
aff11_wu50k_absq2_m128_seed1,11,x,42,75.17719775060137,True,10,10,11,0.9951270713758168,True,0.46904550513461263,M6r,0.37610674777533953,k2r,False,False,10,"1,2,3,4,5,6,7,8,9,10",0.9892562031745911
aff11_wu50k_absq2_m128_seed1,11,x,43,87.44927237800775,True,10,10,11,0.9970129907758541,True,0.4923884997377349,M0r,0.7181255128175601,k3r,False,False,10,"1,2,3,4,5,6,7,8,9,10",0.9892562031745911
aff11_wu50k_absq2_m128_seed1,11,x,44,79.57560346749267,True,10,10,11,0.9991439055792998,True,0.5258346905625567,M2r,0.5329825875505708,k5r,False,False,10,"1,2,3,4,5,6,7,8,9,10",0.9892562031745911
aff11_wu50k_absq2_m128_seed1,11,x,45,83.1008637336835,True,10,10,11,0.9960316818922395,True,0.32851341865263645,M3r,0.6997171291976301,k5r,False,False,10,"1,2,3,4,5,6,7,8,9,10",0.9892562031745911
aff11_wu50k_absq2_m128_seed1,11,x,46,75.43246206646064,True,10,10,11,0.996037002668582,True,0.39811778730274655,M7r,0.4416611987548695,k3r,False,False,10,"1,2,3,4,5,6,7,8,9,10",0.9892562031745911
aff11_wu50k_absq2_m128_seed1,11,x,47,74.1580550646269,True,10,10,11,0.996541363192678,True,0.3889330064388362,M7r,0.923890676475257,k4r,False,True,2,"4,7",0.9892562031745911
aff11_wu50k_absq2_m128_seed1,11,x,48,76.02330341761066,True,10,10,11,0.9977784570940668,True,0.47889478167125366,M6r,0.4490698981630856,k2r,False,False,10,"1,2,3,4,5,6,7,8,9,10",0.9892562031745911
aff11_wu50k_absq2_m128_seed1,11,x,49,74.39753738094412,True,10,10,11,0.9970684637484446,True,0.4508262011382097,M2r,0.5390561757745552,k5r,False,False,10,"1,2,3,4,5,6,7,8,9,10",0.9892562031745911
aff11_wu50k_absq2_m128_seed1,11,x,50,6.684339598289787e-06,True,10,10,11,0.5511190143847964,False,0.18505948816574544,M1l,0.3215220348540576,k4r,False,False,0,,0.9892562031745911
aff11_wu50k_absq2_m128_seed1,11,x,51,68.21327348243723,True,10,10,11,0.9887887136364097,True,0.32426721715366685,M1r,0.4998647360439796,k3r,False,False,10,"1,2,3,4,5,6,7,8,9,10",0.9892562031745911
aff11_wu50k_absq2_m128_seed1,11,x,52,95.73032070582903,True,10,10,11,0.9988963494216796,True,0.5901199469764548,M8r,0.5855988305281608,k1r,False,False,10,"1,2,3,4,5,6,7,8,9,10",0.9892562031745911
aff11_wu50k_absq2_m128_seed1,11,x,53,236.6496967183662,True,3,1,0,0.4937068366211306,False,0.0008569146487826387,M1r,0.0018238652070200008,k4r,False,False,0,,0.9892562031745911
aff11_wu50k_absq2_m128_seed1,11,x,54,81.34577215307259,True,10,10,11,0.9978443077280577,True,0.62311089628485,M0r,0.43277015595357493,k3r,False,False,10,"1,2,3,4,5,6,7,8,9,10",0.9892562031745911
aff11_wu50k_absq2_m128_seed1,11,x,55,81.6106425869654,True,10,10,11,0.9972258028385096,True,0.3285655796328447,M3r,0.6817866618348833,k5r,False,False,10,"1,2,3,4,5,6,7,8,9,10",0.9892562031745911
aff11_wu50k_absq2_m128_seed1,11,x,56,94.1721087344558,True,10,10,11,0.9990839483038662,True,0.542171056430674,M8r,0.6608710283374152,k1r,False,False,10,"1,2,3,4,5,6,7,8,9,10",0.9892562031745911
aff11_wu50k_absq2_m128_seed1,11,x,57,84.3058674208869,True,10,10,11,0.9990958763797284,True,0.3836071040044892,M7r,0.9425557555048836,k4r,False,True,2,"4,7",0.9892562031745911
aff11_wu50k_absq2_m128_seed1,11,x,58,84.51070208205334,True,10,10,11,0.9985451261931311,True,0.3089762680184825,M1l,0.782633090734489,k1r,False,False,10,"1,2,3,4,5,6,7,8,9,10",0.9892562031745911
aff11_wu50k_absq2_m128_seed1,11,x,59,89.48522207053364,True,10,10,11,0.9982330776959776,True,0.422762456799303,M5r,0.7154189120204838,k4r,False,False,10,"1,2,3,4,5,6,7,8,9,10",0.9892562031745911
aff11_wu50k_absq2_m128_seed1,11,x,60,84.49588511542169,True,10,10,11,0.9973417803016779,True,0.48358624820097634,M5r,0.5703631949655034,k4r,False,False,10,"1,2,3,4,5,6,7,8,9,10",0.9892562031745911
aff11_wu50k_absq2_m128_seed1,11,x,61,78.97879235176156,True,10,10,11,0.9990586707455458,True,0.37996318042749927,M10r,0.5342057621295183,k1r,False,False,10,"1,2,3,4,5,6,7,8,9,10",0.9892562031745911
aff11_wu50k_absq2_m128_seed1,11,x,62,1.8128059960956962e-05,True,10,10,11,0.9363808388829612,True,0.3232579068020482,M8r,0.7349887053857617,k1r,False,False,10,"1,2,3,4,5,6,7,8,9,10",0.9892562031745911
aff11_wu50k_absq2_m128_seed1,11,x,63,83.16587179356176,True,10,10,11,0.9930128131716225,True,0.4390993920813692,M2r,0.541768984443802,k5r,False,False,10,"1,2,3,4,5,6,7,8,9,10",0.9892562031745911
aff11_wu50k_absq2_m128_seed1,11,x,64,248.79405653755444,True,3,1,0,0.4926222096800796,False,0.0006783227490920304,M8l,0.0015316127939111184,k4r,False,False,0,,0.9892562031745911
aff11_wu50k_absq2_m128_seed1,11,x,65,96.43554516405595,True,10,10,11,0.9964716356829572,True,0.5167429414358614,M8r,0.7129367131552414,k1r,False,False,10,"1,2,3,4,5,6,7,8,9,10",0.9892562031745911
aff11_wu50k_absq2_m128_seed1,11,x,66,1.3382386220086598e-05,True,10,10,11,0.4302671577329625,False,0.13963501318123472,M1l,0.12863322689838996,k1r,False,False,0,,0.9892562031745911
aff11_wu50k_absq2_m128_seed1,11,x,67,6.347260743805625e-06,True,10,10,11,0.7943049280631388,False,0.2441959457153774,M1l,0.3091490378183565,k4r,False,False,0,,0.9892562031745911
aff11_wu50k_absq2_m128_seed1,11,x,68,87.09406644076765,True,10,10,11,0.9889329582622313,True,0.6178897606060404,M8r,0.6009990134077204,k1r,False,False,10,"1,2,3,4,5,6,7,8,9,10",0.9892562031745911
aff11_wu50k_absq2_m128_seed1,11,x,69,1.3882751448446974e-05,True,10,10,11,0.5156970404332383,False,0.1834215915236241,M10r,0.2491816334517248,k3r,False,False,0,,0.9892562031745911
aff11_wu50k_absq2_m128_seed1,11,x,70,75.23698870184379,True,10,10,11,0.9993442119350059,True,0.36942196279301215,M10r,0.47719847642966373,k1r,False,False,10,"1,2,3,4,5,6,7,8,9,10",0.9892562031745911
aff11_wu50k_absq2_m128_seed1,11,x,71,80.59117394536068,True,10,10,11,0.997500568425936,True,0.4213240932772781,M10r,0.6005830849905703,k1r,False,False,10,"1,2,3,4,5,6,7,8,9,10",0.9892562031745911
aff11_wu50k_absq2_m128_seed1,11,x,72,72.80143575748092,True,10,10,11,0.9981647690572871,True,0.6561686339258985,M0r,0.44820753169808913,k3r,False,False,10,"1,2,3,4,5,6,7,8,9,10",0.9892562031745911
aff11_wu50k_absq2_m128_seed1,11,x,73,81.94698163908862,True,10,10,11,0.9979989646909899,True,0.6502788401041575,M0r,0.5514644663476229,k3r,False,False,10,"1,2,3,4,5,6,7,8,9,10",0.9892562031745911
aff11_wu50k_absq2_m128_seed1,11,x,74,87.25723799602298,True,10,10,11,0.9985429098859142,True,0.3446296025385825,M10r,0.5335911571507612,k1r,False,False,10,"1,2,3,4,5,6,7,8,9,10",0.9892562031745911
aff11_wu50k_absq2_m128_seed1,11,x,75,218.91020170623398,True,5,1,0,0.49494112406325136,False,0.0014771074723289954,M6l,0.0016807427215911417,k5r,False,False,0,,0.9892562031745911
aff11_wu50k_absq2_m128_seed1,11,x,76,73.5717996816172,True,10,10,11,0.9989970531752158,True,0.5650714623923201,M6r,0.412007909796088,k2r,False,False,10,"1,2,3,4,5,6,7,8,9,10",0.9892562031745911
aff11_wu50k_absq2_m128_seed1,11,x,77,85.142843278176,True,10,10,11,0.9978683546208921,True,0.5229054780103378,M5r,0.635124695963088,k4r,False,False,10,"1,2,3,4,5,6,7,8,9,10",0.9892562031745911
aff11_wu50k_absq2_m128_seed1,11,x,78,1.4100412477093743e-05,True,10,10,11,0.7134671542338787,False,0.23721713430581462,M1l,0.44892820900010955,k3r,False,False,0,,0.9892562031745911
aff11_wu50k_absq2_m128_seed1,11,x,79,97.48992139973502,True,10,10,11,0.9978813645002059,True,0.5725550169441688,M8r,0.6011424119361126,k1r,False,False,10,"1,2,3,4,5,6,7,8,9,10",0.9892562031745911
aff11_wu50k_absq2_m128_seed1,11,x,80,1.233248839658459e-05,True,10,10,11,0.7474131754967477,False,0.28660817032539765,M8r,0.2898652478820935,k2r,False,False,0,,0.9892562031745911
aff11_wu50k_absq2_m128_seed1,11,x,81,83.1987496924735,True,10,10,11,0.9942256427584563,True,0.30654111184630417,M1l,0.5940478885253453,k1r,False,False,10,"1,2,3,4,5,6,7,8,9,10",0.9892562031745911
aff11_wu50k_absq2_m128_seed1,11,x,82,72.46459358719677,True,10,10,11,0.9991151732686251,True,0.34947346806890983,M8r,0.8431665332458456,k2r,False,False,10,"1,2,3,4,5,6,7,8,9,10",0.9892562031745911
aff11_wu50k_absq2_m128_seed1,11,x,83,191.07997858686653,True,5,1,0,0.49474992954949054,False,0.0008487845153999173,M9r,0.0015486871146132156,k4r,False,False,0,,0.9892562031745911
aff11_wu50k_absq2_m128_seed1,11,x,84,84.33533204539599,True,10,10,11,0.994215751316949,True,0.514113299427839,M0r,0.6519307900506924,k3r,False,False,10,"1,2,3,4,5,6,7,8,9,10",0.9892562031745911
aff11_wu50k_absq2_m128_seed1,11,x,85,73.56791538857082,True,10,10,11,0.9965983631201957,True,0.33837552881202637,M1l,0.8886908144273783,k3r,False,False,10,"1,2,3,4,5,6,7,8,9,10",0.9892562031745911
aff11_wu50k_absq2_m128_seed1,11,x,86,1.3979605342046959e-05,True,10,10,11,0.7061946355293791,False,0.3032403142154844,M3r,0.21371512429571105,k5r,False,False,0,,0.9892562031745911
aff11_wu50k_absq2_m128_seed1,11,x,87,73.07921620416158,True,10,10,11,0.9911898075137512,True,0.325857862502307,M7r,0.41343679173733583,k3r,False,False,10,"1,2,3,4,5,6,7,8,9,10",0.9892562031745911
aff11_wu50k_absq2_m128_seed1,11,x,88,78.74022192047833,True,10,10,11,0.9987704823346321,True,0.34258993137132543,M7r,0.9474785697885946,k4r,False,True,2,"4,7",0.9892562031745911
aff11_wu50k_absq2_m128_seed1,11,x,89,88.03511011023913,True,10,10,11,0.9971433227845922,True,0.3633734978543721,M3r,0.6883907930416352,k5r,False,False,10,"1,2,3,4,5,6,7,8,9,10",0.9892562031745911
aff11_wu50k_absq2_m128_seed1,11,x,90,78.10319182793127,True,10,10,11,0.9959697386656364,True,0.5948496112336181,M0r,0.6320694353966617,k3r,False,False,10,"1,2,3,4,5,6,7,8,9,10",0.9892562031745911
aff11_wu50k_absq2_m128_seed1,11,x,91,2.045027590928805e-05,True,10,10,11,0.9162826969566508,True,0.34469541309428886,M0r,0.4466077004737395,k1r,False,False,10,"1,2,3,4,5,6,7,8,9,10",0.9892562031745911
aff11_wu50k_absq2_m128_seed1,11,x,92,70.2325543407939,True,10,10,11,0.9991911433714867,True,0.5800352220989747,M6r,0.41895207116049754,k2r,False,False,10,"1,2,3,4,5,6,7,8,9,10",0.9892562031745911
aff11_wu50k_absq2_m128_seed1,11,x,93,70.16712717595429,True,10,10,11,0.9995074537618185,True,0.4498807277043075,M7r,0.33533117333986673,k3r,False,False,10,"1,2,3,4,5,6,7,8,9,10",0.9892562031745911
aff11_wu50k_absq2_m128_seed1,11,x,94,76.28995273352962,True,10,10,11,0.9919026520546477,True,0.3802980306684778,M3r,0.44909110070953334,k3r,False,False,10,"1,2,3,4,5,6,7,8,9,10",0.9892562031745911
aff11_wu50k_absq2_m128_seed1,11,x,95,8.73880647392272e-06,True,10,10,11,0.5519123456450941,False,0.18042182646677077,M4r,0.27897087046316704,k5r,False,False,0,,0.9892562031745911
aff11_wu50k_absq2_m128_seed1,11,x,96,97.31103100266303,True,10,10,11,0.9994634227126054,True,0.4682992259438063,M8r,0.8235870885054178,k1r,False,False,10,"1,2,3,4,5,6,7,8,9,10",0.9892562031745911
aff11_wu50k_absq2_m128_seed1,11,x,97,72.7718259909286,True,10,10,11,0.9913989367877276,True,0.5853316340735637,M6r,0.31278306863288957,k2r,False,False,10,"1,2,3,4,5,6,7,8,9,10",0.9892562031745911
aff11_wu50k_absq2_m128_seed1,11,x,98,6.0665373236737396e-06,True,10,10,11,0.643807307229175,False,0.29405681494939756,M8r,0.2888286016244071,k5r,False,False,0,,0.9892562031745911
aff11_wu50k_absq2_m128_seed1,11,x,99,71.40424906735231,True,10,10,11,0.9952509801528949,True,0.32654163240097905,M1l,0.3628575513974198,k3r,False,False,10,"1,2,3,4,5,6,7,8,9,10",0.9892562031745911
aff11_wu50k_absq2_m128_seed1,11,x,100,83.6878333902307,True,10,10,11,0.9975430287172298,True,0.3363337353894032,M3r,0.6974989904383394,k5r,False,False,10,"1,2,3,4,5,6,7,8,9,10",0.9892562031745911
aff11_wu50k_absq2_m128_seed1,11,x,101,76.70154348223663,True,10,10,11,0.991634692660755,True,0.43556548325154265,M2r,0.616331676499679,k5r,False,False,10,"1,2,3,4,5,6,7,8,9,10",0.9892562031745911
aff11_wu50k_absq2_m128_seed1,11,x,102,76.2653087873695,True,10,10,11,0.9964893874492535,True,0.6591499412205539,M0r,0.3534332577719358,k3r,False,False,10,"1,2,3,4,5,6,7,8,9,10",0.9892562031745911
aff11_wu50k_absq2_m128_seed1,11,x,103,84.39363828847073,True,10,10,11,0.999064494509638,True,0.49561463912255066,M5r,0.5326758121859768,k4r,False,False,10,"1,2,3,4,5,6,7,8,9,10",0.9892562031745911
aff11_wu50k_absq2_m128_seed1,11,x,104,89.64123850746938,True,10,10,11,0.9975414983390204,True,0.4721627139544182,M5r,0.6367843228602709,k4r,False,False,10,"1,2,3,4,5,6,7,8,9,10",0.9892562031745911
aff11_wu50k_absq2_m128_seed1,11,x,105,210.15834930388468,True,5,1,0,0.4964810645082014,False,0.0008498910638239695,M4l,0.0017623293713938928,k4r,False,False,0,,0.9892562031745911
aff11_wu50k_absq2_m128_seed1,11,x,106,74.9827087250267,True,10,10,11,0.9949158712186443,True,0.39857313883603757,M2r,0.5606209343587237,k5r,False,False,10,"1,2,3,4,5,6,7,8,9,10",0.9892562031745911
aff11_wu50k_absq2_m128_seed1,11,x,107,73.99593316939537,True,10,10,11,0.9948562486834729,True,0.4257281001213269,M4r,0.7438869163539858,k3r,False,False,10,"1,2,3,4,5,6,7,8,9,10",0.9892562031745911
aff11_wu50k_absq2_m128_seed1,11,x,108,92.57959464966397,True,10,10,11,0.9953981024530401,True,0.5543963700694978,M8r,0.5687272157186982,k1r,False,False,10,"1,2,3,4,5,6,7,8,9,10",0.9892562031745911
aff11_wu50k_absq2_m128_seed1,11,x,109,190.5982423461196,True,5,1,0,0.49557132725930847,False,0.0009237782928222468,M9r,0.0016266347273590565,k4r,False,False,0,,0.9892562031745911
aff11_wu50k_absq2_m128_seed1,11,x,110,89.10109606525205,True,10,10,11,0.9965847688203986,True,0.4746048555606599,M5r,0.7034992576955954,k4r,False,False,10,"1,2,3,4,5,6,7,8,9,10",0.9892562031745911
aff11_wu50k_absq2_m128_seed1,11,x,111,85.03295762873708,True,10,10,11,0.999428457527759,True,0.4535858403119428,M3r,0.644578285373449,k5r,False,False,10,"1,2,3,4,5,6,7,8,9,10",0.9892562031745911
aff11_wu50k_absq2_m128_seed1,11,x,112,74.1362788451222,True,10,10,11,0.999432627455369,True,0.41030932584414487,M2r,0.5138375275094129,k5r,False,False,10,"1,2,3,4,5,6,7,8,9,10",0.9892562031745911
aff11_wu50k_absq2_m128_seed1,11,x,113,77.2920026746766,True,10,10,11,0.9956597654831086,True,0.41511559621157534,M7r,0.9216724886339814,k4r,False,True,2,"4,7",0.9892562031745911
aff11_wu50k_absq2_m128_seed1,11,x,114,97.8173561638723,True,10,10,11,0.9994916687736478,True,0.5011721125200902,M8r,0.7137347891509687,k1r,False,False,10,"1,2,3,4,5,6,7,8,9,10",0.9892562031745911
aff11_wu50k_absq2_m128_seed1,11,x,115,75.49225495712781,True,10,10,11,0.9950013025925175,True,0.36890035097953,M4r,0.7207211752033988,k3r,False,False,10,"1,2,3,4,5,6,7,8,9,10",0.9892562031745911
aff11_wu50k_absq2_m128_seed1,11,x,116,85.84603329663202,True,10,10,11,0.9979524187230915,True,0.42288603379034306,M5r,0.6696718287182258,k4r,False,False,10,"1,2,3,4,5,6,7,8,9,10",0.9892562031745911
aff11_wu50k_absq2_m128_seed1,11,x,117,1.4235276737050898e-05,True,10,10,11,0.6057481919066362,False,0.2595765541180193,M10r,0.26926652981945404,k1r,False,False,0,,0.9892562031745911
aff11_wu50k_absq2_m128_seed1,11,x,118,71.08873561312886,True,10,10,11,0.9957261860775094,True,0.3277815417941715,M1l,0.7276963347612518,k3r,False,False,10,"1,2,3,4,5,6,7,8,9,10",0.9892562031745911
aff11_wu50k_absq2_m128_seed1,11,x,119,84.33959203836,True,10,10,11,0.9967848950552853,True,0.40310276823118346,M3r,0.6542220808749116,k5r,False,False,10,"1,2,3,4,5,6,7,8,9,10",0.9892562031745911
aff11_wu50k_absq2_m128_seed1,11,x,120,69.5857916507859,True,10,10,11,0.9941461971530886,True,0.3686229190298213,M9r,0.754730694233786,k3r,False,False,10,"1,2,3,4,5,6,7,8,9,10",0.9892562031745911
aff11_wu50k_absq2_m128_seed1,11,x,121,70.13135885295698,True,10,10,11,0.998338318524551,True,0.549869671431497,M2r,0.468644793750989,k5r,False,False,10,"1,2,3,4,5,6,7,8,9,10",0.9892562031745911
aff11_wu50k_absq2_m128_seed1,11,x,122,77.2907407941896,True,10,10,11,0.99799129357665,True,0.3173987564021285,M1l,0.9431252224890968,k3r,False,True,2,"3,8",0.9892562031745911
aff11_wu50k_absq2_m128_seed1,11,x,123,77.87513281471986,True,10,10,11,0.9984456575984749,True,0.37726994804952824,M3r,0.5670877566812048,k3r,False,False,10,"1,2,3,4,5,6,7,8,9,10",0.9892562031745911
aff11_wu50k_absq2_m128_seed1,11,x,124,1.20558911217697e-05,True,10,10,11,0.919295408392321,True,0.32057953583096666,M10r,0.6747083400141584,k5r,False,False,10,"1,2,3,4,5,6,7,8,9,10",0.9892562031745911
aff11_wu50k_absq2_m128_seed1,11,x,125,71.22260060137506,True,10,10,11,0.9976348127149285,True,0.3288166009311908,M1l,0.8249718125002349,k3r,False,False,10,"1,2,3,4,5,6,7,8,9,10",0.9892562031745911
aff11_wu50k_absq2_m128_seed1,11,x,126,81.8501505046643,True,10,10,11,0.9972503190756187,True,0.3761983858103765,M7r,0.9360319986348067,k4r,False,True,2,"4,7",0.9892562031745911
aff11_wu50k_absq2_m128_seed1,11,x,127,85.29507380024155,True,10,10,11,0.9992560675157328,True,0.34813451713543075,M3r,0.602821540248092,k5r,False,False,10,"1,2,3,4,5,6,7,8,9,10",0.9892562031745911
aff11_wu50k_absq2_m128_seed1,11,y,0,85.92682282632406,True,10,10,11,0.9976883230099147,True,0.3313479191060736,M8l,0.29381235751472834,k1l,False,False,10,"1,2,3,4,5,6,7,8,9,10",0.9892562031745911
aff11_wu50k_absq2_m128_seed1,11,y,1,77.32386285540326,True,10,10,11,0.9994241714055101,True,0.33175524628073955,M1r,0.5755453230530142,k2l,False,False,10,"1,2,3,4,5,6,7,8,9,10",0.9892562031745911
aff11_wu50k_absq2_m128_seed1,11,y,2,89.90721422801151,True,10,10,11,0.9986108855263974,True,0.4661471917291071,M1l,0.3754236058890914,k2l,False,False,10,"1,2,3,4,5,6,7,8,9,10",0.9892562031745911
aff11_wu50k_absq2_m128_seed1,11,y,3,80.2024637919705,True,10,10,11,0.9975322429473563,True,0.47154068456190745,M6l,0.4213685712298704,k1l,False,False,10,"1,2,3,4,5,6,7,8,9,10",0.9892562031745911
aff11_wu50k_absq2_m128_seed1,11,y,4,82.02179978749336,True,10,10,11,0.9990604622104419,True,0.34485840307218324,M6l,0.4456896481442358,k1l,False,False,10,"1,2,3,4,5,6,7,8,9,10",0.9892562031745911
aff11_wu50k_absq2_m128_seed1,11,y,5,64.56326618879191,True,10,10,11,0.9930174012863232,True,0.4407849145986009,M4l,0.8041001466159253,k5l,False,False,10,"1,2,3,4,5,6,7,8,9,10",0.9892562031745911
aff11_wu50k_absq2_m128_seed1,11,y,6,1.4007649337388444e-05,True,10,10,11,0.8288983648498912,False,0.30334470315848616,M5l,0.33887125329900164,k1l,False,False,0,,0.9892562031745911
aff11_wu50k_absq2_m128_seed1,11,y,7,91.2487538687348,True,10,10,11,0.9989805664753839,True,0.5429899207123553,M1l,0.34678999032856894,k4l,False,False,10,"1,2,3,4,5,6,7,8,9,10",0.9892562031745911
aff11_wu50k_absq2_m128_seed1,11,y,8,8.157049083153572e-06,True,10,10,11,0.5588399310031286,False,0.18047607679062816,M1r,0.4438440395464656,k1l,False,False,0,,0.9892562031745911
aff11_wu50k_absq2_m128_seed1,11,y,9,224.01381375603788,True,5,1,0,0.4962349351803142,False,0.0007693636416252761,M7l,0.0019939542081171603,k1l,False,False,0,,0.9892562031745911
aff11_wu50k_absq2_m128_seed1,11,y,10,85.8509683620748,True,10,10,11,0.999636501920502,True,0.3716541295460979,M9l,0.599923349677408,k1l,False,False,10,"1,2,3,4,5,6,7,8,9,10",0.9892562031745911
aff11_wu50k_absq2_m128_seed1,11,y,11,213.61932287480204,True,5,1,0,0.49551414972069696,False,0.0009377708754789875,M8l,0.0015329919671550239,k1l,False,False,0,,0.9892562031745911
aff11_wu50k_absq2_m128_seed1,11,y,12,80.85010289910024,True,10,10,11,0.9995458647247449,True,0.31339491146688875,M1r,0.4703616704581239,k3l,False,False,10,"1,2,3,4,5,6,7,8,9,10",0.9892562031745911
aff11_wu50k_absq2_m128_seed1,11,y,13,90.13723095821142,True,10,10,11,0.9960881315427593,True,0.5231880412202088,M1l,0.3449423652916559,k4l,False,False,10,"1,2,3,4,5,6,7,8,9,10",0.9892562031745911
aff11_wu50k_absq2_m128_seed1,11,y,14,60.37420572630484,True,10,10,11,0.9937698903871383,True,0.29867873408631984,M1r,0.8980798702681976,k5l,False,False,10,"1,2,3,4,5,6,7,8,9,10",0.9892562031745911
aff11_wu50k_absq2_m128_seed1,11,y,15,80.80307049328205,True,10,10,11,0.9984654338047294,True,0.36898120215572316,M8l,0.27142403336453597,k1l,False,False,10,"1,2,3,4,5,6,7,8,9,10",0.9892562031745911
aff11_wu50k_absq2_m128_seed1,11,y,16,1.04979372683683e-05,True,10,10,11,0.9365392803606621,True,0.31694348721532506,M3l,0.5486771113976411,k4l,False,False,10,"1,2,3,4,5,6,7,8,9,10",0.9892562031745911
aff11_wu50k_absq2_m128_seed1,11,y,17,79.98613841564753,True,10,10,11,0.9924436989490529,True,0.3549552014038037,M10l,0.6047910555716922,k1l,False,False,10,"1,2,3,4,5,6,7,8,9,10",0.9892562031745911
aff11_wu50k_absq2_m128_seed1,11,y,18,86.79157047429031,True,10,10,11,0.9970569345646945,True,0.32741798086286233,M9l,0.628997118540629,k1l,False,False,10,"1,2,3,4,5,6,7,8,9,10",0.9892562031745911
aff11_wu50k_absq2_m128_seed1,11,y,19,6.181721003128452e-06,True,10,10,11,0.7814421236608488,False,0.395895582116754,M3l,0.34285777722382826,k1l,False,False,0,,0.9892562031745911
aff11_wu50k_absq2_m128_seed1,11,y,20,84.38925419587709,True,10,10,11,0.9956865771842317,True,0.36114761541863055,M10l,0.5968570581655739,k1l,False,False,10,"1,2,3,4,5,6,7,8,9,10",0.9892562031745911
aff11_wu50k_absq2_m128_seed1,11,y,21,78.64101461703466,True,10,10,11,0.9969612387585571,True,0.47754574553892887,M5l,0.41288647287140595,k1l,False,False,10,"1,2,3,4,5,6,7,8,9,10",0.9892562031745911
aff11_wu50k_absq2_m128_seed1,11,y,22,8.61050384718185e-06,True,10,10,11,0.8525768850682106,False,0.27727956699256384,M1r,0.33322799755053445,k4l,False,False,0,,0.9892562031745911
aff11_wu50k_absq2_m128_seed1,11,y,23,82.74512871404178,True,10,10,11,0.9990969913310376,True,0.5538013237289746,M7l,0.43688825740188125,k3l,False,False,10,"1,2,3,4,5,6,7,8,9,10",0.9892562031745911
aff11_wu50k_absq2_m128_seed1,11,y,24,78.7951908279334,True,10,10,11,0.996678443249467,True,0.3109965115788586,M1r,0.5441070063521554,k3l,False,False,10,"1,2,3,4,5,6,7,8,9,10",0.9892562031745911
aff11_wu50k_absq2_m128_seed1,11,y,25,74.22264139757971,True,10,10,11,0.998023102493204,True,0.4799307346814443,M0l,0.6271367342417757,k3l,False,False,10,"1,2,3,4,5,6,7,8,9,10",0.9892562031745911
aff11_wu50k_absq2_m128_seed1,11,y,26,82.25562402853873,True,10,10,11,0.9896697520337095,True,0.32041033204411357,M1r,0.45559862034882437,k1l,False,False,10,"1,2,3,4,5,6,7,8,9,10",0.9892562031745911
aff11_wu50k_absq2_m128_seed1,11,y,27,95.88204523727266,True,10,10,11,0.9989756804871301,True,0.3431713622513297,M10l,0.6519849687762437,k1l,False,False,10,"1,2,3,4,5,6,7,8,9,10",0.9892562031745911
aff11_wu50k_absq2_m128_seed1,11,y,28,79.81731225527675,True,10,10,11,0.9922027991677475,True,0.3104421947089175,M1r,0.4776157344784911,k3l,False,False,10,"1,2,3,4,5,6,7,8,9,10",0.9892562031745911
aff11_wu50k_absq2_m128_seed1,11,y,29,85.45875025033489,True,10,10,11,0.9975841068910848,True,0.5258401407129685,M7l,0.4498334449695059,k3l,False,False,10,"1,2,3,4,5,6,7,8,9,10",0.9892562031745911
aff11_wu50k_absq2_m128_seed1,11,y,30,77.46647346141457,True,10,10,11,0.9988772182686275,True,0.5696533404131359,M0l,0.4211578286882439,k3l,False,False,10,"1,2,3,4,5,6,7,8,9,10",0.9892562031745911
aff11_wu50k_absq2_m128_seed1,11,y,31,80.85476076929359,True,10,10,11,0.9986769726533921,True,0.37659392023148386,M3l,0.5848202825294075,k2l,False,False,10,"1,2,3,4,5,6,7,8,9,10",0.9892562031745911
aff11_wu50k_absq2_m128_seed1,11,y,32,83.71775784772359,True,10,10,11,0.9931057298814043,True,0.3700974679856913,M8l,0.3528859921464197,k1l,False,False,10,"1,2,3,4,5,6,7,8,9,10",0.9892562031745911
aff11_wu50k_absq2_m128_seed1,11,y,33,1.8790259856602922e-05,True,10,10,11,0.912345789846235,True,0.619229880164732,M1l,0.33464756915926464,k2l,False,False,10,"1,2,3,4,5,6,7,8,9,10",0.9892562031745911
aff11_wu50k_absq2_m128_seed1,11,y,34,87.25507673038122,True,10,10,11,0.9990442072066108,True,0.4817187778522209,M7l,0.4505986494589576,k3l,False,False,10,"1,2,3,4,5,6,7,8,9,10",0.9892562031745911
aff11_wu50k_absq2_m128_seed1,11,y,35,1.6776925906573275e-05,True,10,10,11,0.9088276178303303,True,0.2960434719106085,M1r,0.4766998651331957,k4l,False,False,10,"1,2,3,4,5,6,7,8,9,10",0.9892562031745911
aff11_wu50k_absq2_m128_seed1,11,y,36,1.2564128049347156e-05,True,10,10,11,0.7157431287605319,False,0.30741550243673965,M0l,0.2884967758983196,k2l,False,False,0,,0.9892562031745911
aff11_wu50k_absq2_m128_seed1,11,y,37,85.12509373147107,True,10,10,11,0.9961011476654542,True,0.42995280846805106,M6l,0.4887895530012319,k1l,False,False,10,"1,2,3,4,5,6,7,8,9,10",0.9892562031745911
aff11_wu50k_absq2_m128_seed1,11,y,38,83.43608371942429,True,10,10,11,0.9951078082586192,True,0.3559138608232413,M2l,0.37375884464575204,k3l,False,False,10,"1,2,3,4,5,6,7,8,9,10",0.9892562031745911
aff11_wu50k_absq2_m128_seed1,11,y,39,69.84954681090082,True,10,10,11,0.9945800543864147,True,0.4765813414817261,M4l,0.44232243345949024,k2l,False,False,10,"1,2,3,4,5,6,7,8,9,10",0.9892562031745911
aff11_wu50k_absq2_m128_seed1,11,y,40,7.115570129831607e-06,True,10,10,11,0.8790059231333123,False,0.2832493718962578,M1r,0.25298599344671197,k3l,False,False,0,,0.9892562031745911
aff11_wu50k_absq2_m128_seed1,11,y,41,93.34356421215362,True,10,10,11,0.9986688324013164,True,0.3324419729400817,M2l,0.6978893488347553,k3l,False,False,10,"1,2,3,4,5,6,7,8,9,10",0.9892562031745911
aff11_wu50k_absq2_m128_seed1,11,y,42,80.58298480639284,True,10,10,11,0.9977339316070377,True,0.38773258277451234,M8l,0.3616970704302203,k1l,False,False,10,"1,2,3,4,5,6,7,8,9,10",0.9892562031745911
aff11_wu50k_absq2_m128_seed1,11,y,43,73.0370065569499,True,10,10,11,0.9953849997925001,True,0.3630825152555284,M4l,0.8842691072566433,k5l,False,False,10,"1,2,3,4,5,6,7,8,9,10",0.9892562031745911
aff11_wu50k_absq2_m128_seed1,11,y,44,83.54853408612958,True,10,10,11,0.9980368633069598,True,0.3991183654667789,M8l,0.3486157793044793,k1l,False,False,10,"1,2,3,4,5,6,7,8,9,10",0.9892562031745911
aff11_wu50k_absq2_m128_seed1,11,y,45,63.321805134545116,True,10,10,11,0.9982748568398692,True,0.3097359465531689,M4l,0.8387464461737661,k5l,False,False,10,"1,2,3,4,5,6,7,8,9,10",0.9892562031745911
aff11_wu50k_absq2_m128_seed1,11,y,46,87.39704896914458,True,10,10,11,0.9941784931820574,True,0.5215366069567263,M1l,0.32895274579116235,k4l,False,False,10,"1,2,3,4,5,6,7,8,9,10",0.9892562031745911
aff11_wu50k_absq2_m128_seed1,11,y,47,79.17523296804464,True,10,10,11,0.9949448961858787,True,0.3245610609098084,M1r,0.41672983722282164,k2l,False,False,10,"1,2,3,4,5,6,7,8,9,10",0.9892562031745911
aff11_wu50k_absq2_m128_seed1,11,y,48,84.37227600480011,True,10,10,11,0.9980286942878518,True,0.5661895819949254,M1l,0.42857035265448984,k4l,False,False,10,"1,2,3,4,5,6,7,8,9,10",0.9892562031745911
aff11_wu50k_absq2_m128_seed1,11,y,49,75.5512792235261,True,10,10,11,0.9970416863633553,True,0.40604084981840843,M4l,0.485093043646504,k2l,False,False,10,"1,2,3,4,5,6,7,8,9,10",0.9892562031745911
aff11_wu50k_absq2_m128_seed1,11,y,50,7.448023908738376e-06,True,10,10,11,0.9688661379125116,True,0.6184138763913763,M7l,0.3428830123103769,k2l,False,False,10,"1,2,3,4,5,6,7,8,9,10",0.9892562031745911
aff11_wu50k_absq2_m128_seed1,11,y,51,71.94209014072676,True,10,10,11,0.9968603466623628,True,0.3826728630145124,M4l,0.5198419442722625,k2l,False,False,10,"1,2,3,4,5,6,7,8,9,10",0.9892562031745911
aff11_wu50k_absq2_m128_seed1,11,y,52,85.4264604387308,True,10,10,11,0.9927027234607592,True,0.3662843518491538,M3l,0.6555823538745114,k2l,False,False,10,"1,2,3,4,5,6,7,8,9,10",0.9892562031745911
aff11_wu50k_absq2_m128_seed1,11,y,53,245.68304515405205,True,3,1,0,0.4939625408918071,False,0.0007574172556085226,M1r,0.0010879041165241876,k1l,False,False,0,,0.9892562031745911
aff11_wu50k_absq2_m128_seed1,11,y,54,80.24489340296205,True,10,10,11,0.993813505303257,True,0.3862735328725426,M4l,0.5661696886067251,k2l,False,False,10,"1,2,3,4,5,6,7,8,9,10",0.9892562031745911
aff11_wu50k_absq2_m128_seed1,11,y,55,80.37469864216439,True,10,10,11,0.9992518102485128,True,0.41521607552475454,M3l,0.6633581779756477,k2l,False,False,10,"1,2,3,4,5,6,7,8,9,10",0.9892562031745911
aff11_wu50k_absq2_m128_seed1,11,y,56,83.83452845681178,True,10,10,11,0.9989338841081449,True,0.31215042465010784,M1r,0.35726839344431727,k4l,False,False,10,"1,2,3,4,5,6,7,8,9,10",0.9892562031745911
aff11_wu50k_absq2_m128_seed1,11,y,57,92.30909886903127,True,10,10,11,0.9927687921416727,True,0.513369265579796,M3l,0.54975979715755,k2l,False,False,10,"1,2,3,4,5,6,7,8,9,10",0.9892562031745911
aff11_wu50k_absq2_m128_seed1,11,y,58,88.49331816303906,True,10,10,11,0.9970649598651226,True,0.4522808348044951,M6l,0.42843700368347,k1l,False,False,10,"1,2,3,4,5,6,7,8,9,10",0.9892562031745911
aff11_wu50k_absq2_m128_seed1,11,y,59,85.07952722079794,True,10,10,11,0.9987198815298857,True,0.3336358312778957,M8l,0.25349689218119953,k2l,False,False,10,"1,2,3,4,5,6,7,8,9,10",0.9892562031745911
aff11_wu50k_absq2_m128_seed1,11,y,60,66.41770819291096,True,10,10,11,0.9985785009399404,True,0.333992982528789,M4l,0.8185377780108751,k5l,False,False,10,"1,2,3,4,5,6,7,8,9,10",0.9892562031745911
aff11_wu50k_absq2_m128_seed1,11,y,61,79.09449088181555,True,10,10,11,0.9974212638649436,True,0.32740528352165577,M5l,0.5149960473317944,k3l,False,False,10,"1,2,3,4,5,6,7,8,9,10",0.9892562031745911
aff11_wu50k_absq2_m128_seed1,11,y,62,1.3294773900361716e-05,True,10,10,11,0.9259643755721287,True,0.3614789893080672,M7l,0.48997760642343197,k3l,False,False,10,"1,2,3,4,5,6,7,8,9,10",0.9892562031745911
aff11_wu50k_absq2_m128_seed1,11,y,63,84.0828604451293,True,10,10,11,0.996572225967303,True,0.3219064691552293,M2l,0.4371490747024596,k3l,False,False,10,"1,2,3,4,5,6,7,8,9,10",0.9892562031745911
aff11_wu50k_absq2_m128_seed1,11,y,64,235.84253891042925,True,3,1,0,0.4945549194147629,False,0.0007666054708983432,M1r,0.0012370536807978136,k1l,False,False,0,,0.9892562031745911
aff11_wu50k_absq2_m128_seed1,11,y,65,86.07278243848106,True,10,10,11,0.9982491165339481,True,0.30997095399761176,M1r,0.6254966328084338,k3l,False,False,10,"1,2,3,4,5,6,7,8,9,10",0.9892562031745911
aff11_wu50k_absq2_m128_seed1,11,y,66,1.6502145932779257e-05,True,10,10,11,0.766502728775515,False,0.4560082831424315,M3l,0.4497668239671469,k1l,False,False,0,,0.9892562031745911
aff11_wu50k_absq2_m128_seed1,11,y,67,7.660465613987153e-06,True,10,10,11,0.6220160681454566,False,0.3591023340840305,M7l,0.28530207823858555,k1l,False,False,0,,0.9892562031745911
aff11_wu50k_absq2_m128_seed1,11,y,68,66.43220868528041,True,10,10,11,0.9961358321625704,True,0.38506004211135686,M4l,0.8535518191859233,k5l,False,False,10,"1,2,3,4,5,6,7,8,9,10",0.9892562031745911
aff11_wu50k_absq2_m128_seed1,11,y,69,1.7507104585758104e-05,True,10,10,11,0.8943840731006091,False,0.2857147680447571,M1r,0.3767301635888479,k4l,False,False,0,,0.9892562031745911
aff11_wu50k_absq2_m128_seed1,11,y,70,58.19569228577352,True,10,10,11,0.9954540646150825,True,0.4819488531157938,M4l,0.7729344118866192,k5l,False,False,10,"1,2,3,4,5,6,7,8,9,10",0.9892562031745911
aff11_wu50k_absq2_m128_seed1,11,y,71,80.33205760728787,True,10,10,11,0.9950856230383656,True,0.43554255692949545,M4l,0.5192521928691797,k2l,False,False,10,"1,2,3,4,5,6,7,8,9,10",0.9892562031745911
aff11_wu50k_absq2_m128_seed1,11,y,72,75.16153643435523,True,10,10,11,0.9984384199078248,True,0.32839252347946485,M1r,0.5809385247955143,k2l,False,False,10,"1,2,3,4,5,6,7,8,9,10",0.9892562031745911
aff11_wu50k_absq2_m128_seed1,11,y,73,83.8363902604603,True,10,10,11,0.9976575061349643,True,0.3119303460447181,M1r,0.5167222889975852,k3l,False,False,10,"1,2,3,4,5,6,7,8,9,10",0.9892562031745911
aff11_wu50k_absq2_m128_seed1,11,y,74,80.7078942055816,True,10,10,11,0.9947421295546539,True,0.47270714453673335,M0l,0.4706844224566505,k3l,False,False,10,"1,2,3,4,5,6,7,8,9,10",0.9892562031745911
aff11_wu50k_absq2_m128_seed1,11,y,75,222.40249056341239,True,5,1,0,0.49651705383177513,False,0.0008637982977846028,M2l,0.0018142358394476529,k1l,False,False,0,,0.9892562031745911
aff11_wu50k_absq2_m128_seed1,11,y,76,74.72184216683503,True,10,10,11,0.9993087750754333,True,0.4917806288161353,M0l,0.539081636812531,k3l,False,False,10,"1,2,3,4,5,6,7,8,9,10",0.9892562031745911
aff11_wu50k_absq2_m128_seed1,11,y,77,78.31996993880959,True,10,10,11,0.9941891606477221,True,0.40551054404479,M0l,0.6174920116016951,k3l,False,False,10,"1,2,3,4,5,6,7,8,9,10",0.9892562031745911
aff11_wu50k_absq2_m128_seed1,11,y,78,1.088832133670909e-05,True,10,10,11,0.5175139978576236,False,0.1845597559625466,M0l,0.16552959100673978,k1l,False,False,0,,0.9892562031745911
aff11_wu50k_absq2_m128_seed1,11,y,79,92.8634993119629,True,10,10,11,0.9964527463447388,True,0.45222902576682755,M1l,0.34899539909530175,k2l,False,False,10,"1,2,3,4,5,6,7,8,9,10",0.9892562031745911
aff11_wu50k_absq2_m128_seed1,11,y,80,1.1645102628963236e-05,True,10,10,11,0.7970530572086971,False,0.25506217346725707,M1r,0.2653570544694364,k3l,False,False,0,,0.9892562031745911
aff11_wu50k_absq2_m128_seed1,11,y,81,83.68228581464308,True,10,10,11,0.9987719807119622,True,0.40553638384014506,M3l,0.590362258644468,k2l,False,False,10,"1,2,3,4,5,6,7,8,9,10",0.9892562031745911
aff11_wu50k_absq2_m128_seed1,11,y,82,85.19658885339236,True,10,10,11,0.9980060671959116,True,0.3693641814542753,M6l,0.4669218938809793,k4l,False,False,10,"1,2,3,4,5,6,7,8,9,10",0.9892562031745911
aff11_wu50k_absq2_m128_seed1,11,y,83,199.55784763876818,True,5,1,0,0.49468102365277433,False,0.0007646278688644155,M1r,0.0011164990360156594,k1l,False,False,0,,0.9892562031745911
aff11_wu50k_absq2_m128_seed1,11,y,84,89.84859841212374,True,10,10,11,0.9936152844592286,True,0.5956139338074861,M7l,0.46412316403764914,k3l,False,False,10,"1,2,3,4,5,6,7,8,9,10",0.9892562031745911
aff11_wu50k_absq2_m128_seed1,11,y,85,89.0600959646398,True,10,10,11,0.9950390429031468,True,0.41600307551131116,M6l,0.42665822201204595,k4l,False,False,10,"1,2,3,4,5,6,7,8,9,10",0.9892562031745911
aff11_wu50k_absq2_m128_seed1,11,y,86,1.9852999928894272e-05,True,10,10,11,0.6299443386022112,False,0.20711045689191832,M1r,0.43381253382650264,k3l,False,False,0,,0.9892562031745911
aff11_wu50k_absq2_m128_seed1,11,y,87,71.90025910867666,True,10,10,11,0.9973985067850002,True,0.47136458861335223,M0l,0.4527794975634367,k3l,False,False,10,"1,2,3,4,5,6,7,8,9,10",0.9892562031745911
aff11_wu50k_absq2_m128_seed1,11,y,88,87.96756437920156,True,10,10,11,0.9960244021709792,True,0.34474126774863145,M10l,0.7760573010001186,k1l,False,False,10,"1,2,3,4,5,6,7,8,9,10",0.9892562031745911
aff11_wu50k_absq2_m128_seed1,11,y,89,87.63364476941689,True,10,10,11,0.9944860613546891,True,0.46184547539522824,M1l,0.3956314291687285,k3l,False,False,10,"1,2,3,4,5,6,7,8,9,10",0.9892562031745911
aff11_wu50k_absq2_m128_seed1,11,y,90,86.26299681121945,True,10,10,11,0.9956531591049491,True,0.5348944466653632,M1l,0.3569348534433252,k4l,False,False,10,"1,2,3,4,5,6,7,8,9,10",0.9892562031745911
aff11_wu50k_absq2_m128_seed1,11,y,91,8.237625305055552e-06,True,10,10,11,0.8429143373841406,False,0.5583138733790453,M6l,0.41890801883476875,k2l,False,False,0,,0.9892562031745911
aff11_wu50k_absq2_m128_seed1,11,y,92,75.0821236620601,True,10,10,11,0.9991417109988932,True,0.3678495382578151,M4l,0.544996023910936,k2l,False,False,10,"1,2,3,4,5,6,7,8,9,10",0.9892562031745911
aff11_wu50k_absq2_m128_seed1,11,y,93,78.17168068767553,True,10,10,11,0.9977458977852848,True,0.5211633201208933,M7l,0.5181605950601272,k3l,False,False,10,"1,2,3,4,5,6,7,8,9,10",0.9892562031745911
aff11_wu50k_absq2_m128_seed1,11,y,94,80.64194951246903,True,10,10,11,0.999423039662609,True,0.40240090890929753,M8l,0.3271701522437351,k2l,False,False,10,"1,2,3,4,5,6,7,8,9,10",0.9892562031745911
aff11_wu50k_absq2_m128_seed1,11,y,95,6.992307157028442e-06,True,10,10,11,0.5748383950833128,False,0.2538210840236052,M4l,0.29412764900349475,k1l,False,False,0,,0.9892562031745911
aff11_wu50k_absq2_m128_seed1,11,y,96,92.45744546803188,True,10,10,11,0.9956875048942725,True,0.3251262454139083,M9l,0.7024617708539115,k1l,False,False,10,"1,2,3,4,5,6,7,8,9,10",0.9892562031745911
aff11_wu50k_absq2_m128_seed1,11,y,97,76.67746124673981,True,10,10,11,0.996953319004614,True,0.4807940741117224,M7l,0.45785727605920284,k3l,False,False,10,"1,2,3,4,5,6,7,8,9,10",0.9892562031745911
aff11_wu50k_absq2_m128_seed1,11,y,98,8.747177817168709e-06,True,10,10,11,0.956827412220022,True,0.4009843794775897,M0l,0.4716369668553719,k1l,False,False,10,"1,2,3,4,5,6,7,8,9,10",0.9892562031745911
aff11_wu50k_absq2_m128_seed1,11,y,99,63.27700107187405,True,10,10,11,0.9834890127346501,True,0.345661577445799,M4l,0.8821619991034882,k5l,False,False,10,"1,2,3,4,5,6,7,8,9,10",0.9892562031745911
aff11_wu50k_absq2_m128_seed1,11,y,100,84.51004114453401,True,10,10,11,0.9917358260714336,True,0.4993643687630638,M7l,0.44454488072515796,k3l,False,False,10,"1,2,3,4,5,6,7,8,9,10",0.9892562031745911
aff11_wu50k_absq2_m128_seed1,11,y,101,85.13479992408804,True,10,10,11,0.9995388889933271,True,0.521193684927808,M1l,0.33711673766269085,k4l,False,False,10,"1,2,3,4,5,6,7,8,9,10",0.9892562031745911
aff11_wu50k_absq2_m128_seed1,11,y,102,73.1344372528295,True,10,10,11,0.9985248728711636,True,0.4221755123048507,M0l,0.5003972191744265,k3l,False,False,10,"1,2,3,4,5,6,7,8,9,10",0.9892562031745911
aff11_wu50k_absq2_m128_seed1,11,y,103,84.36996510293444,True,10,10,11,0.9971394861993751,True,0.5275951053009026,M7l,0.46728811047357316,k3l,False,False,10,"1,2,3,4,5,6,7,8,9,10",0.9892562031745911
aff11_wu50k_absq2_m128_seed1,11,y,104,80.1311660403734,True,10,10,11,0.995756423103864,True,0.44884962060798567,M4l,0.3275395509806174,k2l,False,False,10,"1,2,3,4,5,6,7,8,9,10",0.9892562031745911
aff11_wu50k_absq2_m128_seed1,11,y,105,213.2453258416153,True,5,1,0,0.4948965537407842,False,0.0009985143454287419,M7r,0.002015088870065656,k1l,False,False,0,,0.9892562031745911
aff11_wu50k_absq2_m128_seed1,11,y,106,77.48675450780964,True,10,10,11,0.9950622895604896,True,0.37822389820955177,M3l,0.6534936970337657,k2l,False,False,10,"1,2,3,4,5,6,7,8,9,10",0.9892562031745911
aff11_wu50k_absq2_m128_seed1,11,y,107,87.44349169264788,True,10,10,11,0.9963684083186254,True,0.4972711919120647,M1l,0.34131570919172527,k4l,False,False,10,"1,2,3,4,5,6,7,8,9,10",0.9892562031745911
aff11_wu50k_absq2_m128_seed1,11,y,108,84.89118268453869,True,10,10,11,0.9984883929150714,True,0.483825193678471,M7l,0.5398042432422562,k3l,False,False,10,"1,2,3,4,5,6,7,8,9,10",0.9892562031745911
aff11_wu50k_absq2_m128_seed1,11,y,109,189.13029346374225,True,5,1,0,0.4940477147266689,False,0.0013005814119784358,M1r,0.0015423201718672518,k1l,False,False,0,,0.9892562031745911
aff11_wu50k_absq2_m128_seed1,11,y,110,86.74739144379897,True,10,10,11,0.9993773303553521,True,0.43682136328470306,M3l,0.602134158590431,k2l,False,False,10,"1,2,3,4,5,6,7,8,9,10",0.9892562031745911
aff11_wu50k_absq2_m128_seed1,11,y,111,90.69413560164281,True,10,10,11,0.9843075783795316,True,0.4689390104292923,M6l,0.46746905797307786,k1l,False,False,10,"1,2,3,4,5,6,7,8,9,10",0.9892562031745911
aff11_wu50k_absq2_m128_seed1,11,y,112,83.09811520885395,True,10,10,11,0.9941916191182124,True,0.4388967329501121,M6l,0.4884048283888585,k4l,False,False,10,"1,2,3,4,5,6,7,8,9,10",0.9892562031745911
aff11_wu50k_absq2_m128_seed1,11,y,113,71.52964655767649,True,10,10,11,0.9977061460467418,True,0.44183548503282744,M4l,0.8368612068922653,k5l,False,False,10,"1,2,3,4,5,6,7,8,9,10",0.9892562031745911
aff11_wu50k_absq2_m128_seed1,11,y,114,85.83878813208494,True,10,10,11,0.9977998251102961,True,0.37940464526597584,M4l,0.5589309121236,k2l,False,False,10,"1,2,3,4,5,6,7,8,9,10",0.9892562031745911
aff11_wu50k_absq2_m128_seed1,11,y,115,85.1014707106172,True,10,10,11,0.9952988824910848,True,0.5958091485769256,M7l,0.418980973236439,k3l,False,False,10,"1,2,3,4,5,6,7,8,9,10",0.9892562031745911
aff11_wu50k_absq2_m128_seed1,11,y,116,83.72153415785655,True,10,10,11,0.9930728301034547,True,0.37786506690330685,M6l,0.4431289551715913,k4l,False,False,10,"1,2,3,4,5,6,7,8,9,10",0.9892562031745911
aff11_wu50k_absq2_m128_seed1,11,y,117,1.424557099291769e-05,True,10,10,11,0.7676386050451873,False,0.2784023144549254,M10l,0.24111296472701027,k1l,False,False,0,,0.9892562031745911
aff11_wu50k_absq2_m128_seed1,11,y,118,80.95874029303471,True,10,10,11,0.997649609531794,True,0.3564408015469588,M8l,0.2767488254259783,k2l,False,False,10,"1,2,3,4,5,6,7,8,9,10",0.9892562031745911
aff11_wu50k_absq2_m128_seed1,11,y,119,79.89251966717914,True,10,10,11,0.9982914917214026,True,0.4124186222391778,M4l,0.4293949099794637,k2l,False,False,10,"1,2,3,4,5,6,7,8,9,10",0.9892562031745911
aff11_wu50k_absq2_m128_seed1,11,y,120,79.04355363839375,True,10,10,11,0.9959553630649695,True,0.41168116084129897,M3l,0.4872174783092928,k2l,False,False,10,"1,2,3,4,5,6,7,8,9,10",0.9892562031745911
aff11_wu50k_absq2_m128_seed1,11,y,121,81.96089444221536,True,10,10,11,0.9947307760903253,True,0.32529475539859476,M9l,0.6124921575287228,k1l,False,False,10,"1,2,3,4,5,6,7,8,9,10",0.9892562031745911
aff11_wu50k_absq2_m128_seed1,11,y,122,87.7628240129668,True,10,10,11,0.9956859327940626,True,0.4338027882201474,M6l,0.438234634946645,k1l,False,False,10,"1,2,3,4,5,6,7,8,9,10",0.9892562031745911
aff11_wu50k_absq2_m128_seed1,11,y,123,90.08552154610999,True,10,10,11,0.9968059776508774,True,0.34966489829880615,M10l,0.6505893821452932,k1l,False,False,10,"1,2,3,4,5,6,7,8,9,10",0.9892562031745911
aff11_wu50k_absq2_m128_seed1,11,y,124,7.716567186989457e-06,True,10,10,11,0.47271521369621805,False,0.24779462872656052,M2l,0.15370245176034666,k2l,False,False,0,,0.9892562031745911
aff11_wu50k_absq2_m128_seed1,11,y,125,73.35394774293754,True,10,10,11,0.9830283601982285,True,0.44829358843864525,M0l,0.5381973851156229,k3l,False,False,10,"1,2,3,4,5,6,7,8,9,10",0.9892562031745911
aff11_wu50k_absq2_m128_seed1,11,y,126,92.90726235177975,True,10,10,11,0.995657723876786,True,0.31966201551394513,M8l,0.27810121381239045,k2l,False,False,10,"1,2,3,4,5,6,7,8,9,10",0.9892562031745911
aff11_wu50k_absq2_m128_seed1,11,y,127,76.52226728363841,True,10,10,11,0.9981723749848015,True,0.4576348433834517,M0l,0.6582207716329511,k3l,False,False,10,"1,2,3,4,5,6,7,8,9,10",0.9892562031745911
