run,n,block,side,neuron,energy,e_block,r1,rank,stab_u,ord_u,stab_v,ord_v
aff11_wu25k_absq1.5_m128_seed1,11,11,x,0,159.55625792072038,0.9997908324022279,0.9985467363841903,1,1,1,1,1
aff11_wu25k_absq1.5_m128_seed1,11,11,x,1,113.80585152808536,0.9989143718870791,0.997559545431546,1,1,1,1,1
aff11_wu25k_absq1.5_m128_seed1,11,11,x,2,129.9945604772511,0.9995599607455219,0.9977993807026319,1,1,1,1,1
aff11_wu25k_absq1.5_m128_seed1,11,11,x,6,112.14221604158524,0.9984958959778575,0.9980306411554953,1,1,1,1,1
aff11_wu25k_absq1.5_m128_seed1,11,11,x,7,136.8454572296917,0.9994394975716979,0.9980905462722718,1,1,1,1,1
aff11_wu25k_absq1.5_m128_seed1,11,11,x,8,113.23582370026641,0.9969772259915485,0.9976067433602664,1,1,1,1,1
aff11_wu25k_absq1.5_m128_seed1,11,11,x,9,148.0611989651748,0.9992966903339271,0.9980686373146066,1,1,1,1,1
aff11_wu25k_absq1.5_m128_seed1,11,11,x,10,99.75509033410871,0.9997142166421316,0.9983511040788365,1,1,1,1,1
aff11_wu25k_absq1.5_m128_seed1,11,11,x,11,102.24563349255772,0.9986354108363663,0.9970818270554291,1,1,1,1,1
aff11_wu25k_absq1.5_m128_seed1,11,11,x,12,111.10758500703008,0.9994502564571949,0.9979434822895376,1,1,1,1,1
aff11_wu25k_absq1.5_m128_seed1,11,11,x,13,120.51910669332982,0.9995324255245877,0.997840563706245,1,1,1,1,1
aff11_wu25k_absq1.5_m128_seed1,11,11,x,14,95.62575978250166,0.9987355118922281,0.9976565544258214,1,1,1,1,1
aff11_wu25k_absq1.5_m128_seed1,11,11,x,15,138.9100781026997,0.9997375607706976,0.9978345368701022,1,1,1,1,1
aff11_wu25k_absq1.5_m128_seed1,11,11,x,18,107.3346067611662,0.9982788513291921,0.9975366812102554,1,1,1,1,1
aff11_wu25k_absq1.5_m128_seed1,11,11,x,20,129.69374019377625,0.9997945761016496,0.997450275542485,1,1,1,1,1
aff11_wu25k_absq1.5_m128_seed1,11,11,x,21,1.9228937430369186e-05,0.963040787479531,0.996642203258304,1,1,1,1,1
aff11_wu25k_absq1.5_m128_seed1,11,11,x,22,103.31296405653744,0.9996332266658099,0.9978043804181977,1,1,1,1,1
aff11_wu25k_absq1.5_m128_seed1,11,11,x,26,163.86240167523016,0.999343964176355,0.9976432134606613,1,1,1,I,2
aff11_wu25k_absq1.5_m128_seed1,11,11,x,27,157.58501372381835,0.9997735400735379,0.9984481632149006,1,1,1,1,1
aff11_wu25k_absq1.5_m128_seed1,11,11,x,28,120.4941876177888,0.9985427609545929,0.9984225004152616,1,1,1,1,1
aff11_wu25k_absq1.5_m128_seed1,11,11,x,30,127.82418463596026,0.9994760738996459,0.9982410240871669,1,1,1,1,1
aff11_wu25k_absq1.5_m128_seed1,11,11,x,31,95.08342344918056,0.9968975164267729,0.9978358550058755,1,1,1,1,1
aff11_wu25k_absq1.5_m128_seed1,11,11,x,32,120.96378790404113,0.9996215033420558,0.9984256500201261,1,1,1,1,1
aff11_wu25k_absq1.5_m128_seed1,11,11,x,33,107.34687954689642,0.9982468438662602,0.9978986639499653,1,1,1,1,1
aff11_wu25k_absq1.5_m128_seed1,11,11,x,36,164.6310058235748,0.9995793536438086,0.9978260538906415,1,1,1,1,1
aff11_wu25k_absq1.5_m128_seed1,11,11,x,37,115.365027220672,0.9989857211267902,0.9979009585502476,1,1,1,1,1
aff11_wu25k_absq1.5_m128_seed1,11,11,x,39,137.73183030641812,0.9997597901967636,0.9984667890271991,1,1,1,1,1
aff11_wu25k_absq1.5_m128_seed1,11,11,x,40,109.39657888356139,0.9989611437629256,0.9979400815032087,1,1,1,1,1
aff11_wu25k_absq1.5_m128_seed1,11,11,x,41,99.02367003598519,0.9991871653810245,0.9980294888004122,1,1,1,1,1
aff11_wu25k_absq1.5_m128_seed1,11,11,x,42,96.06737139194198,0.9994417035851619,0.9975277339091971,1,1,1,1,1
aff11_wu25k_absq1.5_m128_seed1,11,11,x,43,105.80567980973981,0.9991818775255553,0.9980600629710419,1,1,1,1,1
aff11_wu25k_absq1.5_m128_seed1,11,11,x,44,105.29454385059904,0.9992211367675371,0.9977022104647431,1,1,1,1,1
aff11_wu25k_absq1.5_m128_seed1,11,11,x,46,124.27573880107224,0.9994632722248793,0.9980952077682342,1,1,1,1,1
aff11_wu25k_absq1.5_m128_seed1,11,11,x,49,100.21922790736501,0.9987353439197483,0.9982828743552205,1,1,1,1,1
aff11_wu25k_absq1.5_m128_seed1,11,11,x,51,113.61838903882453,0.9972652058190963,0.9983233979592482,1,1,1,1,1
aff11_wu25k_absq1.5_m128_seed1,11,11,x,53,135.51272699553704,0.999492424780743,0.9976307131585206,1,1,1,1,1
aff11_wu25k_absq1.5_m128_seed1,11,11,x,55,100.16358947815739,0.9988853813817943,0.9979853622488521,1,1,1,1,1
aff11_wu25k_absq1.5_m128_seed1,11,11,x,62,101.53091747512626,0.9994692892774204,0.997923328267528,1,1,1,1,1
aff11_wu25k_absq1.5_m128_seed1,11,11,x,63,115.81178074927242,0.9995100314874048,0.9977625564605305,1,1,1,1,1
aff11_wu25k_absq1.5_m128_seed1,11,11,x,65,106.7730074157042,0.9991571937261098,0.9978462618954331,1,1,1,1,1
aff11_wu25k_absq1.5_m128_seed1,11,11,x,67,100.29311852205842,0.9983055129845346,0.9980069539974221,1,1,1,1,1
aff11_wu25k_absq1.5_m128_seed1,11,11,x,68,88.4401573343053,0.9972245427349633,0.9970604686974688,1,1,1,1,1
aff11_wu25k_absq1.5_m128_seed1,11,11,x,70,112.08987043520096,0.9985159487677888,0.9978806648175117,1,1,1,1,1
aff11_wu25k_absq1.5_m128_seed1,11,11,x,72,107.21979167914658,0.9992092956381892,0.9977951515945289,1,1,1,1,1
aff11_wu25k_absq1.5_m128_seed1,11,11,x,73,135.33755330161003,0.9994278210742411,0.9985453257737078,1,1,1,1,1
aff11_wu25k_absq1.5_m128_seed1,11,11,x,76,102.79061973284952,0.9981451721857222,0.9976399774236829,1,1,1,1,1
aff11_wu25k_absq1.5_m128_seed1,11,11,x,77,113.92921324383545,0.9979287424699865,0.9983789418750535,1,1,1,1,1
aff11_wu25k_absq1.5_m128_seed1,11,11,x,79,1.1840869496491024e-05,0.9093907569821698,0.9974871541209512,1,1,1,1,1
aff11_wu25k_absq1.5_m128_seed1,11,11,x,80,153.44131402415024,0.9995293914326857,0.9977861029026699,1,1,1,1,1
aff11_wu25k_absq1.5_m128_seed1,11,11,x,81,92.39118883509315,0.9986554770626145,0.9977957195956945,1,1,1,1,1
aff11_wu25k_absq1.5_m128_seed1,11,11,x,82,106.38994515076931,0.9992945192830939,0.9974529969061282,1,1,1,1,1
aff11_wu25k_absq1.5_m128_seed1,11,11,x,84,91.38783096692912,0.9992296253070893,0.9979411880975205,1,1,1,1,1
aff11_wu25k_absq1.5_m128_seed1,11,11,x,86,136.79714823216338,0.9988698534282129,0.9971049831099743,1,1,1,1,1
aff11_wu25k_absq1.5_m128_seed1,11,11,x,88,106.20521669198186,0.9981510227723942,0.9976055518145616,1,1,1,1,1
aff11_wu25k_absq1.5_m128_seed1,11,11,x,89,103.47278294440682,0.999265142300527,0.9977793349483666,1,1,1,1,1
aff11_wu25k_absq1.5_m128_seed1,11,11,x,90,158.053069285862,0.9998495612633305,0.9973312146080097,1,1,1,1,1
aff11_wu25k_absq1.5_m128_seed1,11,11,x,92,154.60778953672744,0.9995867708549286,0.9974007373679437,1,1,1,1,1
aff11_wu25k_absq1.5_m128_seed1,11,11,x,93,97.3067642584222,0.9977427983788562,0.9977387013672191,1,1,1,1,1
aff11_wu25k_absq1.5_m128_seed1,11,11,x,94,119.00772498340267,0.999149563292945,0.9972744685748435,1,1,1,1,1
aff11_wu25k_absq1.5_m128_seed1,11,11,x,95,110.88838345709638,0.9989553831147452,0.9976977041482377,1,1,1,1,1
aff11_wu25k_absq1.5_m128_seed1,11,11,x,96,3.589208871825136e-05,0.9621633690315492,0.9977235954850892,1,1,1,1,1
aff11_wu25k_absq1.5_m128_seed1,11,11,x,97,109.63033281426745,0.998341560444572,0.9973127366354285,1,1,1,1,1
aff11_wu25k_absq1.5_m128_seed1,11,11,x,99,114.04526180483164,0.9993818463945117,0.9980534235310803,1,1,1,1,1
aff11_wu25k_absq1.5_m128_seed1,11,11,x,100,115.94524513639021,0.9996494947795042,0.9980475091819931,1,1,1,1,1
aff11_wu25k_absq1.5_m128_seed1,11,11,x,101,104.07811027009555,0.9989180530888694,0.9977350034900274,1,1,1,1,1
aff11_wu25k_absq1.5_m128_seed1,11,11,x,103,99.86028842688975,0.9988909302782348,0.997099097980992,1,1,1,1,1
aff11_wu25k_absq1.5_m128_seed1,11,11,x,104,112.12745866960455,0.9992194365853211,0.9970963420680757,1,1,1,1,1
aff11_wu25k_absq1.5_m128_seed1,11,11,x,106,104.53030916236905,0.9984985189189948,0.9976619517076142,1,1,1,1,1
aff11_wu25k_absq1.5_m128_seed1,11,11,x,107,132.67234835778896,0.9995883151804906,0.997316839796618,1,1,1,1,1
aff11_wu25k_absq1.5_m128_seed1,11,11,x,108,163.67872655243576,0.9994569245098378,0.9982323961198849,1,1,1,1,1
aff11_wu25k_absq1.5_m128_seed1,11,11,x,109,100.94198435860773,0.9989886268457884,0.9975346370225139,1,1,1,1,1
aff11_wu25k_absq1.5_m128_seed1,11,11,x,111,96.24097228908335,0.9987820181142356,0.997791930445057,1,1,1,1,1
aff11_wu25k_absq1.5_m128_seed1,11,11,x,112,160.6086333925451,0.9997792117772247,0.9981051789724502,1,1,1,1,1
aff11_wu25k_absq1.5_m128_seed1,11,11,x,119,110.19596406103635,0.9998240832183825,0.9983604757757665,1,1,1,1,1
aff11_wu25k_absq1.5_m128_seed1,11,11,x,123,98.40527615155251,0.9981306736756865,0.9980942643138055,1,1,1,1,1
aff11_wu25k_absq1.5_m128_seed1,11,11,x,124,117.36129189790381,0.9988863303314367,0.9979056037465649,1,1,1,1,1
aff11_wu25k_absq1.5_m128_seed1,11,11,x,126,108.05809339152707,0.9985007603623156,0.9976660899824515,1,1,1,1,1
aff11_wu25k_absq1.5_m128_seed1,11,11,x,127,96.83620891461106,0.9969205787845016,0.9980966231704385,1,1,1,1,1
aff11_wu25k_absq1.5_m128_seed1,11,11,y,0,185.6956313625271,0.9990327744652944,0.9934659615084502,1,1,1,1,1
aff11_wu25k_absq1.5_m128_seed1,11,11,y,1,123.74189561647438,0.9988732849613805,0.9892237815672064,1,1,1,1,1
aff11_wu25k_absq1.5_m128_seed1,11,11,y,2,144.09178387583367,0.9995919909929244,0.9930197951894976,1,1,1,1,1
aff11_wu25k_absq1.5_m128_seed1,11,11,y,6,125.9572489709445,0.9974201156488662,0.9872561774206499,1,1,1,1,1
aff11_wu25k_absq1.5_m128_seed1,11,11,y,7,151.4512306218529,0.9995176739769176,0.9929131182493833,1,1,1,1,1
aff11_wu25k_absq1.5_m128_seed1,11,11,y,8,130.9518560478642,0.999054463059568,0.9872920996138516,1,1,1,1,1
aff11_wu25k_absq1.5_m128_seed1,11,11,y,9,178.31581241009616,0.9991569789996623,0.9934325518216104,1,1,1,1,1
aff11_wu25k_absq1.5_m128_seed1,11,11,y,10,103.37329254321982,0.997984109295562,0.9866240430420972,1,1,1,1,1
aff11_wu25k_absq1.5_m128_seed1,11,11,y,11,114.9515385252769,0.9924274555222772,0.9846449663660557,1,1,1,1,1
aff11_wu25k_absq1.5_m128_seed1,11,11,y,12,122.87803867191028,0.9960526179625514,0.9894322532851559,1,1,1,1,1
aff11_wu25k_absq1.5_m128_seed1,11,11,y,13,143.16428483017776,0.9973908175013385,0.9874782767584044,1,1,1,1,1
aff11_wu25k_absq1.5_m128_seed1,11,11,y,14,103.46043451678455,0.9989403533750778,0.9862593172326048,1,1,1,1,1
aff11_wu25k_absq1.5_m128_seed1,11,11,y,15,152.48096496982205,0.9992763228561856,0.9931598439035502,1,1,1,1,1
aff11_wu25k_absq1.5_m128_seed1,11,11,y,17,3.687482303446837e-05,0.9165544518853538,0.9882619947824356,1,1,1,1,1
aff11_wu25k_absq1.5_m128_seed1,11,11,y,18,130.83758688143988,0.9974865710549509,0.987602166627272,1,1,1,1,1
aff11_wu25k_absq1.5_m128_seed1,11,11,y,20,143.3570900091031,0.999062042590871,0.9930193558686411,1,1,1,1,1
aff11_wu25k_absq1.5_m128_seed1,11,11,y,22,110.80526891211109,0.9988525600113725,0.9868960921937756,1,1,1,1,1
aff11_wu25k_absq1.5_m128_seed1,11,11,y,26,193.22681407739557,0.9990468889553293,0.9934852301491526,1,1,1,1,1
aff11_wu25k_absq1.5_m128_seed1,11,11,y,27,186.63079024889967,0.9996348516317667,0.9934627484454633,1,1,1,1,1
aff11_wu25k_absq1.5_m128_seed1,11,11,y,28,140.85038996589617,0.9967562316522902,0.9871739541828194,1,1,1,1,1
aff11_wu25k_absq1.5_m128_seed1,11,11,y,30,142.13843402073627,0.9995935090787845,0.9929886100197356,1,1,1,1,1
aff11_wu25k_absq1.5_m128_seed1,11,11,y,31,109.82503514545697,0.9953940607105901,0.984213536021495,1,1,1,1,1
aff11_wu25k_absq1.5_m128_seed1,11,11,y,32,136.90628237886654,0.9977640950668488,0.9873706388763529,1,1,1,1,1
aff11_wu25k_absq1.5_m128_seed1,11,11,y,33,125.6348979836282,0.9960529709877892,0.987507560017409,1,1,1,1,1
aff11_wu25k_absq1.5_m128_seed1,11,11,y,36,192.2097067494381,0.9992603638267086,0.9934381617480075,1,1,1,1,1
aff11_wu25k_absq1.5_m128_seed1,11,11,y,37,131.00324795928933,0.9988301165970054,0.9874605823042988,1,1,1,1,1
aff11_wu25k_absq1.5_m128_seed1,11,11,y,39,148.06961113226234,0.9994175826643019,0.9930362784262938,1,1,1,1,1
aff11_wu25k_absq1.5_m128_seed1,11,11,y,40,127.37437774812456,0.9982274837190008,0.9875645144168063,1,1,1,1,1
aff11_wu25k_absq1.5_m128_seed1,11,11,y,41,106.31973871007101,0.9985788210121189,0.9863956763747569,1,1,1,1,1
aff11_wu25k_absq1.5_m128_seed1,11,11,y,42,105.60615756947273,0.9980684590109944,0.9869414097272957,1,1,1,1,1
aff11_wu25k_absq1.5_m128_seed1,11,11,y,43,122.88511835139394,0.9978971048461313,0.9876019517001791,1,1,1,1,1
aff11_wu25k_absq1.5_m128_seed1,11,11,y,44,118.8407998686034,0.9958849634131248,0.98996230920234,1,1,1,1,1
aff11_wu25k_absq1.5_m128_seed1,11,11,y,46,140.30410665073546,0.9994379735780802,0.9930917173598052,1,1,1,1,1
aff11_wu25k_absq1.5_m128_seed1,11,11,y,49,113.54575466351257,0.9966994859680851,0.9845403282724022,1,1,1,1,1
aff11_wu25k_absq1.5_m128_seed1,11,11,y,51,136.8697726304619,0.9960987672496707,0.9872999739024424,1,1,1,1,1
aff11_wu25k_absq1.5_m128_seed1,11,11,y,52,2.350985640295593e-05,0.9139466831785652,0.9901682373434113,1,1,1,1,1
aff11_wu25k_absq1.5_m128_seed1,11,11,y,53,147.46812913743508,0.9990949095625211,0.9931429437658821,1,1,1,1,1
aff11_wu25k_absq1.5_m128_seed1,11,11,y,55,114.45302575777615,0.9951824693259376,0.9844965411664915,1,1,1,1,1
aff11_wu25k_absq1.5_m128_seed1,11,11,y,57,2.1853666673960857e-05,0.9105244931583262,0.9927369983899772,1,1,1,1,1
aff11_wu25k_absq1.5_m128_seed1,11,11,y,62,104.75396201189444,0.9982181721619809,0.986247223736516,1,1,1,1,1
aff11_wu25k_absq1.5_m128_seed1,11,11,y,63,128.08421680766136,0.9990191686425917,0.9893105754177899,1,1,1,1,1
aff11_wu25k_absq1.5_m128_seed1,11,11,y,65,120.95326064178622,0.9986593683553426,0.9893119991724098,1,1,1,1,1
aff11_wu25k_absq1.5_m128_seed1,11,11,y,66,2.0992681965627163e-05,0.9026687087545692,0.9918635313350038,1,1,1,1,1
aff11_wu25k_absq1.5_m128_seed1,11,11,y,67,109.79698877328414,0.9964838185881776,0.9846348456132987,1,1,1,1,1
aff11_wu25k_absq1.5_m128_seed1,11,11,y,68,96.25211769307086,0.9992976082257171,0.9866711982790811,1,1,1,1,1
aff11_wu25k_absq1.5_m128_seed1,11,11,y,70,123.17546597323731,0.9982652270389524,0.9845622826961002,1,1,1,1,1
aff11_wu25k_absq1.5_m128_seed1,11,11,y,72,120.28150485222766,0.9986151869758012,0.9874922624693372,1,1,1,1,1
aff11_wu25k_absq1.5_m128_seed1,11,11,y,73,146.2973735649371,0.9995535901685892,0.9930771011233432,1,1,1,1,1
aff11_wu25k_absq1.5_m128_seed1,11,11,y,76,118.34416259010234,0.9957894201664034,0.9865032906552279,1,1,1,1,1
aff11_wu25k_absq1.5_m128_seed1,11,11,y,77,134.24578410009713,0.9981403057672161,0.9874611509973735,1,1,1,1,1
aff11_wu25k_absq1.5_m128_seed1,11,11,y,80,180.57322374512626,0.9993689919709102,0.9934137563818412,1,1,1,1,1
aff11_wu25k_absq1.5_m128_seed1,11,11,y,81,101.64168155185156,0.9983118394197655,0.9872526887174966,1,1,1,1,1
aff11_wu25k_absq1.5_m128_seed1,11,11,y,82,128.18038006586906,0.9982257129545575,0.9875889095123281,1,1,1,1,1
aff11_wu25k_absq1.5_m128_seed1,11,11,y,84,97.15211907610443,0.9986156890112041,0.9868985567692692,1,1,1,1,1
aff11_wu25k_absq1.5_m128_seed1,11,11,y,86,174.34514638196308,0.9987883497481769,0.993463716344502,1,1,1,1,1
aff11_wu25k_absq1.5_m128_seed1,11,11,y,88,119.30859808281922,0.9937711606372805,0.9845642551287156,1,1,1,1,1
aff11_wu25k_absq1.5_m128_seed1,11,11,y,89,117.8873573592129,0.9968279901447507,0.9873321333031013,1,1,1,1,1
aff11_wu25k_absq1.5_m128_seed1,11,11,y,90,189.5344881262732,0.9995949453874964,0.9933540597616433,1,1,1,1,1
aff11_wu25k_absq1.5_m128_seed1,11,11,y,92,185.1399458805067,0.9994795964375706,0.9934193204602354,1,1,1,1,1
aff11_wu25k_absq1.5_m128_seed1,11,11,y,93,114.28421791947714,0.9967164112424363,0.9849882599163524,1,1,1,1,1
aff11_wu25k_absq1.5_m128_seed1,11,11,y,94,143.75634033828024,0.9990552853285872,0.9872210946570623,1,1,1,1,1
aff11_wu25k_absq1.5_m128_seed1,11,11,y,95,139.97101459176585,0.9962903104117471,0.9873111093172364,1,1,1,1,1
aff11_wu25k_absq1.5_m128_seed1,11,11,y,97,127.95580759208181,0.999215988687895,0.9875837888610045,1,1,1,1,1
aff11_wu25k_absq1.5_m128_seed1,11,11,y,99,125.43571994382776,0.9995913964006236,0.9894931802875807,1,1,1,1,1
aff11_wu25k_absq1.5_m128_seed1,11,11,y,100,129.8487184595917,0.9985949027556429,0.9894575769651568,1,1,1,1,1
aff11_wu25k_absq1.5_m128_seed1,11,11,y,101,117.58297409664395,0.9987143091720277,0.9896934467428053,1,1,1,1,1
aff11_wu25k_absq1.5_m128_seed1,11,11,y,102,1.817172464583443e-05,0.9230343559850904,0.989352052641196,1,1,1,1,1
aff11_wu25k_absq1.5_m128_seed1,11,11,y,103,118.25432188497714,0.998572584302242,0.9876566056422691,1,1,1,1,1
aff11_wu25k_absq1.5_m128_seed1,11,11,y,104,124.42494121048516,0.999202339735333,0.9899890024930543,1,1,1,1,1
aff11_wu25k_absq1.5_m128_seed1,11,11,y,106,119.63599770401497,0.9990987019593016,0.9895885251992564,1,1,1,1,1
aff11_wu25k_absq1.5_m128_seed1,11,11,y,107,146.5810159618244,0.9993865412378485,0.992993661270037,1,1,1,1,1
aff11_wu25k_absq1.5_m128_seed1,11,11,y,108,191.4659943503057,0.9988237027833724,0.9933559069603686,1,1,1,1,1
aff11_wu25k_absq1.5_m128_seed1,11,11,y,109,111.83675930787071,0.9981599366166849,0.9845422258608554,1,1,1,1,1
aff11_wu25k_absq1.5_m128_seed1,11,11,y,111,106.36293150949875,0.9983443388330694,0.9839991172204806,1,1,1,1,1
aff11_wu25k_absq1.5_m128_seed1,11,11,y,112,189.0569596253442,0.9987045797180982,0.9936182950931003,1,1,1,1,1
aff11_wu25k_absq1.5_m128_seed1,11,11,y,119,121.72173884694065,0.9978970824614932,0.989586395022373,1,1,1,1,1
aff11_wu25k_absq1.5_m128_seed1,11,11,y,123,106.59815218227442,0.997690536843924,0.987326087772061,1,1,1,1,1
aff11_wu25k_absq1.5_m128_seed1,11,11,y,124,130.62475282472093,0.9968035208448844,0.9894331602672605,1,1,1,1,1
aff11_wu25k_absq1.5_m128_seed1,11,11,y,126,126.1196575951975,0.9978817714472011,0.9876703214403294,1,1,1,1,1
aff11_wu25k_absq1.5_m128_seed1,11,11,y,127,108.48695947950868,0.9975249875109582,0.9844971886243624,1,1,1,1,1
aff11_wu25k_absq1_m128_seed1,11,11,x,0,92.82751591994139,0.9999994202841924,0.9999970989469326,1,1,1,M,10
aff11_wu25k_absq1_m128_seed1,11,11,x,1,93.83750672292022,0.9999996992222729,0.99999731014103,1,1,1,M,10
aff11_wu25k_absq1_m128_seed1,11,11,x,2,89.03703241125847,0.9999989892951695,0.9999962797898045,1,1,1,M,10
aff11_wu25k_absq1_m128_seed1,11,11,x,3,0.00013311823307363276,0.9999933538280822,0.999979123936202,1,1,1,1,1
aff11_wu25k_absq1_m128_seed1,11,11,x,4,95.54683733164546,0.9999995916853677,0.9999974994660691,1,1,1,M,10
aff11_wu25k_absq1_m128_seed1,11,11,x,5,89.65195980791108,0.9999998687811055,0.9999973677144198,1,1,1,M,10
aff11_wu25k_absq1_m128_seed1,11,11,x,6,87.7018062286224,0.9999993068071744,0.9999971612754123,1,1,1,M,10
aff11_wu25k_absq1_m128_seed1,11,11,x,7,0.0004706780516758524,0.998551237139415,0.9999492215287361,1,1,1,1,1
aff11_wu25k_absq1_m128_seed1,11,11,x,8,87.52368937966357,0.9999994353647335,0.9999962146337368,1,1,1,M,10
aff11_wu25k_absq1_m128_seed1,11,11,x,9,88.94109527453413,0.9999997346715697,0.9999965174273245,1,1,1,M,10
aff11_wu25k_absq1_m128_seed1,11,11,x,10,92.23984041296941,0.9999998134795199,0.9999964027335969,1,1,1,M,10
aff11_wu25k_absq1_m128_seed1,11,11,x,11,97.22627812020974,0.9999997364935422,0.9999961463314401,1,1,1,M,10
aff11_wu25k_absq1_m128_seed1,11,11,x,12,88.80742440380001,0.9999996790532266,0.9999975282603395,1,1,1,M,10
aff11_wu25k_absq1_m128_seed1,11,11,x,13,94.5559632513962,0.9999997882652769,0.9999971859933305,1,1,1,M,10
aff11_wu25k_absq1_m128_seed1,11,11,x,14,93.8674134917988,0.9999990142701756,0.9999977007393134,1,1,1,M,10
aff11_wu25k_absq1_m128_seed1,11,11,x,15,88.78051185365884,0.9999994950562414,0.9999963907904091,1,1,1,M,10
aff11_wu25k_absq1_m128_seed1,11,11,x,16,0.0001992250871070017,0.999995744261825,0.9999880013198615,1,1,1,1,1
aff11_wu25k_absq1_m128_seed1,11,11,x,17,89.34560835548402,0.999999690051732,0.9999964993667032,1,1,1,M,10
aff11_wu25k_absq1_m128_seed1,11,11,x,18,93.8491545167583,0.9999994543829414,0.9999976485382736,1,1,1,M,10
aff11_wu25k_absq1_m128_seed1,11,11,x,19,92.42718704072446,0.9999994369204579,0.9999963066374642,1,1,1,M,10
aff11_wu25k_absq1_m128_seed1,11,11,x,20,88.72492010039646,0.9999998311590853,0.999996159073037,1,1,1,M,10
aff11_wu25k_absq1_m128_seed1,11,11,x,21,92.7654632600632,0.9999994851206163,0.9999977111989498,1,1,1,M,10
aff11_wu25k_absq1_m128_seed1,11,11,x,22,92.58993070863772,0.9999990213191857,0.999995660707316,1,1,1,M,10
aff11_wu25k_absq1_m128_seed1,11,11,x,23,99.96779012074036,0.9999998092930013,0.9999975932039901,1,1,1,M,10
aff11_wu25k_absq1_m128_seed1,11,11,x,24,90.77956037553963,0.9999997624831314,0.9999975089610991,1,1,1,M,10
aff11_wu25k_absq1_m128_seed1,11,11,x,25,89.65579807508057,0.9999997456011899,0.9999973822958041,1,1,1,M,10
aff11_wu25k_absq1_m128_seed1,11,11,x,26,93.03885617697838,0.9999990563903016,0.9999956991758492,1,1,1,M,10
aff11_wu25k_absq1_m128_seed1,11,11,x,27,90.34497250165265,0.9999998839211275,0.9999972336503545,1,1,1,M,10
aff11_wu25k_absq1_m128_seed1,11,11,x,28,92.41550069911506,0.999998615532418,0.9999956555855835,1,1,1,M,10
aff11_wu25k_absq1_m128_seed1,11,11,x,29,89.0900924488573,0.9999997861339991,0.9999965591324446,1,1,1,M,10
aff11_wu25k_absq1_m128_seed1,11,11,x,30,91.42753611510176,0.9999996377791853,0.9999964742096809,1,1,1,M,10
aff11_wu25k_absq1_m128_seed1,11,11,x,31,86.35293125856982,0.9999998034545191,0.9999971278936921,1,1,1,M,10
aff11_wu25k_absq1_m128_seed1,11,11,x,32,96.02257292571456,0.9999995906254346,0.9999969604400144,1,1,1,M,10
aff11_wu25k_absq1_m128_seed1,11,11,x,33,89.5699646876355,0.9999997540117898,0.9999974389842249,1,1,1,M,10
aff11_wu25k_absq1_m128_seed1,11,11,x,35,88.2969606406799,0.9999998041143858,0.9999961311196264,1,1,1,M,10
aff11_wu25k_absq1_m128_seed1,11,11,x,36,91.05824238248907,0.9999992680176315,0.9999956920409079,1,1,1,M,10
aff11_wu25k_absq1_m128_seed1,11,11,x,37,93.14061438752053,0.9999994923603599,0.999997689342959,1,1,1,M,10
aff11_wu25k_absq1_m128_seed1,11,11,x,38,94.05323642077684,0.999999589048932,0.9999974619445394,1,1,1,M,10
aff11_wu25k_absq1_m128_seed1,11,11,x,39,93.98057720982935,0.9999993433657096,0.9999977410698146,1,1,1,M,10
aff11_wu25k_absq1_m128_seed1,11,11,x,40,92.3793718175276,0.9999997184282273,0.9999971974797667,1,1,1,M,10
aff11_wu25k_absq1_m128_seed1,11,11,x,41,0.00022621695640602445,0.9849097114752372,0.9994838005671806,1,1,1,1,1
aff11_wu25k_absq1_m128_seed1,11,11,x,42,87.01116695422604,0.99999931134187,0.9999977322543896,1,1,1,M,10
aff11_wu25k_absq1_m128_seed1,11,11,x,43,98.00817427258256,0.9999992009222737,0.9999973269637064,1,1,1,M,10
aff11_wu25k_absq1_m128_seed1,11,11,x,44,88.53606242933328,0.9999999118975015,0.9999976537381059,1,1,1,M,10
aff11_wu25k_absq1_m128_seed1,11,11,x,45,91.86222057131627,0.999999560809591,0.9999965624851404,1,1,1,M,10
aff11_wu25k_absq1_m128_seed1,11,11,x,46,91.4908029982006,0.9999993073560547,0.9999962321577504,1,1,1,M,10
aff11_wu25k_absq1_m128_seed1,11,11,x,47,94.67283119137775,0.9999995232425968,0.9999976569963406,1,1,1,M,10
aff11_wu25k_absq1_m128_seed1,11,11,x,48,93.8845334016995,0.9999994531526257,0.999997756296396,1,1,1,M,10
aff11_wu25k_absq1_m128_seed1,11,11,x,49,91.49860359464103,0.9999995795210773,0.9999975484301236,1,1,1,M,10
aff11_wu25k_absq1_m128_seed1,11,11,x,50,95.13534944174984,0.9999996810510695,0.9999970311697476,1,1,1,M,10
aff11_wu25k_absq1_m128_seed1,11,11,x,51,97.13250190915247,0.9999996688453452,0.9999970156153184,1,1,1,M,10
aff11_wu25k_absq1_m128_seed1,11,11,x,52,91.84768558680301,0.99999958152464,0.999997596767291,1,1,1,M,10
aff11_wu25k_absq1_m128_seed1,11,11,x,53,94.98514157841304,0.9999996601944214,0.9999969351924074,1,1,1,M,10
aff11_wu25k_absq1_m128_seed1,11,11,x,54,92.5771455457985,0.9999994698088968,0.9999976976297772,1,1,1,M,10
aff11_wu25k_absq1_m128_seed1,11,11,x,55,98.48391205204393,0.9999998081333966,0.999997666477521,1,1,1,M,10
aff11_wu25k_absq1_m128_seed1,11,11,x,56,88.63844325283421,0.9999997688752084,0.9999965232335332,1,1,1,M,10
aff11_wu25k_absq1_m128_seed1,11,11,x,57,0.00030585495557496203,0.9267172387822358,0.9975014022939147,1,1,1,1,1
aff11_wu25k_absq1_m128_seed1,11,11,x,58,93.1148499321513,0.9999993003174888,0.9999976530618306,1,1,1,M,10
aff11_wu25k_absq1_m128_seed1,11,11,x,59,86.94308431898513,0.9999997502834768,0.9999975438604142,1,1,1,M,10
aff11_wu25k_absq1_m128_seed1,11,11,x,60,94.94542867740792,0.9999995607662381,0.9999975290353994,1,1,1,M,10
aff11_wu25k_absq1_m128_seed1,11,11,x,61,93.57976618656429,0.9999999013756656,0.9999975598304311,1,1,1,M,10
aff11_wu25k_absq1_m128_seed1,11,11,x,62,93.00724682237181,0.9999997398688786,0.9999976190319652,1,1,1,M,10
aff11_wu25k_absq1_m128_seed1,11,11,x,63,91.78211305994907,0.9999998101919766,0.9999972422098569,1,1,1,M,10
aff11_wu25k_absq1_m128_seed1,11,11,x,64,91.14801188726938,0.9999998139529648,0.9999972516205748,1,1,1,M,10
aff11_wu25k_absq1_m128_seed1,11,11,x,65,93.53961910810557,0.9999999323170192,0.9999976511773233,1,1,1,M,10
aff11_wu25k_absq1_m128_seed1,11,11,x,66,89.51496435103034,0.9999997103196999,0.9999972849404735,1,1,1,M,10
aff11_wu25k_absq1_m128_seed1,11,11,x,67,89.98993262090774,0.9999993170478989,0.9999973462946278,1,1,1,M,10
aff11_wu25k_absq1_m128_seed1,11,11,x,68,90.8606828164078,0.9999999060700723,0.9999976199537108,1,1,1,M,10
aff11_wu25k_absq1_m128_seed1,11,11,x,69,94.86967247652468,0.9999996648864797,0.9999971256043839,1,1,1,M,10
aff11_wu25k_absq1_m128_seed1,11,11,x,70,91.18826521332366,0.9999993163531915,0.999996839277776,1,1,1,M,10
aff11_wu25k_absq1_m128_seed1,11,11,x,71,95.88836778174519,0.9999991540099487,0.9999976432625439,1,1,1,M,10
aff11_wu25k_absq1_m128_seed1,11,11,x,72,88.66803279551341,0.9999994772702451,0.9999963051045452,1,1,1,M,10
aff11_wu25k_absq1_m128_seed1,11,11,x,73,94.24361477283144,0.9999995108660358,0.9999971276479488,1,1,1,M,10
aff11_wu25k_absq1_m128_seed1,11,11,x,74,89.5926654270372,0.9999993943448576,0.9999962686294366,1,1,1,M,10
aff11_wu25k_absq1_m128_seed1,11,11,x,75,88.26484944065128,0.9999999152959318,0.9999973253046287,1,1,1,M,10
aff11_wu25k_absq1_m128_seed1,11,11,x,76,90.47990650993874,0.9999997941515832,0.9999972013623027,1,1,1,M,10
aff11_wu25k_absq1_m128_seed1,11,11,x,77,87.01252096034882,0.9999997224008754,0.9999971883255392,1,1,1,M,10
aff11_wu25k_absq1_m128_seed1,11,11,x,78,95.5897355480147,0.9999998063298192,0.999996218540002,1,1,1,M,10
aff11_wu25k_absq1_m128_seed1,11,11,x,79,87.26308912610068,0.9999993850251317,0.999997175926518,1,1,1,M,10
aff11_wu25k_absq1_m128_seed1,11,11,x,80,94.7782841599313,0.9999994238169285,0.9999963704275818,1,1,1,M,10
aff11_wu25k_absq1_m128_seed1,11,11,x,81,91.38930325716201,0.999999739655595,0.9999971982326341,1,1,1,M,10
aff11_wu25k_absq1_m128_seed1,11,11,x,82,88.87661575628461,0.9999995543982191,0.9999966202038858,1,1,1,M,10
aff11_wu25k_absq1_m128_seed1,11,11,x,83,95.84483071988745,0.9999997393791981,0.9999975202238354,1,1,1,M,10
aff11_wu25k_absq1_m128_seed1,11,11,x,84,91.68892967453995,0.9999992128488395,0.9999957165745126,1,1,1,M,10
aff11_wu25k_absq1_m128_seed1,11,11,x,85,89.40129423247757,0.9999993502629707,0.9999974518766888,1,1,1,M,10
aff11_wu25k_absq1_m128_seed1,11,11,x,86,94.82309184368941,0.9999998202256138,0.9999961259404159,1,1,1,M,10
aff11_wu25k_absq1_m128_seed1,11,11,x,87,86.09519331836776,0.9999998632528356,0.9999972875851418,1,1,1,M,10
aff11_wu25k_absq1_m128_seed1,11,11,x,88,88.19187332498285,0.9999998986026072,0.9999973057133434,1,1,1,M,10
aff11_wu25k_absq1_m128_seed1,11,11,x,89,92.06939962083085,0.9999992511761197,0.9999956603477093,1,1,1,M,10
aff11_wu25k_absq1_m128_seed1,11,11,x,90,88.88983918939205,0.9999997460147453,0.9999975572044975,1,1,1,M,10
aff11_wu25k_absq1_m128_seed1,11,11,x,91,94.16852426058632,0.9999992597489549,0.999995692064197,1,1,1,M,10
aff11_wu25k_absq1_m128_seed1,11,11,x,92,94.38185427051903,0.9999994365900299,0.9999963203916167,1,1,1,M,10
aff11_wu25k_absq1_m128_seed1,11,11,x,93,93.78189277226488,0.9999995181211382,0.9999975946067661,1,1,1,M,10
aff11_wu25k_absq1_m128_seed1,11,11,x,94,96.48978714542918,0.9999992418495387,0.9999957409395172,1,1,1,M,10
aff11_wu25k_absq1_m128_seed1,11,11,x,95,93.64504440358017,0.9999993239091594,0.9999965090936175,1,1,1,M,10
aff11_wu25k_absq1_m128_seed1,11,11,x,96,89.88704420215709,0.9999994248328778,0.9999960905716864,1,1,1,M,10
aff11_wu25k_absq1_m128_seed1,11,11,x,97,92.47095558587635,0.9999992989653781,0.9999961886161715,1,1,1,M,10
aff11_wu25k_absq1_m128_seed1,11,11,x,98,87.26799032195828,0.9999997564491044,0.9999975074499682,1,1,1,M,10
aff11_wu25k_absq1_m128_seed1,11,11,x,99,94.77318401854393,0.999999600961488,0.9999961779545561,1,1,1,M,10
aff11_wu25k_absq1_m128_seed1,11,11,x,100,87.84730655596532,0.9999997365661978,0.9999975478509204,1,1,1,M,10
aff11_wu25k_absq1_m128_seed1,11,11,x,101,93.92571224170483,0.9999992494701069,0.999995728430966,1,1,1,M,10
aff11_wu25k_absq1_m128_seed1,11,11,x,102,89.53066117826415,0.9999996621785253,0.9999974728472323,1,1,1,M,10
aff11_wu25k_absq1_m128_seed1,11,11,x,103,89.3210549033816,0.999999866905135,0.9999972669381584,1,1,1,M,10
aff11_wu25k_absq1_m128_seed1,11,11,x,104,91.18502858099492,0.999999818228257,0.9999962344801153,1,1,1,M,10
aff11_wu25k_absq1_m128_seed1,11,11,x,105,91.67979706390847,0.9999999258225382,0.9999976209781187,1,1,1,M,10
aff11_wu25k_absq1_m128_seed1,11,11,x,106,93.07421400942715,0.9999992510422396,0.9999963156416877,1,1,1,M,10
aff11_wu25k_absq1_m128_seed1,11,11,x,107,89.32980947166222,0.9999992694088381,0.9999963070975478,1,1,1,M,10
aff11_wu25k_absq1_m128_seed1,11,11,x,108,93.37763085024638,0.9999997961900489,0.9999975411629168,1,1,1,M,10
aff11_wu25k_absq1_m128_seed1,11,11,x,109,90.27119242241267,0.9999998121326451,0.9999972708588633,1,1,1,M,10
aff11_wu25k_absq1_m128_seed1,11,11,x,110,89.67552217194509,0.9999996388416181,0.9999965305199041,1,1,1,M,10
aff11_wu25k_absq1_m128_seed1,11,11,x,111,97.7517379362487,0.9999992648153502,0.9999956728488674,1,1,1,M,10
aff11_wu25k_absq1_m128_seed1,11,11,x,112,91.56794668239661,0.9999998346684176,0.9999961563036522,1,1,1,M,10
aff11_wu25k_absq1_m128_seed1,11,11,x,113,89.01441455963925,0.9999989269268504,0.9999977623640213,1,1,1,M,10
aff11_wu25k_absq1_m128_seed1,11,11,x,114,92.63015098622488,0.9999997077205862,0.9999975366403552,1,1,1,M,10
aff11_wu25k_absq1_m128_seed1,11,11,x,115,0.00017154097565638023,0.9721493274386135,0.9991100730870184,1,1,1,1,1
aff11_wu25k_absq1_m128_seed1,11,11,x,116,89.82308416105496,0.9999995817002039,0.9999969350276744,1,1,1,M,10
aff11_wu25k_absq1_m128_seed1,11,11,x,117,93.81163742286085,0.9999994167393528,0.999997701639137,1,1,1,M,10
aff11_wu25k_absq1_m128_seed1,11,11,x,118,95.33955147037999,0.9999984906240431,0.9999961629702129,1,1,1,M,10
aff11_wu25k_absq1_m128_seed1,11,11,x,119,93.33859883893,0.9999995672592024,0.9999969139913747,1,1,1,M,10
aff11_wu25k_absq1_m128_seed1,11,11,x,120,92.07060290687251,0.9999994109101462,0.9999977493351171,1,1,1,M,10
aff11_wu25k_absq1_m128_seed1,11,11,x,121,91.61639677434306,0.9999996507973218,0.9999970259306818,1,1,1,M,10
aff11_wu25k_absq1_m128_seed1,11,11,x,122,91.44350408192399,0.9999998092499476,0.9999964871224261,1,1,1,M,10
aff11_wu25k_absq1_m128_seed1,11,11,x,123,92.7693057823819,0.9999997167780127,0.9999975738868582,1,1,1,M,10
aff11_wu25k_absq1_m128_seed1,11,11,x,124,92.17074737211799,0.9999998871876759,0.9999976454305646,1,1,1,M,10
aff11_wu25k_absq1_m128_seed1,11,11,x,125,95.9129389681494,0.9999997311509737,0.9999971667262125,1,1,1,M,10
aff11_wu25k_absq1_m128_seed1,11,11,x,126,89.34902021369504,0.9999997316184372,0.9999975387444436,1,1,1,M,10
aff11_wu25k_absq1_m128_seed1,11,11,x,127,91.0001929204836,0.9999979181695512,0.9999955989385894,1,1,1,M,10
aff11_wu25k_absq1_m128_seed1,11,11,y,0,92.05880773350502,0.9999971402403033,0.9999967292623924,1,M,10,1,1
aff11_wu25k_absq1_m128_seed1,11,11,y,1,93.13677148435983,0.9999992941781962,0.999996110914013,1,M,10,1,1
aff11_wu25k_absq1_m128_seed1,11,11,y,2,88.1975136350161,0.9999997713215992,0.9999968503731687,1,M,10,1,1
aff11_wu25k_absq1_m128_seed1,11,11,y,3,0.00033518786691112755,0.9998202024482363,0.9999833937868587,1,1,1,1,1
aff11_wu25k_absq1_m128_seed1,11,11,y,4,95.09462070060748,0.9999988800452613,0.9999968497955583,1,M,10,1,1
aff11_wu25k_absq1_m128_seed1,11,11,y,5,88.58401337540762,0.9999996905443196,0.9999960873949626,1,M,10,1,1
aff11_wu25k_absq1_m128_seed1,11,11,y,6,86.90753314065188,0.9999995051148016,0.9999967816571212,1,M,10,1,1
aff11_wu25k_absq1_m128_seed1,11,11,y,7,0.0002879369849210806,0.991500059661243,0.9994820713713023,1,1,1,1,1
aff11_wu25k_absq1_m128_seed1,11,11,y,8,86.73515789600741,0.9999995669488838,0.9999949416016953,1,M,10,1,1
aff11_wu25k_absq1_m128_seed1,11,11,y,9,87.9737489559348,0.999999297057762,0.9999953963144445,1,M,10,1,1
aff11_wu25k_absq1_m128_seed1,11,11,y,10,91.34584976421564,0.999999282109467,0.9999962081772307,1,M,10,1,1
aff11_wu25k_absq1_m128_seed1,11,11,y,11,96.1355796715105,0.9999994711138626,0.9999969615501367,1,M,10,1,1
aff11_wu25k_absq1_m128_seed1,11,11,y,12,88.04248511865907,0.9999995613880892,0.9999968355572407,1,M,10,1,1
aff11_wu25k_absq1_m128_seed1,11,11,y,13,94.7183280970296,0.9999997766282291,0.9999960069689198,1,M,10,1,1
aff11_wu25k_absq1_m128_seed1,11,11,y,14,93.33399691805776,0.9999983077154884,0.9999970772392078,1,M,10,1,1
aff11_wu25k_absq1_m128_seed1,11,11,y,15,88.57433441188951,0.9999992474349713,0.9999961097262724,1,M,10,1,1
aff11_wu25k_absq1_m128_seed1,11,11,y,16,0.00015306291770731322,0.9972870051550082,0.9998142940255699,1,1,1,1,1
aff11_wu25k_absq1_m128_seed1,11,11,y,17,88.22860805612864,0.9999996419503584,0.9999969801478603,1,M,10,1,1
aff11_wu25k_absq1_m128_seed1,11,11,y,18,92.94054852223779,0.9999991472392622,0.9999955625112786,1,M,10,1,1
aff11_wu25k_absq1_m128_seed1,11,11,y,19,91.62434613026622,0.999999778712837,0.9999970786092512,1,M,10,1,1
aff11_wu25k_absq1_m128_seed1,11,11,y,20,87.72686019977593,0.9999995388749575,0.9999961777519999,1,M,10,1,1
aff11_wu25k_absq1_m128_seed1,11,11,y,21,92.41006736297895,0.999999668587256,0.9999959478887533,1,M,10,1,1
aff11_wu25k_absq1_m128_seed1,11,11,y,22,91.92925163840322,0.9999993423114459,0.9999954560963819,1,M,10,1,1
aff11_wu25k_absq1_m128_seed1,11,11,y,23,98.93752208151339,0.999999576834545,0.9999969723857185,1,M,10,1,1
aff11_wu25k_absq1_m128_seed1,11,11,y,24,89.78975125769982,0.9999991709706834,0.9999954639860732,1,M,10,1,1
aff11_wu25k_absq1_m128_seed1,11,11,y,25,88.65029795699701,0.9999991618543513,0.9999954465306516,1,M,10,1,1
aff11_wu25k_absq1_m128_seed1,11,11,y,26,92.32220224973256,0.9999995233161973,0.999996797801785,1,M,10,1,1
aff11_wu25k_absq1_m128_seed1,11,11,y,27,89.46348895134932,0.9999996752471886,0.9999974962988663,1,M,10,1,1
aff11_wu25k_absq1_m128_seed1,11,11,y,28,91.82604420791388,0.9999994619200542,0.9999969582782776,1,M,10,1,1
aff11_wu25k_absq1_m128_seed1,11,11,y,29,88.39525392943574,0.999999553262374,0.9999961090299889,1,M,10,1,1
aff11_wu25k_absq1_m128_seed1,11,11,y,30,90.82705118237277,0.9999989191222944,0.9999951817489878,1,M,10,1,1
aff11_wu25k_absq1_m128_seed1,11,11,y,31,86.23453054050897,0.9999993169645437,0.9999967547886859,1,M,10,1,1
aff11_wu25k_absq1_m128_seed1,11,11,y,32,95.49687070734016,0.9999997619568834,0.9999968227062714,1,M,10,1,1
aff11_wu25k_absq1_m128_seed1,11,11,y,33,88.58681768704054,0.9999997837934618,0.9999970059911972,1,M,10,1,1
aff11_wu25k_absq1_m128_seed1,11,11,y,35,87.46512463905414,0.9999989039838897,0.9999967374673869,1,M,10,1,1
aff11_wu25k_absq1_m128_seed1,11,11,y,36,90.07099291721313,0.9999989142747924,0.9999961641052327,1,M,10,1,1
aff11_wu25k_absq1_m128_seed1,11,11,y,37,92.23163561627723,0.9999996130177669,0.9999974630402728,1,M,10,1,1
aff11_wu25k_absq1_m128_seed1,11,11,y,38,93.1809387121819,0.9999995066355648,0.999997457559021,1,M,10,1,1
aff11_wu25k_absq1_m128_seed1,11,11,y,39,93.60925612937203,0.9999995560068515,0.9999949577508888,1,M,10,1,1
aff11_wu25k_absq1_m128_seed1,11,11,y,40,91.60920029680496,0.9999995401914531,0.9999948417230251,1,M,10,1,1
aff11_wu25k_absq1_m128_seed1,11,11,y,41,0.00025948833576038433,0.962792309090372,0.9976085420719335,1,1,1,1,1
aff11_wu25k_absq1_m128_seed1,11,11,y,42,86.79880500280939,0.999999571919321,0.9999968083460022,1,M,10,1,1
aff11_wu25k_absq1_m128_seed1,11,11,y,43,97.27089151446214,0.999999751352413,0.9999969138166037,1,M,10,1,1
aff11_wu25k_absq1_m128_seed1,11,11,y,44,87.88827966973815,0.9999997643383399,0.9999968719927391,1,M,10,1,1
aff11_wu25k_absq1_m128_seed1,11,11,y,45,91.38324688747265,0.9999994729736542,0.9999967691567109,1,M,10,1,1
aff11_wu25k_absq1_m128_seed1,11,11,y,46,90.843281549085,0.9999998439467546,0.9999960661616545,1,M,10,1,1
aff11_wu25k_absq1_m128_seed1,11,11,y,47,94.0063032564647,0.9999997599092465,0.9999961666748602,1,M,10,1,1
aff11_wu25k_absq1_m128_seed1,11,11,y,48,92.77635719060444,0.999999682329795,0.9999957246108813,1,M,10,1,1
aff11_wu25k_absq1_m128_seed1,11,11,y,49,91.01159561376593,0.9999994211062665,0.9999961083364681,1,M,10,1,1
aff11_wu25k_absq1_m128_seed1,11,11,y,50,94.19086240398099,0.9999995630388736,0.9999954285551702,1,M,10,1,1
aff11_wu25k_absq1_m128_seed1,11,11,y,51,96.16362844546038,0.9999996847096797,0.9999974602812097,1,M,10,1,1
aff11_wu25k_absq1_m128_seed1,11,11,y,52,91.72730866844903,0.9999995594107327,0.9999947735353582,1,M,10,1,1
aff11_wu25k_absq1_m128_seed1,11,11,y,53,94.04281075503467,0.9999997704741275,0.9999957250179449,1,M,10,1,1
aff11_wu25k_absq1_m128_seed1,11,11,y,54,91.49174814877676,0.9999995635715414,0.9999961464970147,1,M,10,1,1
aff11_wu25k_absq1_m128_seed1,11,11,y,55,97.88612311364686,0.9999997850184967,0.9999961690053887,1,M,10,1,1
aff11_wu25k_absq1_m128_seed1,11,11,y,56,87.83464191344606,0.9999996623066312,0.9999974091308265,1,M,10,1,1
aff11_wu25k_absq1_m128_seed1,11,11,y,57,0.0004157220234398498,0.9937473533888155,0.9996168748304582,1,1,1,1,1
aff11_wu25k_absq1_m128_seed1,11,11,y,58,92.96981487288416,0.9999995574245547,0.9999960820688536,1,M,10,1,1
aff11_wu25k_absq1_m128_seed1,11,11,y,59,86.15722472076342,0.9999995684485704,0.9999949277065484,1,M,10,1,1
aff11_wu25k_absq1_m128_seed1,11,11,y,60,94.14996121464614,0.999999366664189,0.9999960995036117,1,M,10,1,1
aff11_wu25k_absq1_m128_seed1,11,11,y,61,92.72825022409532,0.9999996504211301,0.9999962299764455,1,M,10,1,1
aff11_wu25k_absq1_m128_seed1,11,11,y,62,91.94433000617524,0.9999996076990036,0.9999954066528324,1,M,10,1,1
aff11_wu25k_absq1_m128_seed1,11,11,y,63,90.7337841625232,0.9999995999384941,0.9999961302299191,1,M,10,1,1
aff11_wu25k_absq1_m128_seed1,11,11,y,64,90.06575732305961,0.9999996311877312,0.9999961195802086,1,M,10,1,1
aff11_wu25k_absq1_m128_seed1,11,11,y,65,92.44967233891008,0.9999996977948501,0.9999961126368389,1,M,10,1,1
aff11_wu25k_absq1_m128_seed1,11,11,y,66,88.68444470739195,0.9999995635730266,0.9999948565263433,1,M,10,1,1
aff11_wu25k_absq1_m128_seed1,11,11,y,67,88.96026283212267,0.9999996469778093,0.9999969885432247,1,M,10,1,1
aff11_wu25k_absq1_m128_seed1,11,11,y,68,90.026643445433,0.999999454073164,0.9999974475835394,1,M,10,1,1
aff11_wu25k_absq1_m128_seed1,11,11,y,69,94.45156932460749,0.9999995387804363,0.9999954727237765,1,M,10,1,1
aff11_wu25k_absq1_m128_seed1,11,11,y,70,90.45909867457819,0.9999997059123922,0.999996040027016,1,M,10,1,1
aff11_wu25k_absq1_m128_seed1,11,11,y,71,95.13725630931705,0.9999996922921479,0.9999970795731571,1,M,10,1,1
aff11_wu25k_absq1_m128_seed1,11,11,y,72,87.9459799158057,0.999999796944052,0.9999958243472099,1,M,10,1,1
aff11_wu25k_absq1_m128_seed1,11,11,y,73,94.05492946571208,0.9999997907775742,0.999996226580888,1,M,10,1,1
aff11_wu25k_absq1_m128_seed1,11,11,y,74,88.44344733501153,0.9999994542534152,0.9999968108080012,1,M,10,1,1
aff11_wu25k_absq1_m128_seed1,11,11,y,75,87.24943375730251,0.9999995943826849,0.9999961559180593,1,M,10,1,1
aff11_wu25k_absq1_m128_seed1,11,11,y,76,89.58420851755561,0.9999997250803438,0.9999960728686671,1,M,10,1,1
aff11_wu25k_absq1_m128_seed1,11,11,y,77,86.52960073662531,0.9999997880296936,0.9999958904619288,1,M,10,1,1
aff11_wu25k_absq1_m128_seed1,11,11,y,78,94.8097067786784,0.999998346117929,0.9999961004635142,1,M,10,1,1
aff11_wu25k_absq1_m128_seed1,11,11,y,79,86.34667879947304,0.999999685225853,0.9999957215274784,1,M,10,1,1
aff11_wu25k_absq1_m128_seed1,11,11,y,80,94.13237077988728,0.9999996881383502,0.9999974551266537,1,M,10,1,1
aff11_wu25k_absq1_m128_seed1,11,11,y,81,90.32191390300353,0.9999994715358266,0.9999974420493917,1,M,10,1,1
aff11_wu25k_absq1_m128_seed1,11,11,y,82,88.19968186569196,0.9999997108859444,0.9999959057162207,1,M,10,1,1
aff11_wu25k_absq1_m128_seed1,11,11,y,83,95.00370133353904,0.9999996348010629,0.9999962068442264,1,M,10,1,1
aff11_wu25k_absq1_m128_seed1,11,11,y,84,91.03601828163885,0.9999997535101568,0.9999958783015843,1,M,10,1,1
aff11_wu25k_absq1_m128_seed1,11,11,y,85,88.84129580624908,0.9999991991179769,0.9999966965903538,1,M,10,1,1
aff11_wu25k_absq1_m128_seed1,11,11,y,86,93.60916915838385,0.9999997798180645,0.9999957501641804,1,M,10,1,1
aff11_wu25k_absq1_m128_seed1,11,11,y,87,85.54562499343143,0.9999993911711976,0.9999967517520831,1,M,10,1,1
aff11_wu25k_absq1_m128_seed1,11,11,y,88,87.56786992591303,0.9999996828061253,0.9999961938879081,1,M,10,1,1
aff11_wu25k_absq1_m128_seed1,11,11,y,89,91.09540840609526,0.9999995509474777,0.9999949542948054,1,M,10,1,1
aff11_wu25k_absq1_m128_seed1,11,11,y,90,88.59309242640805,0.9999996345393843,0.9999961021075493,1,M,10,1,1
aff11_wu25k_absq1_m128_seed1,11,11,y,91,93.47988532640463,0.999999644993046,0.9999969816099888,1,M,10,1,1
aff11_wu25k_absq1_m128_seed1,11,11,y,92,93.66868949531984,0.9999996156130946,0.999995529213585,1,M,10,1,1
aff11_wu25k_absq1_m128_seed1,11,11,y,93,92.95945165926368,0.9999991824334642,0.9999955021667724,1,M,10,1,1
aff11_wu25k_absq1_m128_seed1,11,11,y,94,96.65317260075412,0.9999992845400529,0.9999962763988872,1,M,10,1,1
aff11_wu25k_absq1_m128_seed1,11,11,y,95,93.15130102714129,0.9999992144513191,0.9999969708741575,1,M,10,1,1
aff11_wu25k_absq1_m128_seed1,11,11,y,96,89.00634110244367,0.9999996095810377,0.9999966991895143,1,M,10,1,1
aff11_wu25k_absq1_m128_seed1,11,11,y,97,91.57754995168806,0.9999995270348432,0.9999950849892997,1,M,10,1,1
aff11_wu25k_absq1_m128_seed1,11,11,y,98,86.57166442247501,0.9999996157182196,0.999996081036843,1,M,10,1,1
aff11_wu25k_absq1_m128_seed1,11,11,y,99,94.01508293472693,0.9999998223365455,0.999996053675359,1,M,10,1,1
aff11_wu25k_absq1_m128_seed1,11,11,y,100,87.49439463891699,0.9999995825074356,0.9999974169526211,1,M,10,1,1
aff11_wu25k_absq1_m128_seed1,11,11,y,101,93.02240318888192,0.9999995511035973,0.9999961371607715,1,M,10,1,1
aff11_wu25k_absq1_m128_seed1,11,11,y,102,88.39575631927403,0.9999995650459768,0.9999961907750431,1,M,10,1,1
aff11_wu25k_absq1_m128_seed1,11,11,y,103,88.2225738485867,0.9999993196817898,0.9999969860376821,1,M,10,1,1
aff11_wu25k_absq1_m128_seed1,11,11,y,104,90.15504912614519,0.9999995905388679,0.9999975086794881,1,M,10,1,1
aff11_wu25k_absq1_m128_seed1,11,11,y,105,90.63174867781917,0.9999995118079142,0.9999961323660849,1,M,10,1,1
aff11_wu25k_absq1_m128_seed1,11,11,y,106,92.18047688402409,0.9999995450941686,0.9999961661003988,1,M,10,1,1
aff11_wu25k_absq1_m128_seed1,11,11,y,107,89.02652701981171,0.9999993984214631,0.9999960522095143,1,M,10,1,1
aff11_wu25k_absq1_m128_seed1,11,11,y,108,92.3690498031574,0.9999994121220688,0.9999967048308631,1,M,10,1,1
aff11_wu25k_absq1_m128_seed1,11,11,y,109,89.54444555139102,0.9999997607160951,0.9999968197844175,1,M,10,1,1
aff11_wu25k_absq1_m128_seed1,11,11,y,110,88.54310891885402,0.9999996069554158,0.9999961803148454,1,M,10,1,1
aff11_wu25k_absq1_m128_seed1,11,11,y,111,96.72819565733258,0.9999995695841705,0.9999961765643505,1,M,10,1,1
aff11_wu25k_absq1_m128_seed1,11,11,y,112,90.73756380366689,0.9999995719552228,0.9999961302067026,1,M,10,1,1
aff11_wu25k_absq1_m128_seed1,11,11,y,113,88.06112935207882,0.9999992298284185,0.9999958836073288,1,M,10,1,1
aff11_wu25k_absq1_m128_seed1,11,11,y,114,91.76800161901832,0.9999992517588839,0.9999958690902245,1,M,10,1,1
aff11_wu25k_absq1_m128_seed1,11,11,y,115,0.0003014243695677629,0.9543292615142245,0.9967835476198773,1,1,1,1,1
aff11_wu25k_absq1_m128_seed1,11,11,y,116,89.17723936130585,0.9999995709591066,0.9999948986840359,1,M,10,1,1
aff11_wu25k_absq1_m128_seed1,11,11,y,117,93.01119216219155,0.9999990582721678,0.9999954782505388,1,M,10,1,1
aff11_wu25k_absq1_m128_seed1,11,11,y,118,94.11502808438661,0.9999989717466977,0.9999954364990263,1,M,10,1,1
aff11_wu25k_absq1_m128_seed1,11,11,y,119,92.8000794188801,0.9999995665680292,0.9999960778374354,1,M,10,1,1
aff11_wu25k_absq1_m128_seed1,11,11,y,120,91.08779093364873,0.9999996055052655,0.999996191599955,1,M,10,1,1
aff11_wu25k_absq1_m128_seed1,11,11,y,121,90.95706902086772,0.9999993823819203,0.9999961480402588,1,M,10,1,1
aff11_wu25k_absq1_m128_seed1,11,11,y,122,90.46695660449593,0.9999996462580769,0.9999960954441249,1,M,10,1,1
aff11_wu25k_absq1_m128_seed1,11,11,y,123,91.87569890385795,0.9999997789888975,0.9999958992125745,1,M,10,1,1
aff11_wu25k_absq1_m128_seed1,11,11,y,124,91.6117670106065,0.9999994452814688,0.9999945787239053,1,M,10,1,1
aff11_wu25k_absq1_m128_seed1,11,11,y,125,94.97592736150536,0.99999976370899,0.9999969969189353,1,M,10,1,1
aff11_wu25k_absq1_m128_seed1,11,11,y,126,88.68356242438371,0.9999990843947377,0.9999969902644597,1,M,10,1,1
aff11_wu25k_absq1_m128_seed1,11,11,y,127,90.36513965235406,0.9999993584109063,0.9999974603354816,1,M,10,1,1
aff11_wu25k_absq1_m128_seed2,11,11,x,0,91.11712960450802,0.9999984132726734,0.9999961543742897,1,1,1,M,10
aff11_wu25k_absq1_m128_seed2,11,11,x,1,90.413520015841,0.9999989329559479,0.9999966063351856,1,1,1,M,10
aff11_wu25k_absq1_m128_seed2,11,11,x,2,89.23528486952674,0.9999989460966513,0.9999964931894044,1,1,1,M,10
aff11_wu25k_absq1_m128_seed2,11,11,x,3,90.40506311144962,0.9999995945838192,0.9999974347109023,1,1,1,M,10
aff11_wu25k_absq1_m128_seed2,11,11,x,4,91.70122542732206,0.9999990134125536,0.9999974196658871,1,1,1,M,10
aff11_wu25k_absq1_m128_seed2,11,11,x,5,89.77184337354163,0.9999991525919154,0.9999964743943676,1,1,1,M,10
aff11_wu25k_absq1_m128_seed2,11,11,x,6,88.26250146967415,0.9999986153880593,0.9999969319254309,1,1,1,M,10
aff11_wu25k_absq1_m128_seed2,11,11,x,7,85.53752427764887,0.9999994599232181,0.9999974879693019,1,1,1,M,10
aff11_wu25k_absq1_m128_seed2,11,11,x,8,88.43844274377932,0.999999515651184,0.9999955343729434,1,1,1,M,10
aff11_wu25k_absq1_m128_seed2,11,11,x,9,91.27233133593231,0.9999995641878088,0.9999961743493159,1,1,1,M,10
aff11_wu25k_absq1_m128_seed2,11,11,x,10,92.56368622744618,0.9999995059072818,0.9999961463806022,1,1,1,M,10
aff11_wu25k_absq1_m128_seed2,11,11,x,11,88.21741877511613,0.9999992136107164,0.9999967241840285,1,1,1,M,10
aff11_wu25k_absq1_m128_seed2,11,11,x,12,90.60942104770903,0.9999998354102327,0.9999968875666396,1,1,1,M,10
aff11_wu25k_absq1_m128_seed2,11,11,x,13,87.53278622707062,0.9999981350537874,0.9999956190196146,1,1,1,M,10
aff11_wu25k_absq1_m128_seed2,11,11,x,15,90.75476313286327,0.9999990748817564,0.9999964258877612,1,1,1,M,10
aff11_wu25k_absq1_m128_seed2,11,11,x,16,0.0002614117150005784,0.9386592491391451,0.9999894385338972,1,1,1,1,1
aff11_wu25k_absq1_m128_seed2,11,11,x,17,89.24195118213264,0.9999999036374052,0.9999969241018273,1,1,1,M,10
aff11_wu25k_absq1_m128_seed2,11,11,x,18,88.6306725672231,0.9999996584107521,0.9999962208691879,1,1,1,M,10
aff11_wu25k_absq1_m128_seed2,11,11,x,19,90.21897220508326,0.9999994995553405,0.9999967043013533,1,1,1,M,10
aff11_wu25k_absq1_m128_seed2,11,11,x,20,88.06536881718922,0.9999996016195704,0.9999974250222678,1,1,1,M,10
aff11_wu25k_absq1_m128_seed2,11,11,x,21,84.91102237759623,0.9999996599316375,0.9999969328605326,1,1,1,M,10
aff11_wu25k_absq1_m128_seed2,11,11,x,22,91.97762925447573,0.999999561928698,0.9999969896122353,1,1,1,M,10
aff11_wu25k_absq1_m128_seed2,11,11,x,23,88.82378334871923,0.9999983314523567,0.9999955657307839,1,1,1,M,10
aff11_wu25k_absq1_m128_seed2,11,11,x,24,90.63722946040652,0.9999999019593999,0.9999969410978851,1,1,1,M,10
aff11_wu25k_absq1_m128_seed2,11,11,x,25,86.63196560112979,0.9999997979942827,0.9999968716547584,1,1,1,M,10
aff11_wu25k_absq1_m128_seed2,11,11,x,26,88.25305291952995,0.9999997518575355,0.9999969725654564,1,1,1,M,10
aff11_wu25k_absq1_m128_seed2,11,11,x,27,89.08912636718861,0.9999990960329579,0.999996518331736,1,1,1,M,10
aff11_wu25k_absq1_m128_seed2,11,11,x,28,87.83083712431483,0.9999998020091332,0.9999968332248753,1,1,1,M,10
aff11_wu25k_absq1_m128_seed2,11,11,x,29,87.8986376613696,0.9999995830264684,0.9999966593558478,1,1,1,M,10
aff11_wu25k_absq1_m128_seed2,11,11,x,30,92.1015048485146,0.999999787338973,0.9999970474688725,1,1,1,M,10
aff11_wu25k_absq1_m128_seed2,11,11,x,31,85.02281488655922,0.9999995268934366,0.9999966735997465,1,1,1,M,10
aff11_wu25k_absq1_m128_seed2,11,11,x,32,90.30393008150244,0.9999997495036084,0.9999968155275704,1,1,1,M,10
aff11_wu25k_absq1_m128_seed2,11,11,x,33,89.17000384722694,0.9999984148092225,0.999997023423159,1,1,1,M,10
aff11_wu25k_absq1_m128_seed2,11,11,x,34,90.7033743917397,0.9999996069287624,0.9999967990454599,1,1,1,M,10
aff11_wu25k_absq1_m128_seed2,11,11,x,35,92.51715808996411,0.9999991705205272,0.9999964620147571,1,1,1,M,10
aff11_wu25k_absq1_m128_seed2,11,11,x,36,90.7082391552114,0.9999995569391937,0.9999969852473761,1,1,1,M,10
aff11_wu25k_absq1_m128_seed2,11,11,x,37,86.19399925144688,0.9999997642449661,0.9999970057730602,1,1,1,M,10
aff11_wu25k_absq1_m128_seed2,11,11,x,38,0.00023349742539449756,0.9976465673887716,0.9999780148190351,1,1,1,1,1
aff11_wu25k_absq1_m128_seed2,11,11,x,39,89.92150710435595,0.9999996941820173,0.9999966710571414,1,1,1,M,10
aff11_wu25k_absq1_m128_seed2,11,11,x,40,90.43801995001022,0.9999991795344508,0.9999969991168028,1,1,1,M,10
aff11_wu25k_absq1_m128_seed2,11,11,x,41,89.39854427078575,0.9999988080866501,0.9999964663391765,1,1,1,M,10
aff11_wu25k_absq1_m128_seed2,11,11,x,42,90.92079946220561,0.9999996723212932,0.999995579276333,1,1,1,M,10
aff11_wu25k_absq1_m128_seed2,11,11,x,43,88.16304092498758,0.9999996242684424,0.9999962371992884,1,1,1,M,10
aff11_wu25k_absq1_m128_seed2,11,11,x,44,88.4336710540314,0.9999994000297356,0.9999967319502148,1,1,1,M,10
aff11_wu25k_absq1_m128_seed2,11,11,x,45,89.62468589194197,0.9999991770993641,0.999997413890407,1,1,1,M,10
aff11_wu25k_absq1_m128_seed2,11,11,x,47,89.2845652790953,0.9999997274693595,0.9999968642971111,1,1,1,M,10
aff11_wu25k_absq1_m128_seed2,11,11,x,48,88.96620978584745,0.9999996499677886,0.9999967850625155,1,1,1,M,10
aff11_wu25k_absq1_m128_seed2,11,11,x,49,0.00025145352490326143,0.9917805888137458,0.9999910409769953,1,1,1,1,1
aff11_wu25k_absq1_m128_seed2,11,11,x,50,86.01778060874443,0.9999990925782182,0.9999965477489549,1,1,1,M,10
aff11_wu25k_absq1_m128_seed2,11,11,x,51,89.13234355158112,0.999999797136808,0.9999968112017668,1,1,1,M,10
aff11_wu25k_absq1_m128_seed2,11,11,x,52,87.32044981902797,0.9999997968446657,0.9999968964342132,1,1,1,M,10
aff11_wu25k_absq1_m128_seed2,11,11,x,53,92.315321069585,0.9999996393963742,0.9999962584431525,1,1,1,M,10
aff11_wu25k_absq1_m128_seed2,11,11,x,54,88.47559140444058,0.9999994149698055,0.9999966280883615,1,1,1,M,10
aff11_wu25k_absq1_m128_seed2,11,11,x,55,90.78864865330574,0.9999992673183248,0.9999975219297808,1,1,1,M,10
aff11_wu25k_absq1_m128_seed2,11,11,x,56,93.77342254405733,0.9999996441709854,0.9999969888392273,1,1,1,M,10
aff11_wu25k_absq1_m128_seed2,11,11,x,57,93.08398398444126,0.9999995050573098,0.999996806897064,1,1,1,M,10
aff11_wu25k_absq1_m128_seed2,11,11,x,58,86.54775180880834,0.9999995882957835,0.9999968302975291,1,1,1,M,10
aff11_wu25k_absq1_m128_seed2,11,11,x,59,87.5769525511204,0.9999997149966582,0.9999969793603624,1,1,1,M,10
aff11_wu25k_absq1_m128_seed2,11,11,x,60,92.32319118109761,0.9999989297640155,0.9999974841098439,1,1,1,M,10
aff11_wu25k_absq1_m128_seed2,11,11,x,61,88.85090883740364,0.9999991897503201,0.9999964544190336,1,1,1,M,10
aff11_wu25k_absq1_m128_seed2,11,11,x,62,89.3416622681128,0.9999994963588115,0.9999961133087708,1,1,1,M,10
aff11_wu25k_absq1_m128_seed2,11,11,x,63,89.12740051688189,0.9999995880188024,0.9999956423835831,1,1,1,M,10
aff11_wu25k_absq1_m128_seed2,11,11,x,64,88.39129457184715,0.9999994131020324,0.9999969443541804,1,1,1,M,10
aff11_wu25k_absq1_m128_seed2,11,11,x,65,88.45691550455568,0.99999964784695,0.9999955599780516,1,1,1,M,10
aff11_wu25k_absq1_m128_seed2,11,11,x,66,89.89567186767374,0.9999991734320367,0.9999965110309368,1,1,1,M,10
aff11_wu25k_absq1_m128_seed2,11,11,x,67,88.43855138960826,0.9999995884933864,0.9999965197256462,1,1,1,M,10
aff11_wu25k_absq1_m128_seed2,11,11,x,68,88.56870030686721,0.9999992357859606,0.9999961181178862,1,1,1,M,10
aff11_wu25k_absq1_m128_seed2,11,11,x,69,92.42466248562536,0.9999995075766694,0.9999961567691673,1,1,1,M,10
aff11_wu25k_absq1_m128_seed2,11,11,x,70,90.38303334759006,0.999999877257373,0.999996927280359,1,1,1,M,10
aff11_wu25k_absq1_m128_seed2,11,11,x,71,89.30829495478186,0.9999993253653288,0.9999962285370586,1,1,1,M,10
aff11_wu25k_absq1_m128_seed2,11,11,x,72,91.94701399691755,0.9999995611908957,0.9999960836500723,1,1,1,M,10
aff11_wu25k_absq1_m128_seed2,11,11,x,73,90.84865651122196,0.9999996868651895,0.9999955793362952,1,1,1,M,10
aff11_wu25k_absq1_m128_seed2,11,11,x,74,88.53353547970306,0.9999995145100418,0.9999966659026898,1,1,1,M,10
aff11_wu25k_absq1_m128_seed2,11,11,x,75,88.11636555075106,0.999999759527112,0.9999966674235967,1,1,1,M,10
aff11_wu25k_absq1_m128_seed2,11,11,x,76,87.5713636065102,0.9999983411823521,0.9999962390898284,1,1,1,M,10
aff11_wu25k_absq1_m128_seed2,11,11,x,77,88.40128743767686,0.999999592704099,0.9999962964401735,1,1,1,M,10
aff11_wu25k_absq1_m128_seed2,11,11,x,78,92.9074052646914,0.9999991220235669,0.9999966440363802,1,1,1,M,10
aff11_wu25k_absq1_m128_seed2,11,11,x,79,90.4786809548329,0.9999985226575775,0.9999968851252943,1,1,1,M,10
aff11_wu25k_absq1_m128_seed2,11,11,x,80,87.80698059856658,0.9999997697171545,0.999996711195898,1,1,1,M,10
aff11_wu25k_absq1_m128_seed2,11,11,x,81,90.6392146123657,0.999999828453417,0.9999970097232431,1,1,1,M,10
aff11_wu25k_absq1_m128_seed2,11,11,x,82,85.4687903763976,0.9999998026844746,0.9999966303422423,1,1,1,M,10
aff11_wu25k_absq1_m128_seed2,11,11,x,83,87.31842670898737,0.9999997734125665,0.9999966604893207,1,1,1,M,10
aff11_wu25k_absq1_m128_seed2,11,11,x,84,89.30350456922551,0.9999994944850393,0.9999961636332139,1,1,1,M,10
aff11_wu25k_absq1_m128_seed2,11,11,x,85,89.02108357097029,0.9999997602438851,0.999996685713546,1,1,1,M,10
aff11_wu25k_absq1_m128_seed2,11,11,x,86,88.44181576423422,0.9999997661041591,0.9999969968351936,1,1,1,M,10
aff11_wu25k_absq1_m128_seed2,11,11,x,87,0.0005992286360642495,0.9977959317462725,0.9999942658226582,1,1,1,1,1
aff11_wu25k_absq1_m128_seed2,11,11,x,88,86.65821469444217,0.9999996046508608,0.9999965674952956,1,1,1,M,10
aff11_wu25k_absq1_m128_seed2,11,11,x,89,88.42910198959429,0.9999998299265193,0.9999969910693922,1,1,1,M,10
aff11_wu25k_absq1_m128_seed2,11,11,x,90,90.9684767611051,0.9999995775186362,0.9999975071914093,1,1,1,M,10
aff11_wu25k_absq1_m128_seed2,11,11,x,91,93.29411369390841,0.9999996842050559,0.9999956062654285,1,1,1,M,10
aff11_wu25k_absq1_m128_seed2,11,11,x,92,0.00011672509715569455,0.9979994792143483,0.9999776990532492,1,1,1,1,1
aff11_wu25k_absq1_m128_seed2,11,11,x,93,93.49099537461619,0.9999995704072245,0.9999961481664722,1,1,1,M,10
aff11_wu25k_absq1_m128_seed2,11,11,x,94,89.07914215989742,0.9999995187807408,0.9999955785099541,1,1,1,M,10
aff11_wu25k_absq1_m128_seed2,11,11,x,95,85.04340344895921,0.9999997966381754,0.9999967757925081,1,1,1,M,10
aff11_wu25k_absq1_m128_seed2,11,11,x,96,87.42583932619631,0.9999996131582195,0.9999966675957878,1,1,1,M,10
aff11_wu25k_absq1_m128_seed2,11,11,x,97,91.01289650566947,0.9999991275464882,0.9999965290092434,1,1,1,M,10
aff11_wu25k_absq1_m128_seed2,11,11,x,98,91.3898121195463,0.9999995566257517,0.999997011257346,1,1,1,M,10
aff11_wu25k_absq1_m128_seed2,11,11,x,99,89.40241815151819,0.9999995065361217,0.9999962472715122,1,1,1,M,10
aff11_wu25k_absq1_m128_seed2,11,11,x,100,87.06141814570559,0.9999997132938366,0.9999969388257725,1,1,1,M,10
aff11_wu25k_absq1_m128_seed2,11,11,x,101,88.4517798778245,0.9999998904001196,0.9999968035524193,1,1,1,M,10
aff11_wu25k_absq1_m128_seed2,11,11,x,102,87.07620397192348,0.9999995985780836,0.9999975186650268,1,1,1,M,10
aff11_wu25k_absq1_m128_seed2,11,11,x,103,90.22388328289126,0.9999994310301361,0.9999974589863169,1,1,1,M,10
aff11_wu25k_absq1_m128_seed2,11,11,x,104,91.32351942994444,0.9999996537382837,0.9999966592263577,1,1,1,M,10
aff11_wu25k_absq1_m128_seed2,11,11,x,105,88.08435689417163,0.9999989701622146,0.9999967303739474,1,1,1,M,10
aff11_wu25k_absq1_m128_seed2,11,11,x,106,90.720621290961,0.9999993706208475,0.999996208051557,1,1,1,M,10
aff11_wu25k_absq1_m128_seed2,11,11,x,107,88.8437228423709,0.9999998191520689,0.9999969199132558,1,1,1,M,10
aff11_wu25k_absq1_m128_seed2,11,11,x,108,88.50296105664947,0.9999996945920606,0.9999955910870584,1,1,1,M,10
aff11_wu25k_absq1_m128_seed2,11,11,x,109,90.74318615591913,0.9999996098382149,0.9999966248164265,1,1,1,M,10
aff11_wu25k_absq1_m128_seed2,11,11,x,110,92.01541951571572,0.999999495195795,0.9999956286420265,1,1,1,M,10
aff11_wu25k_absq1_m128_seed2,11,11,x,111,92.94511929407221,0.9999995581061711,0.9999961906485548,1,1,1,M,10
aff11_wu25k_absq1_m128_seed2,11,11,x,112,86.83700065177067,0.9999991154704572,0.9999964680325243,1,1,1,M,10
aff11_wu25k_absq1_m128_seed2,11,11,x,113,92.30674719969544,0.9999996189000466,0.9999965942021339,1,1,1,M,10
aff11_wu25k_absq1_m128_seed2,11,11,x,114,90.42305201111665,0.9999997127838344,0.9999969522890227,1,1,1,M,10
aff11_wu25k_absq1_m128_seed2,11,11,x,115,90.04099248432874,0.9999991688246898,0.9999973792982092,1,1,1,M,10
aff11_wu25k_absq1_m128_seed2,11,11,x,116,85.14177790079906,0.9999996597934748,0.9999970005122247,1,1,1,M,10
aff11_wu25k_absq1_m128_seed2,11,11,x,117,86.70551785416804,0.9999991277599797,0.9999961720751619,1,1,1,M,10
aff11_wu25k_absq1_m128_seed2,11,11,x,118,90.9297736613549,0.9999998688826717,0.9999969015661715,1,1,1,M,10
aff11_wu25k_absq1_m128_seed2,11,11,x,119,88.40998534350031,0.9999996310838726,0.9999968108259968,1,1,1,M,10
aff11_wu25k_absq1_m128_seed2,11,11,x,120,88.00760137883589,0.99999958444882,0.9999962287819847,1,1,1,M,10
aff11_wu25k_absq1_m128_seed2,11,11,x,121,91.16631341432162,0.9999991192446325,0.9999962046011857,1,1,1,M,10
aff11_wu25k_absq1_m128_seed2,11,11,x,122,88.08973434450651,0.999999179550513,0.9999970586658105,1,1,1,M,10
aff11_wu25k_absq1_m128_seed2,11,11,x,123,92.13464173122158,0.9999988442748017,0.9999965206349954,1,1,1,M,10
aff11_wu25k_absq1_m128_seed2,11,11,x,124,88.26409129473029,0.999999732007685,0.9999969089151238,1,1,1,M,10
aff11_wu25k_absq1_m128_seed2,11,11,x,125,86.68303759563018,0.9999996595178825,0.9999962761275181,1,1,1,M,10
aff11_wu25k_absq1_m128_seed2,11,11,x,126,88.63441678480042,0.999999379208006,0.9999970546190508,1,1,1,M,10
aff11_wu25k_absq1_m128_seed2,11,11,x,127,90.11788126112694,0.9999990728456589,0.9999968538707311,1,1,1,M,10
aff11_wu25k_absq1_m128_seed2,11,11,y,0,90.25981164377083,0.9999998050516847,0.9999975847531793,1,M,10,1,1
aff11_wu25k_absq1_m128_seed2,11,11,y,1,89.4006714639471,0.9999996267303769,0.9999973807424749,1,M,10,1,1
aff11_wu25k_absq1_m128_seed2,11,11,y,2,88.41032509917962,0.999999688448355,0.9999977392156105,1,M,10,1,1
aff11_wu25k_absq1_m128_seed2,11,11,y,3,89.70286045193322,0.9999998079658355,0.9999961555148728,1,M,10,1,1
aff11_wu25k_absq1_m128_seed2,11,11,y,4,91.13860663936245,0.9999994699121268,0.9999965777406552,1,M,10,1,1
aff11_wu25k_absq1_m128_seed2,11,11,y,5,89.1917463077171,0.9999994700128111,0.9999966754549109,1,M,10,1,1
aff11_wu25k_absq1_m128_seed2,11,11,y,6,87.13963672653976,0.9999995377728949,0.9999974251842401,1,M,10,1,1
aff11_wu25k_absq1_m128_seed2,11,11,y,7,84.3648686685452,0.9999996508146939,0.9999964523627752,1,M,10,1,1
aff11_wu25k_absq1_m128_seed2,11,11,y,8,87.49670757024852,0.999999715153245,0.9999965432915876,1,M,10,1,1
aff11_wu25k_absq1_m128_seed2,11,11,y,9,89.99953319711858,0.9999993187154053,0.9999965364195057,1,M,10,1,1
aff11_wu25k_absq1_m128_seed2,11,11,y,10,91.47795024814796,0.999999242555939,0.9999966816181255,1,M,10,1,1
aff11_wu25k_absq1_m128_seed2,11,11,y,11,87.45785239418417,0.999999816199282,0.9999975449205808,1,M,10,1,1
aff11_wu25k_absq1_m128_seed2,11,11,y,12,89.53344151415432,0.9999988790740679,0.9999977931040754,1,M,10,1,1
aff11_wu25k_absq1_m128_seed2,11,11,y,13,86.70665688831565,0.999999159402406,0.9999961868177693,1,M,10,1,1
aff11_wu25k_absq1_m128_seed2,11,11,y,15,90.40134631805387,0.9999993755634256,0.9999969387114712,1,M,10,1,1
aff11_wu25k_absq1_m128_seed2,11,11,y,16,0.0001036863475313648,0.9980377535899775,0.9999740482632286,1,1,1,1,1
aff11_wu25k_absq1_m128_seed2,11,11,y,17,87.87902674714091,0.9999998573750005,0.9999964529904483,1,M,10,1,1
aff11_wu25k_absq1_m128_seed2,11,11,y,18,87.67147489621921,0.9999994132548142,0.9999968982776708,1,M,10,1,1
aff11_wu25k_absq1_m128_seed2,11,11,y,19,89.03397070812848,0.999999825995403,0.9999975545964029,1,M,10,1,1
aff11_wu25k_absq1_m128_seed2,11,11,y,20,87.68971277978808,0.9999998521748383,0.9999971475430522,1,M,10,1,1
aff11_wu25k_absq1_m128_seed2,11,11,y,21,83.99075814805374,0.9999996811273351,0.9999962010475245,1,M,10,1,1
aff11_wu25k_absq1_m128_seed2,11,11,y,22,90.84097771501925,0.9999994926772612,0.9999947056078384,1,M,10,1,1
aff11_wu25k_absq1_m128_seed2,11,11,y,23,87.82618077457796,0.9999997009498066,0.9999977610276826,1,M,10,1,1
aff11_wu25k_absq1_m128_seed2,11,11,y,24,89.45153146427208,0.9999979198669122,0.99999656747734,1,M,10,1,1
aff11_wu25k_absq1_m128_seed2,11,11,y,25,85.7617284966825,0.9999997479251094,0.99999665411515,1,M,10,1,1
aff11_wu25k_absq1_m128_seed2,11,11,y,26,87.1968017684805,0.9999998303968254,0.9999976104490059,1,M,10,1,1
aff11_wu25k_absq1_m128_seed2,11,11,y,27,88.52285906275765,0.9999998049233848,0.9999947033485906,1,M,10,1,1
aff11_wu25k_absq1_m128_seed2,11,11,y,28,87.15795061202085,0.9999992049295636,0.9999977488309587,1,M,10,1,1
aff11_wu25k_absq1_m128_seed2,11,11,y,29,86.97449466292113,0.9999996518847929,0.9999966576940827,1,M,10,1,1
aff11_wu25k_absq1_m128_seed2,11,11,y,30,90.94169567373835,0.9999998055770908,0.9999964441127708,1,M,10,1,1
aff11_wu25k_absq1_m128_seed2,11,11,y,31,83.75742537221618,0.9999995069268315,0.9999968695272475,1,M,10,1,1
aff11_wu25k_absq1_m128_seed2,11,11,y,32,89.22490497826136,0.9999998307090567,0.9999971944474325,1,M,10,1,1
aff11_wu25k_absq1_m128_seed2,11,11,y,33,88.15880612031287,0.9999998498301608,0.9999966325450458,1,M,10,1,1
aff11_wu25k_absq1_m128_seed2,11,11,y,34,89.76867161611769,0.9999997189523364,0.9999964161154795,1,M,10,1,1
aff11_wu25k_absq1_m128_seed2,11,11,y,35,91.90689050242474,0.9999993371576082,0.9999964019006177,1,M,10,1,1
aff11_wu25k_absq1_m128_seed2,11,11,y,36,89.86295207080141,0.9999995929030304,0.9999974401004947,1,M,10,1,1
aff11_wu25k_absq1_m128_seed2,11,11,y,37,85.43200393397765,0.9999998249367418,0.9999975596625705,1,M,10,1,1
aff11_wu25k_absq1_m128_seed2,11,11,y,38,0.00012623298019486277,0.9941542078200118,0.9999866483754898,1,1,1,1,1
aff11_wu25k_absq1_m128_seed2,11,11,y,39,88.91570678990378,0.9999995580665606,0.999994669030413,1,M,10,1,1
aff11_wu25k_absq1_m128_seed2,11,11,y,40,89.58038858781862,0.9999994631619543,0.9999973973134693,1,M,10,1,1
aff11_wu25k_absq1_m128_seed2,11,11,y,41,88.37004467311378,0.999999189557754,0.9999973397514217,1,M,10,1,1
aff11_wu25k_absq1_m128_seed2,11,11,y,42,89.9032279783366,0.999998920627519,0.999997351581872,1,M,10,1,1
aff11_wu25k_absq1_m128_seed2,11,11,y,43,87.53788693088522,0.9999993126606189,0.9999963883691996,1,M,10,1,1
aff11_wu25k_absq1_m128_seed2,11,11,y,44,87.23772105410727,0.9999996935378496,0.9999977996062368,1,M,10,1,1
aff11_wu25k_absq1_m128_seed2,11,11,y,45,89.16049428777119,0.9999997506398162,0.9999966943083217,1,M,10,1,1
aff11_wu25k_absq1_m128_seed2,11,11,y,47,88.31458944502005,0.9999994920825913,0.9999961816339455,1,M,10,1,1
aff11_wu25k_absq1_m128_seed2,11,11,y,48,87.89871066056205,0.9999997321892489,0.9999946869631879,1,M,10,1,1
aff11_wu25k_absq1_m128_seed2,11,11,y,49,0.0001953485498064484,0.9234695866116488,0.9999833581878734,1,1,1,1,1
aff11_wu25k_absq1_m128_seed2,11,11,y,50,85.46708192269996,0.9999990568134631,0.9999968849094658,1,M,10,1,1
aff11_wu25k_absq1_m128_seed2,11,11,y,51,88.24273030808811,0.999999597515393,0.9999974312019189,1,M,10,1,1
aff11_wu25k_absq1_m128_seed2,11,11,y,52,86.78979108560983,0.9999999266274375,0.9999971976810607,1,M,10,1,1
aff11_wu25k_absq1_m128_seed2,11,11,y,53,91.18665843047539,0.9999991424620537,0.9999947179898142,1,M,10,1,1
aff11_wu25k_absq1_m128_seed2,11,11,y,54,87.80016731258156,0.9999998604549009,0.9999965755282918,1,M,10,1,1
aff11_wu25k_absq1_m128_seed2,11,11,y,55,89.50641873260057,0.9999989846734755,0.9999973587846731,1,M,10,1,1
aff11_wu25k_absq1_m128_seed2,11,11,y,56,92.90265914049496,0.9999999142310119,0.9999971304946761,1,M,10,1,1
aff11_wu25k_absq1_m128_seed2,11,11,y,57,92.43482352847329,0.9999996638606673,0.999997388529526,1,M,10,1,1
aff11_wu25k_absq1_m128_seed2,11,11,y,58,85.3875125412158,0.9999998101973767,0.9999965816455495,1,M,10,1,1
aff11_wu25k_absq1_m128_seed2,11,11,y,59,86.47766012588805,0.9999998106223081,0.9999964433027277,1,M,10,1,1
aff11_wu25k_absq1_m128_seed2,11,11,y,60,91.18822538118147,0.9999991030503269,0.9999947749398359,1,M,10,1,1
aff11_wu25k_absq1_m128_seed2,11,11,y,61,88.28614637525534,0.9999996474310847,0.9999974415797741,1,M,10,1,1
aff11_wu25k_absq1_m128_seed2,11,11,y,62,88.7276816724328,0.9999995602883078,0.999997793922376,1,M,10,1,1
aff11_wu25k_absq1_m128_seed2,11,11,y,63,88.39093682285501,0.9999997214704254,0.9999975696214356,1,M,10,1,1
aff11_wu25k_absq1_m128_seed2,11,11,y,64,87.24490279374886,0.9999990147620132,0.9999973439297238,1,M,10,1,1
aff11_wu25k_absq1_m128_seed2,11,11,y,65,87.31332302436572,0.999999869942167,0.9999964474805799,1,M,10,1,1
aff11_wu25k_absq1_m128_seed2,11,11,y,66,89.0598857305979,0.9999998282639097,0.9999965872207738,1,M,10,1,1
aff11_wu25k_absq1_m128_seed2,11,11,y,67,87.97565536633917,0.9999987872530861,0.9999964265640213,1,M,10,1,1
aff11_wu25k_absq1_m128_seed2,11,11,y,68,87.7941302762802,0.9999997005818316,0.9999973784509664,1,M,10,1,1
aff11_wu25k_absq1_m128_seed2,11,11,y,69,91.30998207713053,0.9999998318750002,0.999996214763655,1,M,10,1,1
aff11_wu25k_absq1_m128_seed2,11,11,y,70,89.18786400379315,0.9999995435983684,0.9999966676433714,1,M,10,1,1
aff11_wu25k_absq1_m128_seed2,11,11,y,71,88.39527718601552,0.9999997094381108,0.9999966976046938,1,M,10,1,1
aff11_wu25k_absq1_m128_seed2,11,11,y,72,91.1263284518279,0.9999998648533577,0.9999971848536672,1,M,10,1,1
aff11_wu25k_absq1_m128_seed2,11,11,y,73,89.84381625064837,0.999999893585521,0.9999971311822415,1,M,10,1,1
aff11_wu25k_absq1_m128_seed2,11,11,y,74,87.6869276754395,0.9999982155445305,0.9999961705138357,1,M,10,1,1
aff11_wu25k_absq1_m128_seed2,11,11,y,75,87.12564805141983,0.9999997502610812,0.9999966505736225,1,M,10,1,1
aff11_wu25k_absq1_m128_seed2,11,11,y,76,87.0742782378144,0.999999643752919,0.9999974359234355,1,M,10,1,1
aff11_wu25k_absq1_m128_seed2,11,11,y,77,87.31043568189695,0.999999815867232,0.9999961995954576,1,M,10,1,1
aff11_wu25k_absq1_m128_seed2,11,11,y,78,92.17993002624586,0.9999989931215131,0.9999977747473537,1,M,10,1,1
aff11_wu25k_absq1_m128_seed2,11,11,y,79,89.38563270584072,0.9999998223690625,0.9999947282590514,1,M,10,1,1
aff11_wu25k_absq1_m128_seed2,11,11,y,80,86.8608039831278,0.9999993491127452,0.9999962076606254,1,M,10,1,1
aff11_wu25k_absq1_m128_seed2,11,11,y,81,89.62386510686572,0.9999998008402211,0.9999962361935913,1,M,10,1,1
aff11_wu25k_absq1_m128_seed2,11,11,y,82,84.89519659505805,0.9999997969236046,0.9999965981258667,1,M,10,1,1
aff11_wu25k_absq1_m128_seed2,11,11,y,83,86.3831033968818,0.999999731891002,0.9999971260644248,1,M,10,1,1
aff11_wu25k_absq1_m128_seed2,11,11,y,84,88.45724607889439,0.9999994641854744,0.9999964204019486,1,M,10,1,1
aff11_wu25k_absq1_m128_seed2,11,11,y,85,88.12621389369755,0.9999996433510038,0.9999973982150108,1,M,10,1,1
aff11_wu25k_absq1_m128_seed2,11,11,y,86,87.76267543479977,0.9999991950488194,0.9999968745089399,1,M,10,1,1
aff11_wu25k_absq1_m128_seed2,11,11,y,87,0.0002460464203730907,0.9816260093470222,0.9999851870370347,1,1,1,1,1
aff11_wu25k_absq1_m128_seed2,11,11,y,88,85.78597006175201,0.9999997982168904,0.9999976261857622,1,M,10,1,1
aff11_wu25k_absq1_m128_seed2,11,11,y,89,87.45056730456088,0.9999993426688302,0.9999977792646823,1,M,10,1,1
aff11_wu25k_absq1_m128_seed2,11,11,y,90,89.73116805725199,0.9999997449848801,0.9999975700869981,1,M,10,1,1
aff11_wu25k_absq1_m128_seed2,11,11,y,91,92.27013473301147,0.9999997963282503,0.9999947518954411,1,M,10,1,1
aff11_wu25k_absq1_m128_seed2,11,11,y,92,0.00017287442119231407,0.9907398517016445,0.9999843822839718,1,1,1,1,1
aff11_wu25k_absq1_m128_seed2,11,11,y,93,92.36447606094428,0.9999993410050513,0.9999947575765663,1,M,10,1,1
aff11_wu25k_absq1_m128_seed2,11,11,y,94,88.24442521979647,0.9999997222962724,0.9999966669509985,1,M,10,1,1
aff11_wu25k_absq1_m128_seed2,11,11,y,95,83.96221337257249,0.9999994874106541,0.9999969325731853,1,M,10,1,1
aff11_wu25k_absq1_m128_seed2,11,11,y,96,86.48670617501661,0.9999994662056264,0.9999973751833942,1,M,10,1,1
aff11_wu25k_absq1_m128_seed2,11,11,y,97,89.77099372380948,0.9999998380031536,0.9999971305764829,1,M,10,1,1
aff11_wu25k_absq1_m128_seed2,11,11,y,98,90.32152715506037,0.999999831276206,0.9999965521491974,1,M,10,1,1
aff11_wu25k_absq1_m128_seed2,11,11,y,99,88.32470394727497,0.9999998223865513,0.9999965980243992,1,M,10,1,1
aff11_wu25k_absq1_m128_seed2,11,11,y,100,86.36253743993106,0.9999972848671475,0.9999978178026506,1,M,10,1,1
aff11_wu25k_absq1_m128_seed2,11,11,y,101,87.97333173426564,0.999999855343833,0.9999971818436398,1,M,10,1,1
aff11_wu25k_absq1_m128_seed2,11,11,y,102,85.75010366103437,0.9999978687991189,0.9999968880381165,1,M,10,1,1
aff11_wu25k_absq1_m128_seed2,11,11,y,103,89.4573926378277,0.9999994050079011,0.9999977714849044,1,M,10,1,1
aff11_wu25k_absq1_m128_seed2,11,11,y,104,90.22085098587955,0.9999994738641874,0.9999970537045405,1,M,10,1,1
aff11_wu25k_absq1_m128_seed2,11,11,y,105,87.1146877432625,0.9999997326886297,0.9999964140906227,1,M,10,1,1
aff11_wu25k_absq1_m128_seed2,11,11,y,106,89.48460746611124,0.9999998221177583,0.9999975616078538,1,M,10,1,1
aff11_wu25k_absq1_m128_seed2,11,11,y,107,88.23226270225139,0.9999987899154892,0.9999966721083766,1,M,10,1,1
aff11_wu25k_absq1_m128_seed2,11,11,y,108,87.73954422809045,0.9999983387039356,0.9999969327103451,1,M,10,1,1
aff11_wu25k_absq1_m128_seed2,11,11,y,109,89.63881998012995,0.9999995775452821,0.9999972858739216,1,M,10,1,1
aff11_wu25k_absq1_m128_seed2,11,11,y,110,91.1678083736122,0.9999995862439078,0.9999974382432528,1,M,10,1,1
aff11_wu25k_absq1_m128_seed2,11,11,y,111,92.01006517400587,0.9999994766608373,0.9999973943671379,1,M,10,1,1
aff11_wu25k_absq1_m128_seed2,11,11,y,112,86.13419348930603,0.9999995759377669,0.9999961935424758,1,M,10,1,1
aff11_wu25k_absq1_m128_seed2,11,11,y,113,91.21957278086606,0.9999997220426541,0.9999947239269196,1,M,10,1,1
aff11_wu25k_absq1_m128_seed2,11,11,y,114,89.1933205226486,0.9999997267766709,0.9999947559836855,1,M,10,1,1
aff11_wu25k_absq1_m128_seed2,11,11,y,115,89.45742060247413,0.9999996526350322,0.9999973488350533,1,M,10,1,1
aff11_wu25k_absq1_m128_seed2,11,11,y,116,84.3093315949813,0.9999993383300546,0.9999966529606964,1,M,10,1,1
aff11_wu25k_absq1_m128_seed2,11,11,y,117,85.56273923648985,0.9999992164552481,0.9999969860105226,1,M,10,1,1
aff11_wu25k_absq1_m128_seed2,11,11,y,118,89.90254992230147,0.999999381474904,0.9999969369443192,1,M,10,1,1
aff11_wu25k_absq1_m128_seed2,11,11,y,119,87.56807369602035,0.999999421157149,0.9999961953171874,1,M,10,1,1
aff11_wu25k_absq1_m128_seed2,11,11,y,120,86.88906340638763,0.9999987130794132,0.9999977585270594,1,M,10,1,1
aff11_wu25k_absq1_m128_seed2,11,11,y,121,90.12840577064483,0.9999981988768766,0.9999972139638895,1,M,10,1,1
aff11_wu25k_absq1_m128_seed2,11,11,y,122,87.25789053330101,0.9999997099059024,0.9999973492557795,1,M,10,1,1
aff11_wu25k_absq1_m128_seed2,11,11,y,123,91.05145762458169,0.9999998104655089,0.9999975784850924,1,M,10,1,1
aff11_wu25k_absq1_m128_seed2,11,11,y,124,87.4043067875848,0.9999995598035745,0.9999976258975959,1,M,10,1,1
aff11_wu25k_absq1_m128_seed2,11,11,y,125,85.49281230063765,0.9999996531963146,0.999997352774885,1,M,10,1,1
aff11_wu25k_absq1_m128_seed2,11,11,y,126,87.61248600217122,0.9999991405073186,0.999996884802411,1,M,10,1,1
aff11_wu25k_absq1_m128_seed2,11,11,y,127,88.9421595839931,0.9999996807876602,0.9999973510839405,1,M,10,1,1
aff11_wu25k_absq2_m128_seed2,11,11,x,0,91.03564312672127,0.9997136708489383,0.9975793408754081,1,1,1,1,1
aff11_wu25k_absq2_m128_seed2,11,11,x,1,98.05098432272179,0.9993418522076382,0.9987973618428914,1,1,1,1,1
aff11_wu25k_absq2_m128_seed2,11,11,x,2,89.57246197373124,0.999763161169392,0.9978046240987389,1,1,1,1,1
aff11_wu25k_absq2_m128_seed2,11,11,x,3,91.25886269891188,0.9998588393386709,0.9976688099136231,1,1,1,1,1
aff11_wu25k_absq2_m128_seed2,11,11,x,4,94.08753441369822,0.9997183045208785,0.9987967649933422,1,1,1,1,1
aff11_wu25k_absq2_m128_seed2,11,11,x,5,99.61658022460689,0.9996271904915527,0.9976330147215344,1,1,1,1,1
aff11_wu25k_absq2_m128_seed2,11,11,x,6,96.78629266931236,0.9975338162503947,0.998248397287482,1,1,1,1,1
aff11_wu25k_absq2_m128_seed2,11,11,x,7,97.75321558746413,0.9994529251350374,0.9984743552365276,1,1,1,1,1
aff11_wu25k_absq2_m128_seed2,11,11,x,8,93.03196422471689,0.9998543456830948,0.998996304137636,1,1,1,1,1
aff11_wu25k_absq2_m128_seed2,11,11,x,9,101.25727058158934,0.9989900805393982,0.9971678998107142,1,1,1,1,1
aff11_wu25k_absq2_m128_seed2,11,11,x,10,90.62724339395177,0.999877100758523,0.998762532370237,1,1,1,1,1
aff11_wu25k_absq2_m128_seed2,11,11,x,11,92.74638044527869,0.9995992793993029,0.9983183116221023,1,1,1,1,1
aff11_wu25k_absq2_m128_seed2,11,11,x,12,96.04021225739504,0.9996049706655167,0.9985582860862112,1,1,1,1,1
aff11_wu25k_absq2_m128_seed2,11,11,x,13,93.75910401220331,0.9998700473120484,0.9976841200940791,1,1,1,1,1
aff11_wu25k_absq2_m128_seed2,11,11,x,14,96.35527386487277,0.9998681819059294,0.9988157020420964,1,1,1,1,1
aff11_wu25k_absq2_m128_seed2,11,11,x,15,88.4479865790361,0.9991782741653654,0.9985482495957596,1,1,1,1,1
aff11_wu25k_absq2_m128_seed2,11,11,x,16,98.71209167547443,0.9992849319310848,0.996203786311642,1,1,1,1,1
aff11_wu25k_absq2_m128_seed2,11,11,x,17,91.0218265285885,0.9998522198611716,0.9978883663811566,1,1,1,1,1
aff11_wu25k_absq2_m128_seed2,11,11,x,18,91.88507219980592,0.9993545531827387,0.9975634651670198,1,1,1,1,1
aff11_wu25k_absq2_m128_seed2,11,11,x,19,99.60783617349361,0.999327490013399,0.9982983468636732,1,1,1,1,1
aff11_wu25k_absq2_m128_seed2,11,11,x,20,87.6452528333768,0.9996440340129289,0.9984846109752111,1,1,1,1,1
aff11_wu25k_absq2_m128_seed2,11,11,x,21,96.36603209996595,0.9996838907838408,0.998600742098264,1,1,1,1,1
aff11_wu25k_absq2_m128_seed2,11,11,x,22,99.80061260033163,0.999771998852165,0.9983511671470955,1,1,1,1,1
aff11_wu25k_absq2_m128_seed2,11,11,x,23,94.13442628841808,0.9958183714397515,0.9982304583824341,1,1,1,1,1
aff11_wu25k_absq2_m128_seed2,11,11,x,24,96.4023244952628,0.9951466227176771,0.9975618976661448,1,1,1,1,1
aff11_wu25k_absq2_m128_seed2,11,11,x,25,93.42553911171107,0.9987317971508087,0.9983639864990834,1,1,1,1,1
aff11_wu25k_absq2_m128_seed2,11,11,x,26,95.08251224857763,0.999698904984761,0.9975637225127306,1,1,1,1,1
aff11_wu25k_absq2_m128_seed2,11,11,x,27,97.45028809344761,0.9998236197327682,0.9977098434226239,1,1,1,1,1
aff11_wu25k_absq2_m128_seed2,11,11,x,28,93.75824699799978,0.9998542350929642,0.9976511431284538,1,1,1,1,1
aff11_wu25k_absq2_m128_seed2,11,11,x,29,89.51627189175717,0.999710947933236,0.9984211500275455,1,1,1,1,1
aff11_wu25k_absq2_m128_seed2,11,11,x,31,89.54154700662104,0.9992724305496086,0.999047455293956,1,1,1,1,1
aff11_wu25k_absq2_m128_seed2,11,11,x,32,99.18464075377398,0.9997199041228124,0.9983411557322083,1,1,1,1,1
aff11_wu25k_absq2_m128_seed2,11,11,x,33,97.46967722056947,0.9997463703087303,0.9990273486913962,1,1,1,1,1
aff11_wu25k_absq2_m128_seed2,11,11,x,34,90.75292685281177,0.9977853030056317,0.9985279860630142,1,1,1,1,1
aff11_wu25k_absq2_m128_seed2,11,11,x,35,88.02284485734934,0.9989703077437648,0.9984605988131428,1,1,1,1,1
aff11_wu25k_absq2_m128_seed2,11,11,x,36,104.20405342372261,0.998580447273942,0.9970779267265114,1,1,1,1,1
aff11_wu25k_absq2_m128_seed2,11,11,x,37,95.39111153391116,0.9998116460933655,0.9988200173080672,1,1,1,1,1
aff11_wu25k_absq2_m128_seed2,11,11,x,38,90.19875286131186,0.998774243820736,0.9977873706949161,1,1,1,1,1
aff11_wu25k_absq2_m128_seed2,11,11,x,39,95.82776218687123,0.9996112660920566,0.9971359712531911,1,1,1,1,1
aff11_wu25k_absq2_m128_seed2,11,11,x,40,96.8994378156475,0.9998266511909296,0.9985100595526427,1,1,1,1,1
aff11_wu25k_absq2_m128_seed2,11,11,x,41,95.16033956679762,0.9997688089999481,0.9985125004745143,1,1,1,1,1
aff11_wu25k_absq2_m128_seed2,11,11,x,42,97.54413806212868,0.9990530552932868,0.9982102030899908,1,1,1,1,1
aff11_wu25k_absq2_m128_seed2,11,11,x,43,100.11345511330339,0.9976923943269659,0.9975975192989007,1,1,1,1,1
aff11_wu25k_absq2_m128_seed2,11,11,x,44,89.81675473341987,0.9995862040830598,0.9984555571495836,1,1,1,1,1
aff11_wu25k_absq2_m128_seed2,11,11,x,45,95.05131538682616,0.9996496816500832,0.9962023479050752,1,1,1,1,1
aff11_wu25k_absq2_m128_seed2,11,11,x,46,98.8240919356247,0.9998594425714231,0.9985688805169187,1,1,1,1,1
aff11_wu25k_absq2_m128_seed2,11,11,x,47,97.23985892628615,0.9992716538535938,0.9983340650856384,1,1,1,1,1
aff11_wu25k_absq2_m128_seed2,11,11,x,48,94.95704251777245,0.9995071274142739,0.9975847334005857,1,1,1,1,1
aff11_wu25k_absq2_m128_seed2,11,11,x,49,109.4848273762394,0.9996652324466344,0.9971825087119455,1,1,1,1,1
aff11_wu25k_absq2_m128_seed2,11,11,x,50,97.54198876778175,0.9977730049354466,0.9961803493973257,1,1,1,1,1
aff11_wu25k_absq2_m128_seed2,11,11,x,52,99.44845187528968,0.9997577349567264,0.9990117771666064,1,1,1,1,1
aff11_wu25k_absq2_m128_seed2,11,11,x,53,99.25913817713891,0.9991913237066882,0.9972636854722646,1,1,1,1,1
aff11_wu25k_absq2_m128_seed2,11,11,x,54,94.6024775305302,0.9998268424322707,0.9982646836355297,1,1,1,1,1
aff11_wu25k_absq2_m128_seed2,11,11,x,55,107.46827940206055,0.9997005027938531,0.9985133403264589,1,1,1,1,1
aff11_wu25k_absq2_m128_seed2,11,11,x,57,98.2019571759265,0.9990922537612107,0.9960894791322804,1,1,1,1,1
aff11_wu25k_absq2_m128_seed2,11,11,x,58,97.71611137257459,0.9997015450782303,0.9985955643261527,1,1,1,1,1
aff11_wu25k_absq2_m128_seed2,11,11,x,59,97.36680121003944,0.9997313121988604,0.9988325780406628,1,1,1,1,1
aff11_wu25k_absq2_m128_seed2,11,11,x,60,94.71137066214506,0.9994086952919754,0.9982464826178726,1,1,1,1,1
aff11_wu25k_absq2_m128_seed2,11,11,x,61,97.49720196388162,0.9988032648432444,0.998245535358963,1,1,1,1,1
aff11_wu25k_absq2_m128_seed2,11,11,x,62,95.6456586087743,0.9989785505794004,0.9976516067657263,1,1,1,1,1
aff11_wu25k_absq2_m128_seed2,11,11,x,63,90.02261660669576,0.9979812598951663,0.9978258912310619,1,1,1,1,1
aff11_wu25k_absq2_m128_seed2,11,11,x,64,94.0853265068045,0.9979856398447057,0.9982758445200551,1,1,1,1,1
aff11_wu25k_absq2_m128_seed2,11,11,x,65,91.22270018018777,0.9997653877514734,0.9988520446080362,1,1,1,1,1
aff11_wu25k_absq2_m128_seed2,11,11,x,66,98.80136996824471,0.9998519506027586,0.9985320279993237,1,1,1,1,1
aff11_wu25k_absq2_m128_seed2,11,11,x,67,91.65868978507385,0.9996495436762977,0.9977758856021,1,1,1,1,1
aff11_wu25k_absq2_m128_seed2,11,11,x,68,94.25647127812985,0.9998532157863257,0.9976285874584121,1,1,1,1,1
aff11_wu25k_absq2_m128_seed2,11,11,x,69,97.51721000351218,0.9982907493365737,0.9985498127352324,1,1,1,1,1
aff11_wu25k_absq2_m128_seed2,11,11,x,70,98.715709313737,0.9998719773847281,0.9981900892349466,1,1,1,1,1
aff11_wu25k_absq2_m128_seed2,11,11,x,71,91.36094901007877,0.9997734738178562,0.9982132434643153,1,1,1,1,1
aff11_wu25k_absq2_m128_seed2,11,11,x,72,98.03734855908917,0.9997090150120884,0.9977278390003014,1,1,1,1,1
aff11_wu25k_absq2_m128_seed2,11,11,x,73,100.23973106447428,0.9992245126868866,0.9976080402246931,1,1,1,1,1
aff11_wu25k_absq2_m128_seed2,11,11,x,74,88.73778281249956,0.999847984186029,0.9975651568539957,1,1,1,1,1
aff11_wu25k_absq2_m128_seed2,11,11,x,75,80.32263067713892,0.9997458703594234,0.99824369174832,1,1,1,1,1
aff11_wu25k_absq2_m128_seed2,11,11,x,76,94.78074588447383,0.9992631598903703,0.9981994761437686,1,1,1,1,1
aff11_wu25k_absq2_m128_seed2,11,11,x,77,97.46590892916741,0.9995373378043668,0.9972048167866838,1,1,1,1,1
aff11_wu25k_absq2_m128_seed2,11,11,x,78,101.14235429418342,0.9988557220520444,0.9959850824327493,1,1,1,1,1
aff11_wu25k_absq2_m128_seed2,11,11,x,79,1.322356188406498e-05,0.9528378272995748,0.9971448065936304,1,1,1,1,1
aff11_wu25k_absq2_m128_seed2,11,11,x,80,100.23336900447477,0.9995810052842837,0.9971844477891569,1,1,1,1,1
aff11_wu25k_absq2_m128_seed2,11,11,x,81,92.48485642439094,0.9982233168205962,0.9987358884345661,1,1,1,1,1
aff11_wu25k_absq2_m128_seed2,11,11,x,82,8.983704396641829e-06,0.9968143081435656,0.9966141481478419,1,1,1,1,1
aff11_wu25k_absq2_m128_seed2,11,11,x,83,91.73153495377875,0.9993206079193159,0.9990282973243905,1,1,1,1,1
aff11_wu25k_absq2_m128_seed2,11,11,x,84,95.53200842195788,0.9998833180480043,0.999043333455737,1,1,1,1,1
aff11_wu25k_absq2_m128_seed2,11,11,x,86,94.0532300375513,0.9996756165788792,0.9978126390626086,1,1,1,1,1
aff11_wu25k_absq2_m128_seed2,11,11,x,87,97.33081343252745,0.9986136332666453,0.9972026881331554,1,1,1,1,1
aff11_wu25k_absq2_m128_seed2,11,11,x,88,93.61752282512374,0.9998607046149529,0.9990583809761687,1,1,1,1,1
aff11_wu25k_absq2_m128_seed2,11,11,x,89,91.10571935487037,0.9978066405443053,0.998452194211455,1,1,1,1,1
aff11_wu25k_absq2_m128_seed2,11,11,x,90,90.74472612077518,0.9992420658427063,0.9978448711492269,1,1,1,1,1
aff11_wu25k_absq2_m128_seed2,11,11,x,91,90.10320275335096,0.9984484564744355,0.9984844048124852,1,1,1,1,1
aff11_wu25k_absq2_m128_seed2,11,11,x,92,98.22632334885046,0.9996166985348149,0.996063851469038,1,1,1,1,1
aff11_wu25k_absq2_m128_seed2,11,11,x,93,97.99960606200837,0.9991308890803374,0.9985422494097381,1,1,1,1,1
aff11_wu25k_absq2_m128_seed2,11,11,x,94,100.71374480988949,0.998087992600904,0.9972601917137471,1,1,1,1,1
aff11_wu25k_absq2_m128_seed2,11,11,x,95,99.65849971020222,0.9980898228911581,0.997221176678346,1,1,1,1,1
aff11_wu25k_absq2_m128_seed2,11,11,x,96,95.72633913506682,0.9998466416698517,0.9975943022339563,1,1,1,1,1
aff11_wu25k_absq2_m128_seed2,11,11,x,97,95.40198042681882,0.9988958344870169,0.9961082688999213,1,1,1,1,1
aff11_wu25k_absq2_m128_seed2,11,11,x,98,89.47295851755362,0.9998490073089268,0.9977762518949821,1,1,1,1,1
aff11_wu25k_absq2_m128_seed2,11,11,x,99,92.3294949594609,0.9997061324632847,0.9990829619748334,1,1,1,1,1
aff11_wu25k_absq2_m128_seed2,11,11,x,100,95.66277473887386,0.9997974701464177,0.9983602778549056,1,1,1,1,1
aff11_wu25k_absq2_m128_seed2,11,11,x,101,82.10989112027573,0.9996572978515901,0.998500200705337,1,1,1,1,1
aff11_wu25k_absq2_m128_seed2,11,11,x,102,98.6387607412726,0.9996492784805479,0.9961120110240748,1,1,1,1,1
aff11_wu25k_absq2_m128_seed2,11,11,x,103,99.66656383407165,0.999638324671855,0.9987792596249825,1,1,1,1,1
aff11_wu25k_absq2_m128_seed2,11,11,x,104,91.45246684391066,0.9998510437571877,0.9990299463199427,1,1,1,1,1
aff11_wu25k_absq2_m128_seed2,11,11,x,105,99.24956282040944,0.9993590985207552,0.9976143035005117,1,1,1,1,1
aff11_wu25k_absq2_m128_seed2,11,11,x,106,94.16564219695108,0.9993407643122568,0.9990274763139765,1,1,1,1,1
aff11_wu25k_absq2_m128_seed2,11,11,x,107,95.80717236770157,0.9995921731718523,0.996108803087365,1,1,1,1,1
aff11_wu25k_absq2_m128_seed2,11,11,x,109,1.2160956608766298e-05,0.9995399311059099,0.9987959380283384,1,1,1,1,1
aff11_wu25k_absq2_m128_seed2,11,11,x,110,87.12226217215668,0.9985363568731577,0.9985186215722136,1,1,1,1,1
aff11_wu25k_absq2_m128_seed2,11,11,x,111,100.94708660332338,0.999494038805709,0.9984526439939454,1,1,1,1,1
aff11_wu25k_absq2_m128_seed2,11,11,x,112,1.3672760477236123e-05,0.9957048896842977,0.998475044953877,1,1,1,1,1
aff11_wu25k_absq2_m128_seed2,11,11,x,113,93.42967999520657,0.9952456405901675,0.9975486718688074,1,1,1,1,1
aff11_wu25k_absq2_m128_seed2,11,11,x,114,94.53155246016875,0.9996543633427524,0.9982214748396963,1,1,1,1,1
aff11_wu25k_absq2_m128_seed2,11,11,x,116,95.0092192935757,0.9997013837268245,0.9990161095496468,1,1,1,1,1
aff11_wu25k_absq2_m128_seed2,11,11,x,117,102.58055384379969,0.9998791807264891,0.9989088992750096,1,1,1,1,1
aff11_wu25k_absq2_m128_seed2,11,11,x,119,99.40054832715659,0.9994243762995252,0.9961242297696548,1,1,1,1,1
aff11_wu25k_absq2_m128_seed2,11,11,x,120,98.91558455208705,0.9995651538554519,0.9987062749792859,1,1,1,1,1
aff11_wu25k_absq2_m128_seed2,11,11,x,121,1.7256130564018312e-05,0.9893565335565225,0.9978514173824203,1,1,1,1,1
aff11_wu25k_absq2_m128_seed2,11,11,x,122,99.5201057658965,0.9997454945121362,0.9977104197915071,1,1,1,1,1
aff11_wu25k_absq2_m128_seed2,11,11,x,123,95.85612678478081,0.99837074462304,0.9976323066684929,1,1,1,1,1
aff11_wu25k_absq2_m128_seed2,11,11,x,124,97.37500041096764,0.999223650300965,0.998411826026474,1,1,1,1,1
aff11_wu25k_absq2_m128_seed2,11,11,x,125,92.74853271573002,0.9992151677989476,0.9978086486854171,1,1,1,1,1
aff11_wu25k_absq2_m128_seed2,11,11,x,126,97.17194251874844,0.9998688254757606,0.997555645566541,1,1,1,1,1
aff11_wu25k_absq2_m128_seed2,11,11,x,127,89.7808612864498,0.9994230702050463,0.9978588462412199,1,1,1,1,1
aff11_wu25k_absq2_m128_seed2,11,11,y,0,87.16333639351244,0.9989680167909127,0.9982576293139354,1,1,1,1,1
aff11_wu25k_absq2_m128_seed2,11,11,y,1,98.20740418187464,0.9992219200230379,0.9987816384447565,1,1,1,1,1
aff11_wu25k_absq2_m128_seed2,11,11,y,2,92.42355247872241,0.9995543359514399,0.9992104456675277,1,1,1,1,1
aff11_wu25k_absq2_m128_seed2,11,11,y,3,90.90537987500086,0.99970204446296,0.9986072041661898,1,1,1,1,1
aff11_wu25k_absq2_m128_seed2,11,11,y,4,94.50217778243943,0.9991686960763112,0.998774188405637,1,1,1,1,1
aff11_wu25k_absq2_m128_seed2,11,11,y,5,99.05947470262042,0.9996322175722478,0.9992928643271761,1,1,1,1,1
aff11_wu25k_absq2_m128_seed2,11,11,y,6,97.11533868726642,0.9996942419872378,0.9992843943257677,1,1,1,1,1
aff11_wu25k_absq2_m128_seed2,11,11,y,7,95.82983226126517,0.9985684906761273,0.998807775615542,1,1,1,1,1
aff11_wu25k_absq2_m128_seed2,11,11,y,8,93.20040781472692,0.9997592832887369,0.9985824847619572,1,1,1,1,1
aff11_wu25k_absq2_m128_seed2,11,11,y,9,106.06011472218698,0.9997670252920183,0.9983730598475249,1,1,1,1,1
aff11_wu25k_absq2_m128_seed2,11,11,y,10,88.81759221854117,0.9997901619954888,0.9982356898998636,1,1,1,1,1
aff11_wu25k_absq2_m128_seed2,11,11,y,11,99.37879466722727,0.9994472144364586,0.9987653934979456,1,1,1,1,1
aff11_wu25k_absq2_m128_seed2,11,11,y,12,90.8886390243619,0.9983874936425251,0.9982769183485578,1,1,1,1,1
aff11_wu25k_absq2_m128_seed2,11,11,y,13,91.92917135044516,0.9998408211167669,0.9983684732977909,1,1,1,1,1
aff11_wu25k_absq2_m128_seed2,11,11,y,14,94.68796656574385,0.9997266598379272,0.9983375316745153,1,1,1,1,1
aff11_wu25k_absq2_m128_seed2,11,11,y,15,94.09775699172958,0.9998406507114745,0.9992979076775129,1,1,1,1,1
aff11_wu25k_absq2_m128_seed2,11,11,y,16,103.81090951873816,0.9985508268293106,0.9987597386409733,1,1,1,1,1
aff11_wu25k_absq2_m128_seed2,11,11,y,17,82.92308699542913,0.9979532861982556,0.9979108651094016,1,1,1,1,1
aff11_wu25k_absq2_m128_seed2,11,11,y,18,97.72337811938375,0.9949098206444912,0.9991383460131148,1,1,1,1,1
aff11_wu25k_absq2_m128_seed2,11,11,y,19,95.91715286276303,0.9977902215819189,0.9982781113289273,1,1,1,1,1
aff11_wu25k_absq2_m128_seed2,11,11,y,20,92.2584034519579,0.9995791000270509,0.9987867580902255,1,1,1,1,1
aff11_wu25k_absq2_m128_seed2,11,11,y,21,84.75348933801186,0.9993492565726374,0.9979296972508549,1,1,1,1,1
aff11_wu25k_absq2_m128_seed2,11,11,y,22,107.31524792052046,0.9996264472004887,0.9978305066478176,1,1,1,1,1
aff11_wu25k_absq2_m128_seed2,11,11,y,23,91.91969341743697,0.9998208920312278,0.9987867203666336,1,1,1,1,1
aff11_wu25k_absq2_m128_seed2,11,11,y,24,100.93720822670365,0.9997896696074424,0.9991522618483394,1,1,1,1,1
aff11_wu25k_absq2_m128_seed2,11,11,y,25,98.25160334896978,0.9990154332954696,0.9988432072773673,1,1,1,1,1
aff11_wu25k_absq2_m128_seed2,11,11,y,26,94.65238609100523,0.9998563738803151,0.9983667039181857,1,1,1,1,1
aff11_wu25k_absq2_m128_seed2,11,11,y,27,97.55230622362255,0.9994475265117386,0.9977954398704262,1,1,1,1,1
aff11_wu25k_absq2_m128_seed2,11,11,y,28,93.36273046744597,0.9999062309483067,0.9987119127865938,1,1,1,1,1
aff11_wu25k_absq2_m128_seed2,11,11,y,29,95.80798078115436,0.9968498009637115,0.998671029508876,1,1,1,1,1
aff11_wu25k_absq2_m128_seed2,11,11,y,30,1.6471392531263267e-05,0.9594024266016263,0.9989241322695144,1,1,1,1,1
aff11_wu25k_absq2_m128_seed2,11,11,y,31,86.17709303885898,0.9985375542148338,0.9982625318968295,1,1,1,1,1
aff11_wu25k_absq2_m128_seed2,11,11,y,32,106.03720479886955,0.9993747076149588,0.9988315748290337,1,1,1,1,1
aff11_wu25k_absq2_m128_seed2,11,11,y,33,96.13500449215674,0.9993071952240119,0.9987241935760384,1,1,1,1,1
aff11_wu25k_absq2_m128_seed2,11,11,y,34,83.45186834257937,0.9993291008520058,0.9979842072742008,1,1,1,1,1
aff11_wu25k_absq2_m128_seed2,11,11,y,35,94.25825296333596,0.9998921353538978,0.9983572719231371,1,1,1,1,1
aff11_wu25k_absq2_m128_seed2,11,11,y,36,108.89245945139943,0.999465145126537,0.9978129371309142,1,1,1,1,1
aff11_wu25k_absq2_m128_seed2,11,11,y,37,96.04179849468875,0.9974818845102369,0.9985755310957428,1,1,1,1,1
aff11_wu25k_absq2_m128_seed2,11,11,y,38,91.80251157165175,0.9996960737583731,0.9993098667077247,1,1,1,1,1
aff11_wu25k_absq2_m128_seed2,11,11,y,39,99.25653705805198,0.9984688939321752,0.9987865864177229,1,1,1,1,1
aff11_wu25k_absq2_m128_seed2,11,11,y,40,96.47069705607733,0.999594041919851,0.9985887878312745,1,1,1,1,1
aff11_wu25k_absq2_m128_seed2,11,11,y,41,93.36031408512841,0.9990379745507415,0.9983390527231615,1,1,1,1,1
aff11_wu25k_absq2_m128_seed2,11,11,y,42,96.90600439923786,0.9996187828690699,0.9987946876402212,1,1,1,1,1
aff11_wu25k_absq2_m128_seed2,11,11,y,43,106.01564884328002,0.9987405515748448,0.9987808122036042,1,1,1,1,1
aff11_wu25k_absq2_m128_seed2,11,11,y,44,93.37389474898781,0.9997444002064889,0.998728168466313,1,1,1,1,1
aff11_wu25k_absq2_m128_seed2,11,11,y,45,100.46503787756772,0.9982035278740778,0.9981260324453749,1,1,1,1,1
aff11_wu25k_absq2_m128_seed2,11,11,y,46,97.56649767547164,0.999673491687062,0.9992372329761888,1,1,1,1,1
aff11_wu25k_absq2_m128_seed2,11,11,y,47,102.21080090470163,0.9999030130276287,0.998274592767439,1,1,1,1,1
aff11_wu25k_absq2_m128_seed2,11,11,y,48,101.4211466066245,0.9998795102832841,0.9987766392294054,1,1,1,1,1
aff11_wu25k_absq2_m128_seed2,11,11,y,49,106.18451809330553,0.9998118439240044,0.9980366367365636,1,1,1,1,1
aff11_wu25k_absq2_m128_seed2,11,11,y,50,101.41438098870191,0.9997506443589003,0.9985593607216624,1,1,1,1,1
aff11_wu25k_absq2_m128_seed2,11,11,y,51,2.532782690335702e-05,0.9914777179602439,0.9987917603595285,1,1,1,1,1
aff11_wu25k_absq2_m128_seed2,11,11,y,52,101.13209515551083,0.998826625560335,0.9978632759538245,1,1,1,1,1
aff11_wu25k_absq2_m128_seed2,11,11,y,53,102.17757120769203,0.9997698357708776,0.9985484056254378,1,1,1,1,1
aff11_wu25k_absq2_m128_seed2,11,11,y,54,90.81362439203306,0.9968554495493481,0.9984508100365909,1,1,1,1,1
aff11_wu25k_absq2_m128_seed2,11,11,y,55,104.25437485586409,0.9995919595271439,0.9978240350170018,1,1,1,1,1
aff11_wu25k_absq2_m128_seed2,11,11,y,57,101.72322797023425,0.9998227206391415,0.9992398505959773,1,1,1,1,1
aff11_wu25k_absq2_m128_seed2,11,11,y,58,96.03017317498637,0.9998685425379165,0.9987704938933062,1,1,1,1,1
aff11_wu25k_absq2_m128_seed2,11,11,y,59,95.53706662129125,0.9999207896712846,0.9984058247995996,1,1,1,1,1
aff11_wu25k_absq2_m128_seed2,11,11,y,60,95.4293590568042,0.9997577848445288,0.999235668550459,1,1,1,1,1
aff11_wu25k_absq2_m128_seed2,11,11,y,61,101.86422582296807,0.9989678978749378,0.9981553555242448,1,1,1,1,1
aff11_wu25k_absq2_m128_seed2,11,11,y,62,97.34961348395262,0.9992362466142874,0.9987776215284728,1,1,1,1,1
aff11_wu25k_absq2_m128_seed2,11,11,y,63,91.75023095608722,0.9998886282420378,0.9984281479770589,1,1,1,1,1
aff11_wu25k_absq2_m128_seed2,11,11,y,64,99.9454624583942,0.9980590325906764,0.9983682092919601,1,1,1,1,1
aff11_wu25k_absq2_m128_seed2,11,11,y,65,83.01079135456614,0.9996236665767896,0.9980079622548362,1,1,1,1,1
aff11_wu25k_absq2_m128_seed2,11,11,y,66,97.12311819691254,0.998403189707139,0.9987651165857118,1,1,1,1,1
aff11_wu25k_absq2_m128_seed2,11,11,y,67,95.23114332503604,0.999364800480507,0.9983471955316379,1,1,1,1,1
aff11_wu25k_absq2_m128_seed2,11,11,y,68,98.61694059324844,0.999489716904244,0.9983601343597641,1,1,1,1,1
aff11_wu25k_absq2_m128_seed2,11,11,y,69,98.16924764939141,0.9993235279559443,0.9983171866354767,1,1,1,1,1
aff11_wu25k_absq2_m128_seed2,11,11,y,70,99.70950301849406,0.9978142664366244,0.9983056252856409,1,1,1,1,1
aff11_wu25k_absq2_m128_seed2,11,11,y,71,98.47297350881003,0.9983230801989328,0.9992308879987958,1,1,1,1,1
aff11_wu25k_absq2_m128_seed2,11,11,y,72,100.94671136034572,0.9996115796903005,0.9978327186819033,1,1,1,1,1
aff11_wu25k_absq2_m128_seed2,11,11,y,73,102.72952241427488,0.9999201961131138,0.9984229423963774,1,1,1,1,1
aff11_wu25k_absq2_m128_seed2,11,11,y,74,83.33797494733031,0.9997830124932018,0.9980488874077902,1,1,1,1,1
aff11_wu25k_absq2_m128_seed2,11,11,y,75,74.05061682198298,0.9996232979396805,0.9979041631107733,1,1,1,1,1
aff11_wu25k_absq2_m128_seed2,11,11,y,76,93.7769165994965,0.9998819568892588,0.9987752640889549,1,1,1,1,1
aff11_wu25k_absq2_m128_seed2,11,11,y,77,100.61293343604099,0.9976960153947012,0.9988735341343031,1,1,1,1,1
aff11_wu25k_absq2_m128_seed2,11,11,y,78,104.28653649019884,0.9984931806956943,0.9977794177908841,1,1,1,1,1
aff11_wu25k_absq2_m128_seed2,11,11,y,80,102.41854908284398,0.9995456473122791,0.9984050101127945,1,1,1,1,1
aff11_wu25k_absq2_m128_seed2,11,11,y,81,91.14120016718023,0.9994626616864664,0.9992766035914873,1,1,1,1,1
aff11_wu25k_absq2_m128_seed2,11,11,y,82,7.954123774091808e-06,0.9714684320271714,0.9986086660537994,1,1,1,1,1
aff11_wu25k_absq2_m128_seed2,11,11,y,83,92.04203614522112,0.9995205028445533,0.9992083251493777,1,1,1,1,1
aff11_wu25k_absq2_m128_seed2,11,11,y,84,96.67176058011695,0.9994347457402052,0.9987698903581151,1,1,1,1,1
aff11_wu25k_absq2_m128_seed2,11,11,y,85,8.333491646980312e-06,0.9842691376127458,0.9985179413122393,1,1,1,1,1
aff11_wu25k_absq2_m128_seed2,11,11,y,86,95.29107383737977,0.9996619559587694,0.9987536272351032,1,1,1,1,1
aff11_wu25k_absq2_m128_seed2,11,11,y,87,99.88827736823572,0.9995914040353252,0.998781040852687,1,1,1,1,1
aff11_wu25k_absq2_m128_seed2,11,11,y,88,93.2636687629605,0.9995628304277053,0.9983829801926575,1,1,1,1,1
aff11_wu25k_absq2_m128_seed2,11,11,y,89,98.6347485516035,0.9989056599050828,0.9992149720903627,1,1,1,1,1
aff11_wu25k_absq2_m128_seed2,11,11,y,90,92.75383360640495,0.9995094309255074,0.9987978779880197,1,1,1,1,1
aff11_wu25k_absq2_m128_seed2,11,11,y,91,95.18964621847988,0.9998867611330722,0.9987913566308096,1,1,1,1,1
aff11_wu25k_absq2_m128_seed2,11,11,y,92,103.2584459606346,0.9998896351484869,0.998851656621264,1,1,1,1,1
aff11_wu25k_absq2_m128_seed2,11,11,y,93,99.2631041258754,0.9998014170904642,0.9993193854473279,1,1,1,1,1
aff11_wu25k_absq2_m128_seed2,11,11,y,94,102.06652178389672,0.9997106902879797,0.9991805426104455,1,1,1,1,1
aff11_wu25k_absq2_m128_seed2,11,11,y,95,100.98564838828176,0.9998178179479308,0.9991619937249628,1,1,1,1,1
aff11_wu25k_absq2_m128_seed2,11,11,y,96,96.63165189515573,0.9991187403145485,0.9988287222027333,1,1,1,1,1
aff11_wu25k_absq2_m128_seed2,11,11,y,97,100.80671451195684,0.9997915228069896,0.9991813029156887,1,1,1,1,1
aff11_wu25k_absq2_m128_seed2,11,11,y,98,92.69851612933795,0.9995785031966314,0.99875707373781,1,1,1,1,1
aff11_wu25k_absq2_m128_seed2,11,11,y,99,79.75992873376981,0.9992588586111887,0.9981047101632936,1,1,1,1,1
aff11_wu25k_absq2_m128_seed2,11,11,y,100,99.94378405128221,0.9985632248577233,0.9991960303444288,1,1,1,1,1
aff11_wu25k_absq2_m128_seed2,11,11,y,101,86.7875653266865,0.9995747908613797,0.9984206224553757,1,1,1,1,1
aff11_wu25k_absq2_m128_seed2,11,11,y,102,105.02402004261342,0.9998301636277863,0.9987820748065043,1,1,1,1,1
aff11_wu25k_absq2_m128_seed2,11,11,y,103,96.95659184084315,0.9998731889659714,0.9987664503233099,1,1,1,1,1
aff11_wu25k_absq2_m128_seed2,11,11,y,104,93.05963729719304,0.9987678315104594,0.9983720814525777,1,1,1,1,1
aff11_wu25k_absq2_m128_seed2,11,11,y,105,105.77507020801363,0.9998750318127471,0.9980728095508155,1,1,1,1,1
aff11_wu25k_absq2_m128_seed2,11,11,y,106,94.97222328264176,0.999784223288432,0.9992557998052094,1,1,1,1,1
aff11_wu25k_absq2_m128_seed2,11,11,y,107,98.31317461644196,0.9998152940931114,0.9983661774720062,1,1,1,1,1
aff11_wu25k_absq2_m128_seed2,11,11,y,109,7.478752171149437e-06,0.9452309379515866,0.9981624740775717,1,1,1,1,1
aff11_wu25k_absq2_m128_seed2,11,11,y,110,87.24736279903878,0.9997830876454472,0.9982673160781274,1,1,1,1,1
aff11_wu25k_absq2_m128_seed2,11,11,y,111,102.26795654907116,0.999418675972604,0.9978097264379244,1,1,1,1,1
aff11_wu25k_absq2_m128_seed2,11,11,y,112,1.4868207093008788e-05,0.9817266135743977,0.9987063996924076,1,1,1,1,1
aff11_wu25k_absq2_m128_seed2,11,11,y,113,98.79613773910782,0.9995470205190055,0.9988670706134478,1,1,1,1,1
aff11_wu25k_absq2_m128_seed2,11,11,y,114,96.19605319779862,0.9980500352251012,0.9986593656871685,1,1,1,1,1
aff11_wu25k_absq2_m128_seed2,11,11,y,116,95.90040499752314,0.9992893078947201,0.9988264268221674,1,1,1,1,1
aff11_wu25k_absq2_m128_seed2,11,11,y,117,106.56055562797023,0.9996140005971066,0.9978276429687631,1,1,1,1,1
aff11_wu25k_absq2_m128_seed2,11,11,y,118,1.5916389119478367e-05,0.9626245070641227,0.9977491050392924,1,1,1,1,1
aff11_wu25k_absq2_m128_seed2,11,11,y,119,101.4101155168342,0.9993841963983223,0.9983100138573532,1,1,1,1,1
aff11_wu25k_absq2_m128_seed2,11,11,y,120,97.91784814916709,0.9982596937546884,0.9992370758824846,1,1,1,1,1
aff11_wu25k_absq2_m128_seed2,11,11,y,121,7.868464483069589e-06,0.9977985171095236,0.9984414980945461,1,1,1,1,1
aff11_wu25k_absq2_m128_seed2,11,11,y,122,104.5718179561989,0.999606009652327,0.9977893963712724,1,1,1,1,1
aff11_wu25k_absq2_m128_seed2,11,11,y,123,96.37818270166501,0.999817458693452,0.9992176448930935,1,1,1,1,1
aff11_wu25k_absq2_m128_seed2,11,11,y,124,101.87540332732792,0.9998395318364265,0.9986053503955651,1,1,1,1,1
aff11_wu25k_absq2_m128_seed2,11,11,y,125,94.09639757440281,0.999670406653345,0.998552766500507,1,1,1,1,1
aff11_wu25k_absq2_m128_seed2,11,11,y,126,103.67618148774461,0.9980585668789117,0.9985949709688671,1,1,1,1,1
aff11_wu25k_absq2_m128_seed2,11,11,y,127,87.82846113295616,0.9990510894599317,0.9982646266688925,1,1,1,1,1
aff11_wu25k_absq2_m128_seed3,11,11,x,0,1.1473757454162404e-05,0.9998835757267541,0.9990917895360765,1,1,1,1,1
aff11_wu25k_absq2_m128_seed3,11,11,x,1,112.89307701220659,0.9998913301666172,0.9989035663257277,1,1,1,1,1
aff11_wu25k_absq2_m128_seed3,11,11,x,2,109.28317252096645,0.9999166654903351,0.9991809889442383,1,1,1,1,1
aff11_wu25k_absq2_m128_seed3,11,11,x,3,113.35156393102356,0.9999153017133535,0.9991807676950423,1,1,1,1,1
aff11_wu25k_absq2_m128_seed3,11,11,x,4,102.27541335176895,0.9998333985759097,0.9991916555525909,1,1,1,1,1
aff11_wu25k_absq2_m128_seed3,11,11,x,5,109.45697288514022,0.9998877041011323,0.998988996824244,1,1,1,1,1
aff11_wu25k_absq2_m128_seed3,11,11,x,6,1.81396909160211e-05,0.9998790162854749,0.9989454774761302,1,1,1,1,1
aff11_wu25k_absq2_m128_seed3,11,11,x,7,111.78691196213192,0.999892259085235,0.9989610433259988,1,1,1,1,1
aff11_wu25k_absq2_m128_seed3,11,11,x,8,112.885840298538,0.999908497563595,0.999180717997974,1,1,1,1,1
aff11_wu25k_absq2_m128_seed3,11,11,x,9,98.87490635352421,0.9998031020647881,0.9991330469709655,1,1,1,1,1
aff11_wu25k_absq2_m128_seed3,11,11,x,10,112.18333354429922,0.9999136874678528,0.999162058429519,1,1,1,1,1
aff11_wu25k_absq2_m128_seed3,11,11,x,11,7.874896461032544e-06,0.9999131929857609,0.999210788114416,1,1,1,1,1
aff11_wu25k_absq2_m128_seed3,11,11,x,12,99.59405598879623,0.9998439401442911,0.9991921542884175,1,1,1,1,1
aff11_wu25k_absq2_m128_seed3,11,11,x,13,102.51596101172254,0.9998259105773187,0.9992469374526651,1,1,1,1,1
aff11_wu25k_absq2_m128_seed3,11,11,x,14,100.02674759798339,0.9998333385062159,0.9992115081466644,1,1,1,1,1
aff11_wu25k_absq2_m128_seed3,11,11,x,15,106.13361528506971,0.9998568614545575,0.9989903209377892,1,1,1,1,1
aff11_wu25k_absq2_m128_seed3,11,11,x,16,104.13017210584675,0.9997994994556149,0.9990937402819353,1,1,1,1,1
aff11_wu25k_absq2_m128_seed3,11,11,x,17,6.714024305077566e-06,0.9998827274275522,0.9987626856372077,1,1,1,1,1
aff11_wu25k_absq2_m128_seed3,11,11,x,18,107.37748835974398,0.9998911077099192,0.9990179483711998,1,1,1,1,1
aff11_wu25k_absq2_m128_seed3,11,11,x,19,105.21341566467545,0.9999194137949944,0.9992260884012515,1,1,1,1,1
aff11_wu25k_absq2_m128_seed3,11,11,x,20,107.80288038896522,0.9998322255991613,0.9990904477029402,1,1,1,1,1
aff11_wu25k_absq2_m128_seed3,11,11,x,21,104.36458724889698,0.9998890915745915,0.9989627171735302,1,1,1,1,1
aff11_wu25k_absq2_m128_seed3,11,11,x,22,105.25552880613235,0.9998813136888722,0.9987376951796009,1,1,1,1,1
aff11_wu25k_absq2_m128_seed3,11,11,x,23,99.20042615674338,0.9998745793601782,0.9986659666020913,1,1,1,1,1
aff11_wu25k_absq2_m128_seed3,11,11,x,24,106.53041993601909,0.9998295663557848,0.9990866377589784,1,1,1,1,1
aff11_wu25k_absq2_m128_seed3,11,11,x,25,99.49998744798515,0.9998812860928367,0.998769693356641,1,1,1,1,1
aff11_wu25k_absq2_m128_seed3,11,11,x,26,104.99952706244665,0.9998476100928693,0.9989291410785597,1,1,1,1,1
aff11_wu25k_absq2_m128_seed3,11,11,x,27,104.68161162750165,0.999891673116064,0.9989779128893406,1,1,1,1,1
aff11_wu25k_absq2_m128_seed3,11,11,x,28,113.6186780771242,0.9999208566552016,0.9991681260820011,1,1,1,1,1
aff11_wu25k_absq2_m128_seed3,11,11,x,29,108.93198477779083,0.9999045613332604,0.9991886778712602,1,1,1,1,1
aff11_wu25k_absq2_m128_seed3,11,11,x,30,106.4343943252943,0.999897394536585,0.9992955150100702,1,1,1,1,1
aff11_wu25k_absq2_m128_seed3,11,11,x,31,96.79358661414129,0.9998655703056021,0.9986651856998081,1,1,1,1,1
aff11_wu25k_absq2_m128_seed3,11,11,x,32,104.45565651784366,0.9998577162179911,0.9985864493036097,1,1,1,1,1
aff11_wu25k_absq2_m128_seed3,11,11,x,33,105.41315090042447,0.9998402062607143,0.9990487627465868,1,1,1,1,1
aff11_wu25k_absq2_m128_seed3,11,11,x,34,109.39073555268897,0.999890811514149,0.9992871778778045,1,1,1,1,1
aff11_wu25k_absq2_m128_seed3,11,11,x,35,100.003068953556,0.9998239524442933,0.9992402789063465,1,1,1,1,1
aff11_wu25k_absq2_m128_seed3,11,11,x,36,108.18917967556655,0.9999127643069694,0.9991820906254258,1,1,1,1,1
aff11_wu25k_absq2_m128_seed3,11,11,x,37,103.26494139530969,0.9999111337980073,0.9992130797428075,1,1,1,1,1
aff11_wu25k_absq2_m128_seed3,11,11,x,38,104.14719943348436,0.9998849514312551,0.9986540667679776,1,1,1,1,1
aff11_wu25k_absq2_m128_seed3,11,11,x,39,105.14277759689774,0.9998946294018758,0.9989595349207918,1,1,1,1,1
aff11_wu25k_absq2_m128_seed3,11,11,x,40,112.90555314648007,0.9999166704119548,0.9991938946325049,1,1,1,1,1
aff11_wu25k_absq2_m128_seed3,11,11,x,41,105.43611492172462,0.999824857566598,0.9992407851273846,1,1,1,1,1
aff11_wu25k_absq2_m128_seed3,11,11,x,42,114.47869534747808,0.999890221671081,0.9989419484870109,1,1,1,1,1
aff11_wu25k_absq2_m128_seed3,11,11,x,43,110.96323876214814,0.9998983969644987,0.998974595534467,1,1,1,1,1
aff11_wu25k_absq2_m128_seed3,11,11,x,44,107.77096580589193,0.9999027521970898,0.9989862917871138,1,1,1,1,1
aff11_wu25k_absq2_m128_seed3,11,11,x,45,94.38725431795466,0.9998339963557685,0.999129224634895,1,1,1,1,1
aff11_wu25k_absq2_m128_seed3,11,11,x,46,101.7061365791878,0.9998677152715827,0.9990810931501342,1,1,1,1,1
aff11_wu25k_absq2_m128_seed3,11,11,x,47,100.18055803438422,0.9998430470758511,0.9990877998695905,1,1,1,1,1
aff11_wu25k_absq2_m128_seed3,11,11,x,48,107.18868038534073,0.9999165123061858,0.9991600888528206,1,1,1,1,1
aff11_wu25k_absq2_m128_seed3,11,11,x,49,99.99383841713652,0.9998498794772609,0.998972269216546,1,1,1,1,1
aff11_wu25k_absq2_m128_seed3,11,11,x,50,104.44448013565717,0.9998388707800911,0.9992599409454552,1,1,1,1,1
aff11_wu25k_absq2_m128_seed3,11,11,x,51,100.54790594696732,0.9998889660962994,0.9993228793878975,1,1,1,1,1
aff11_wu25k_absq2_m128_seed3,11,11,x,52,107.07912098629915,0.9999263916759156,0.9992082055622169,1,1,1,1,1
aff11_wu25k_absq2_m128_seed3,11,11,x,53,101.57106499602087,0.9998664770088096,0.9985217772000639,1,1,1,1,1
aff11_wu25k_absq2_m128_seed3,11,11,x,54,105.82084613783388,0.9998875987933696,0.9987624189055732,1,1,1,1,1
aff11_wu25k_absq2_m128_seed3,11,11,x,55,100.16222256247868,0.9998496661071786,0.9989685400355551,1,1,1,1,1
aff11_wu25k_absq2_m128_seed3,11,11,x,56,103.05583694499056,0.9999129158133833,0.9992783940817844,1,1,1,1,1
aff11_wu25k_absq2_m128_seed3,11,11,x,57,110.95660918458726,0.9998905829819439,0.9990328319254789,1,1,1,1,1
aff11_wu25k_absq2_m128_seed3,11,11,x,58,109.74438317342731,0.9999084369872635,0.9992030327106881,1,1,1,1,1
aff11_wu25k_absq2_m128_seed3,11,11,x,59,111.14695275513458,0.9999091092807957,0.999199957328671,1,1,1,1,1
aff11_wu25k_absq2_m128_seed3,11,11,x,60,106.9412405373636,0.9999171030101391,0.9992374213776404,1,1,1,1,1
aff11_wu25k_absq2_m128_seed3,11,11,x,61,107.41064581766648,0.999884805950722,0.9992964454461292,1,1,1,1,1
aff11_wu25k_absq2_m128_seed3,11,11,x,62,112.39537700403118,0.9999070685409844,0.9991776132571455,1,1,1,1,1
aff11_wu25k_absq2_m128_seed3,11,11,x,63,106.11690140247838,0.9998721062225758,0.9985919033859028,1,1,1,1,1
aff11_wu25k_absq2_m128_seed3,11,11,x,64,106.83977051459394,0.9998300863633905,0.9990714609070711,1,1,1,1,1
aff11_wu25k_absq2_m128_seed3,11,11,x,65,113.62466356911453,0.999915355713885,0.9991849417802607,1,1,1,1,1
aff11_wu25k_absq2_m128_seed3,11,11,x,66,104.44007009964734,0.9998375449904866,0.9989465490823098,1,1,1,1,1
aff11_wu25k_absq2_m128_seed3,11,11,x,67,108.67066923950556,0.9998814437428468,0.9987207990003034,1,1,1,1,1
aff11_wu25k_absq2_m128_seed3,11,11,x,68,107.7788116434309,0.9999160775412285,0.9992220864229766,1,1,1,1,1
aff11_wu25k_absq2_m128_seed3,11,11,x,69,103.34352615248017,0.9998980971244558,0.9989966487646434,1,1,1,1,1
aff11_wu25k_absq2_m128_seed3,11,11,x,70,112.35327719704904,0.9999205399397839,0.9991815177629387,1,1,1,1,1
aff11_wu25k_absq2_m128_seed3,11,11,x,71,109.32478946512222,0.9998547774989341,0.9985398170161478,1,1,1,1,1
aff11_wu25k_absq2_m128_seed3,11,11,x,72,103.41929296839409,0.9998471877796052,0.998955107317049,1,1,1,1,1
aff11_wu25k_absq2_m128_seed3,11,11,x,73,109.88069551741582,0.9998677254913502,0.9986087102405046,1,1,1,1,1
aff11_wu25k_absq2_m128_seed3,11,11,x,74,109.49529748080585,0.9999058664173168,0.9991849103982801,1,1,1,1,1
aff11_wu25k_absq2_m128_seed3,11,11,x,75,101.1847796932027,0.9998219536415566,0.9990657072238255,1,1,1,1,1
aff11_wu25k_absq2_m128_seed3,11,11,x,76,109.45819237791163,0.9998860767596999,0.9989173244032719,1,1,1,1,1
aff11_wu25k_absq2_m128_seed3,11,11,x,77,110.31546444049833,0.9999115629723819,0.9991774304748237,1,1,1,1,1
aff11_wu25k_absq2_m128_seed3,11,11,x,78,107.44128744947764,0.9999151397217682,0.9992186415321377,1,1,1,1,1
aff11_wu25k_absq2_m128_seed3,11,11,x,79,104.88434504948201,0.9998793530835501,0.9986509856851971,1,1,1,1,1
aff11_wu25k_absq2_m128_seed3,11,11,x,80,103.84528675699224,0.9999195320757213,0.9992947869578881,1,1,1,1,1
aff11_wu25k_absq2_m128_seed3,11,11,x,81,99.31746623436821,0.9998854910261724,0.999021689355733,1,1,1,1,1
aff11_wu25k_absq2_m128_seed3,11,11,x,82,112.97578006334165,0.9999187320135285,0.9991830533441591,1,1,1,1,1
aff11_wu25k_absq2_m128_seed3,11,11,x,83,107.24558134558781,0.9999053687434762,0.9991991072845438,1,1,1,1,1
aff11_wu25k_absq2_m128_seed3,11,11,x,84,99.98884985916288,0.9998898106724666,0.9992499988479857,1,1,1,1,1
aff11_wu25k_absq2_m128_seed3,11,11,x,85,104.74003256504312,0.9998207528861225,0.9992171402437097,1,1,1,1,1
aff11_wu25k_absq2_m128_seed3,11,11,x,86,110.61728273045867,0.9998894939491088,0.9989561385177652,1,1,1,1,1
aff11_wu25k_absq2_m128_seed3,11,11,x,87,101.14200253260744,0.9998900152514912,0.9990283025861161,1,1,1,1,1
aff11_wu25k_absq2_m128_seed3,11,11,x,88,104.94382750168567,0.9998407141731913,0.9989650455165956,1,1,1,1,1
aff11_wu25k_absq2_m128_seed3,11,11,x,89,91.60888186636409,0.99984274354454,0.9993294001806482,1,1,1,1,1
aff11_wu25k_absq2_m128_seed3,11,11,x,90,107.27509895540014,0.9998987332644365,0.9992830358744457,1,1,1,1,1
aff11_wu25k_absq2_m128_seed3,11,11,x,91,102.82713966134176,0.9998215582080162,0.9992382404408731,1,1,1,1,1
aff11_wu25k_absq2_m128_seed3,11,11,x,92,106.91046761985521,0.9998533783616469,0.9989704866581105,1,1,1,1,1
aff11_wu25k_absq2_m128_seed3,11,11,x,93,112.15209393965712,0.9999134576640305,0.9991916696508084,1,1,1,1,1
aff11_wu25k_absq2_m128_seed3,11,11,x,94,104.95198499248363,0.9998663930327915,0.9985886106646338,1,1,1,1,1
aff11_wu25k_absq2_m128_seed3,11,11,x,95,109.15150143619918,0.9999157644655429,0.9991817906613153,1,1,1,1,1
aff11_wu25k_absq2_m128_seed3,11,11,x,96,104.97134422316041,0.9998882877541374,0.9989857522581574,1,1,1,1,1
aff11_wu25k_absq2_m128_seed3,11,11,x,97,104.55641445315725,0.9999111715735015,0.9991939791157889,1,1,1,1,1
aff11_wu25k_absq2_m128_seed3,11,11,x,98,113.81713079209031,0.999917601095425,0.9991652668595119,1,1,1,1,1
aff11_wu25k_absq2_m128_seed3,11,11,x,99,101.76102816879592,0.9998063245180033,0.9992200068646071,1,1,1,1,1
aff11_wu25k_absq2_m128_seed3,11,11,x,100,99.00546266600708,0.9998728022269368,0.998601718479774,1,1,1,1,1
aff11_wu25k_absq2_m128_seed3,11,11,x,101,100.30384068535234,0.9998649070085579,0.9985982436696718,1,1,1,1,1
aff11_wu25k_absq2_m128_seed3,11,11,x,102,96.63593261555964,0.9998592263041481,0.9989162489747656,1,1,1,1,1
aff11_wu25k_absq2_m128_seed3,11,11,x,103,105.75328518671452,0.9998686154257616,0.9985510358716471,1,1,1,1,1
aff11_wu25k_absq2_m128_seed3,11,11,x,104,103.28288983356812,0.9998663015333142,0.9986170913283509,1,1,1,1,1
aff11_wu25k_absq2_m128_seed3,11,11,x,105,98.58262926651015,0.999882344727844,0.9987213574173531,1,1,1,1,1
aff11_wu25k_absq2_m128_seed3,11,11,x,106,106.42204293749727,0.9998983261939574,0.9992649763835109,1,1,1,1,1
aff11_wu25k_absq2_m128_seed3,11,11,x,107,1.9175765099421e-05,0.9998841695134079,0.9991960992898501,1,1,1,1,1
aff11_wu25k_absq2_m128_seed3,11,11,x,108,105.2968612521163,0.9998902116104752,0.9993034837474227,1,1,1,1,1
aff11_wu25k_absq2_m128_seed3,11,11,x,109,111.22830514494383,0.9998916408268984,0.9989379135066008,1,1,1,1,1
aff11_wu25k_absq2_m128_seed3,11,11,x,110,7.73778832840954e-06,0.9999205528469889,0.9992056686062949,1,1,1,1,1
aff11_wu25k_absq2_m128_seed3,11,11,x,111,109.56484820654238,0.9998942486135658,0.9992988144095799,1,1,1,1,1
aff11_wu25k_absq2_m128_seed3,11,11,x,112,115.47765061211562,0.999911008791884,0.9991852453077056,1,1,1,1,1
aff11_wu25k_absq2_m128_seed3,11,11,x,113,94.87472275414359,0.9998823690706721,0.9985419196209113,1,1,1,1,1
aff11_wu25k_absq2_m128_seed3,11,11,x,114,106.94942733940937,0.9999194274256451,0.9992108946704256,1,1,1,1,1
aff11_wu25k_absq2_m128_seed3,11,11,x,115,104.03473756004114,0.9998187585695811,0.9990944373829139,1,1,1,1,1
aff11_wu25k_absq2_m128_seed3,11,11,x,116,110.34045585497543,0.9998931062706657,0.9989810726230075,1,1,1,1,1
aff11_wu25k_absq2_m128_seed3,11,11,x,117,108.28106481531292,0.9999079246692446,0.9991730391192359,1,1,1,1,1
aff11_wu25k_absq2_m128_seed3,11,11,x,118,106.86220106075449,0.9998317357105644,0.9990549224986939,1,1,1,1,1
aff11_wu25k_absq2_m128_seed3,11,11,x,119,5.195086979186902e-06,0.9997728287243568,0.9990016846097454,1,1,1,1,1
aff11_wu25k_absq2_m128_seed3,11,11,x,120,110.78344974064215,0.9998923826669223,0.9989115213085065,1,1,1,1,1
aff11_wu25k_absq2_m128_seed3,11,11,x,121,100.8336819687847,0.9998130583712532,0.9990641344680399,1,1,1,1,1
aff11_wu25k_absq2_m128_seed3,11,11,x,122,115.21430127728891,0.9999021182582182,0.9989466916786239,1,1,1,1,1
aff11_wu25k_absq2_m128_seed3,11,11,x,123,103.14584549854136,0.9998351173270266,0.9992614981825546,1,1,1,1,1
aff11_wu25k_absq2_m128_seed3,11,11,x,124,106.37334306608271,0.9998663888748538,0.9986002417234571,1,1,1,1,1
aff11_wu25k_absq2_m128_seed3,11,11,x,125,104.40440083497856,0.9998791399893245,0.9986918178101913,1,1,1,1,1
aff11_wu25k_absq2_m128_seed3,11,11,x,126,110.59042058029864,0.9998895942537929,0.9989683700798778,1,1,1,1,1
aff11_wu25k_absq2_m128_seed3,11,11,x,127,108.26770884933697,0.9999180978143479,0.9992653980619266,1,1,1,1,1
aff11_wu25k_absq2_m128_seed3,11,11,y,0,2.6207863098231514e-05,0.9998979480916811,0.9990484580849126,1,1,1,1,1
aff11_wu25k_absq2_m128_seed3,11,11,y,1,99.365817489082,0.9999175094239631,0.9992088970425392,1,1,1,1,1
aff11_wu25k_absq2_m128_seed3,11,11,y,2,108.0612051035184,0.9999250878690888,0.9989581927954249,1,1,1,1,1
aff11_wu25k_absq2_m128_seed3,11,11,y,3,111.37628327217703,0.9998670473362712,0.9991925932804083,1,1,1,1,1
aff11_wu25k_absq2_m128_seed3,11,11,y,4,113.12242764741151,0.9999320244221461,0.9989221302162029,1,1,1,1,1
aff11_wu25k_absq2_m128_seed3,11,11,y,5,98.88984419274472,0.9999602982210496,0.9990576753193102,1,1,1,1,1
aff11_wu25k_absq2_m128_seed3,11,11,y,6,6.206969375086407e-06,0.9999076797145218,0.9988614043659255,1,1,1,1,1
aff11_wu25k_absq2_m128_seed3,11,11,y,7,103.58772702854023,0.9999436770231296,0.9991515681958824,1,1,1,1,1
aff11_wu25k_absq2_m128_seed3,11,11,y,8,101.17695938141472,0.9997479718345598,0.9990141743948231,1,1,1,1,1
aff11_wu25k_absq2_m128_seed3,11,11,y,9,115.90504814891361,0.9999265798285127,0.9989578287530724,1,1,1,1,1
aff11_wu25k_absq2_m128_seed3,11,11,y,10,100.49570359409427,0.9999436981003379,0.9990654991319919,1,1,1,1,1
aff11_wu25k_absq2_m128_seed3,11,11,y,11,2.70225628377411e-05,0.9999337172101358,0.9986806623822452,1,1,1,1,1
aff11_wu25k_absq2_m128_seed3,11,11,y,12,111.65827252263028,0.9998671036020379,0.9991727281126475,1,1,1,1,1
aff11_wu25k_absq2_m128_seed3,11,11,y,13,101.57322037971986,0.9998046550246716,0.9989518398353139,1,1,1,1,1
aff11_wu25k_absq2_m128_seed3,11,11,y,14,107.47284392075483,0.9998877500084488,0.9987585414880445,1,1,1,1,1
aff11_wu25k_absq2_m128_seed3,11,11,y,15,105.89462327002141,0.9999181743342502,0.9989167221798722,1,1,1,1,1
aff11_wu25k_absq2_m128_seed3,11,11,y,16,113.7967802468196,0.9998917106944226,0.9988054202814418,1,1,1,1,1
aff11_wu25k_absq2_m128_seed3,11,11,y,17,1.132678971710182e-05,0.9999462934967837,0.9991577699853786,1,1,1,1,1
aff11_wu25k_absq2_m128_seed3,11,11,y,18,104.55700833645628,0.9999527674864778,0.9990494182247732,1,1,1,1,1
aff11_wu25k_absq2_m128_seed3,11,11,y,19,103.31547085247753,0.9999460890214689,0.9990587217166863,1,1,1,1,1
aff11_wu25k_absq2_m128_seed3,11,11,y,20,107.35271302679509,0.999947380507321,0.9990458850577862,1,1,1,1,1
aff11_wu25k_absq2_m128_seed3,11,11,y,21,103.3859705021298,0.9999250104964449,0.9988760112730182,1,1,1,1,1
aff11_wu25k_absq2_m128_seed3,11,11,y,22,106.26538588475795,0.9999064839170154,0.9991873612035976,1,1,1,1,1
aff11_wu25k_absq2_m128_seed3,11,11,y,23,102.61828083993156,0.9997997336339539,0.9989262963173711,1,1,1,1,1
aff11_wu25k_absq2_m128_seed3,11,11,y,24,104.31564527730946,0.9998167579025439,0.9989449744937259,1,1,1,1,1
aff11_wu25k_absq2_m128_seed3,11,11,y,25,106.39890822378392,0.9998937807916748,0.9987772620378762,1,1,1,1,1
aff11_wu25k_absq2_m128_seed3,11,11,y,26,109.5665910893269,0.999886233992879,0.9988322027892186,1,1,1,1,1
aff11_wu25k_absq2_m128_seed3,11,11,y,27,104.28523287332942,0.9999028139766957,0.9989082572659989,1,1,1,1,1
aff11_wu25k_absq2_m128_seed3,11,11,y,28,101.34108042316366,0.9999207456648802,0.9988173606832175,1,1,1,1,1
aff11_wu25k_absq2_m128_seed3,11,11,y,29,107.91662851338806,0.9998960926734445,0.998761581304584,1,1,1,1,1
aff11_wu25k_absq2_m128_seed3,11,11,y,30,105.90277309432201,0.9999069470445556,0.9989342019680222,1,1,1,1,1
aff11_wu25k_absq2_m128_seed3,11,11,y,31,109.53113354806823,0.999928270141272,0.9989560177956877,1,1,1,1,1
aff11_wu25k_absq2_m128_seed3,11,11,y,32,102.28023993136964,0.9998995035043517,0.9988927624302062,1,1,1,1,1
aff11_wu25k_absq2_m128_seed3,11,11,y,33,111.77710424150929,0.9999569232351654,0.9991401184677133,1,1,1,1,1
aff11_wu25k_absq2_m128_seed3,11,11,y,34,104.93410202658872,0.999811669309944,0.9989412675025854,1,1,1,1,1
aff11_wu25k_absq2_m128_seed3,11,11,y,35,103.72623079387574,0.999958731887535,0.9990729504274803,1,1,1,1,1
aff11_wu25k_absq2_m128_seed3,11,11,y,36,110.07399401575597,0.9998764707223995,0.9991779405588874,1,1,1,1,1
aff11_wu25k_absq2_m128_seed3,11,11,y,37,99.66733669602216,0.9998073187188511,0.9989513966025694,1,1,1,1,1
aff11_wu25k_absq2_m128_seed3,11,11,y,38,100.84283972505334,0.9998003224980976,0.9989624872593084,1,1,1,1,1
aff11_wu25k_absq2_m128_seed3,11,11,y,39,109.6468278320012,0.9999047208389426,0.9988212339424073,1,1,1,1,1
aff11_wu25k_absq2_m128_seed3,11,11,y,40,105.62228692611708,0.9999122648251262,0.9989300704618713,1,1,1,1,1
aff11_wu25k_absq2_m128_seed3,11,11,y,41,105.51249744577507,0.9997764252722526,0.9989855382457951,1,1,1,1,1
aff11_wu25k_absq2_m128_seed3,11,11,y,42,99.00316223065698,0.999878321140387,0.9991174338924952,1,1,1,1,1
aff11_wu25k_absq2_m128_seed3,11,11,y,43,111.29426735143116,0.9999300649951992,0.9989165080708047,1,1,1,1,1
aff11_wu25k_absq2_m128_seed3,11,11,y,44,107.95732564026595,0.9999441241090563,0.9991671487944161,1,1,1,1,1
aff11_wu25k_absq2_m128_seed3,11,11,y,45,109.03231600426324,0.9998641674275105,0.9991928876572986,1,1,1,1,1
aff11_wu25k_absq2_m128_seed3,11,11,y,46,113.98956234393809,0.9998635385435798,0.9992273487305153,1,1,1,1,1
aff11_wu25k_absq2_m128_seed3,11,11,y,47,102.23060617037653,0.9997689509429138,0.9989860626632248,1,1,1,1,1
aff11_wu25k_absq2_m128_seed3,11,11,y,48,96.86620044117166,0.9999203513337878,0.9988506860655443,1,1,1,1,1
aff11_wu25k_absq2_m128_seed3,11,11,y,49,100.42550667223584,0.999949349494927,0.9990692342094252,1,1,1,1,1
aff11_wu25k_absq2_m128_seed3,11,11,y,50,107.73331098905737,0.9999584359940162,0.9991043132674104,1,1,1,1,1
aff11_wu25k_absq2_m128_seed3,11,11,y,51,102.44830701963,0.9999175018839086,0.9989057204748544,1,1,1,1,1
aff11_wu25k_absq2_m128_seed3,11,11,y,52,106.8747664858518,0.9999182244975353,0.9989703705605029,1,1,1,1,1
aff11_wu25k_absq2_m128_seed3,11,11,y,53,106.66649015844249,0.9999581789129388,0.9991416574739989,1,1,1,1,1
aff11_wu25k_absq2_m128_seed3,11,11,y,54,106.86882670670632,0.9998982547009657,0.9988970405606248,1,1,1,1,1
aff11_wu25k_absq2_m128_seed3,11,11,y,55,101.8372968782518,0.9999045782915644,0.998896884447061,1,1,1,1,1
aff11_wu25k_absq2_m128_seed3,11,11,y,56,103.63207308539539,0.9999076777034499,0.9991888949688554,1,1,1,1,1
aff11_wu25k_absq2_m128_seed3,11,11,y,57,104.81019289013776,0.9999178934013301,0.9991394973303113,1,1,1,1,1
aff11_wu25k_absq2_m128_seed3,11,11,y,58,116.82981774757668,0.9998639143620469,0.9991925128409004,1,1,1,1,1
aff11_wu25k_absq2_m128_seed3,11,11,y,59,108.71903550229915,0.9999534483806884,0.999181671867806,1,1,1,1,1
aff11_wu25k_absq2_m128_seed3,11,11,y,60,105.91042092395391,0.9999133539060746,0.9991726226128748,1,1,1,1,1
aff11_wu25k_absq2_m128_seed3,11,11,y,61,110.35454738885761,0.9997713263531935,0.9989528123971082,1,1,1,1,1
aff11_wu25k_absq2_m128_seed3,11,11,y,62,101.21023231327612,0.9999008014832369,0.9988745097236008,1,1,1,1,1
aff11_wu25k_absq2_m128_seed3,11,11,y,63,101.55974712124655,0.9998992466243054,0.9991792281520118,1,1,1,1,1
aff11_wu25k_absq2_m128_seed3,11,11,y,64,110.2106804288601,0.9999138038072467,0.9988962789597098,1,1,1,1,1
aff11_wu25k_absq2_m128_seed3,11,11,y,65,107.7181941000977,0.999746348885271,0.9989597514860098,1,1,1,1,1
aff11_wu25k_absq2_m128_seed3,11,11,y,66,102.36362815099695,0.9998104756516484,0.99894260591343,1,1,1,1,1
aff11_wu25k_absq2_m128_seed3,11,11,y,67,110.3968736470542,0.9999472048862532,0.999183803525373,1,1,1,1,1
aff11_wu25k_absq2_m128_seed3,11,11,y,68,108.87662846102226,0.9997608443574624,0.9989796827768376,1,1,1,1,1
aff11_wu25k_absq2_m128_seed3,11,11,y,69,101.03846040281333,0.9998127640658342,0.9989515678903915,1,1,1,1,1
aff11_wu25k_absq2_m128_seed3,11,11,y,70,112.59223883704027,0.999887894591271,0.998845528803254,1,1,1,1,1
aff11_wu25k_absq2_m128_seed3,11,11,y,71,106.16479906788075,0.9999481733975586,0.9990332699445712,1,1,1,1,1
aff11_wu25k_absq2_m128_seed3,11,11,y,72,101.74176957517783,0.9999143352154297,0.999223127416997,1,1,1,1,1
aff11_wu25k_absq2_m128_seed3,11,11,y,73,104.16641968804925,0.9998216993350522,0.9989786352901846,1,1,1,1,1
aff11_wu25k_absq2_m128_seed3,11,11,y,74,105.14374254888124,0.9999473224646296,0.9991153323230062,1,1,1,1,1
aff11_wu25k_absq2_m128_seed3,11,11,y,75,104.10701520954255,0.9999534888308711,0.9991704277731218,1,1,1,1,1
aff11_wu25k_absq2_m128_seed3,11,11,y,76,105.41317388165146,0.9999075382690251,0.998932026324644,1,1,1,1,1
aff11_wu25k_absq2_m128_seed3,11,11,y,77,99.59539135443059,0.9999188331265115,0.9991658597066468,1,1,1,1,1
aff11_wu25k_absq2_m128_seed3,11,11,y,78,108.52113191942405,0.9998822662776976,0.9988128142919308,1,1,1,1,1
aff11_wu25k_absq2_m128_seed3,11,11,y,79,106.8575285697425,0.9999256314249229,0.9988922813561364,1,1,1,1,1
aff11_wu25k_absq2_m128_seed3,11,11,y,80,115.46823960323958,0.9999287597583135,0.9989366924351152,1,1,1,1,1
aff11_wu25k_absq2_m128_seed3,11,11,y,81,113.3173337555938,0.9998613238245955,0.9991984875978654,1,1,1,1,1
aff11_wu25k_absq2_m128_seed3,11,11,y,82,103.16592528798243,0.9999429662708508,0.9991476679586813,1,1,1,1,1
aff11_wu25k_absq2_m128_seed3,11,11,y,83,108.58377964461265,0.9999613069647647,0.9991073337574004,1,1,1,1,1
aff11_wu25k_absq2_m128_seed3,11,11,y,84,112.4482916065054,0.9999218332828539,0.9989413718729159,1,1,1,1,1
aff11_wu25k_absq2_m128_seed3,11,11,y,85,108.16097738310738,0.9999135042019338,0.9989431236834134,1,1,1,1,1
aff11_wu25k_absq2_m128_seed3,11,11,y,86,109.21250309196523,0.9998681384394608,0.9992187730957711,1,1,1,1,1
aff11_wu25k_absq2_m128_seed3,11,11,y,87,99.20915636951565,0.999946400028003,0.9991995368446913,1,1,1,1,1
aff11_wu25k_absq2_m128_seed3,11,11,y,88,106.17382130840852,0.9999515819294208,0.9991810093095655,1,1,1,1,1
aff11_wu25k_absq2_m128_seed3,11,11,y,89,104.7380867749731,0.9998623104197293,0.9992019227201053,1,1,1,1,1
aff11_wu25k_absq2_m128_seed3,11,11,y,90,113.2045240860163,0.9998839802314144,0.9988111135801143,1,1,1,1,1
aff11_wu25k_absq2_m128_seed3,11,11,y,91,104.75731787422978,0.9999029743933893,0.9989299801701799,1,1,1,1,1
aff11_wu25k_absq2_m128_seed3,11,11,y,92,105.3323173453842,0.999787062962697,0.9989593136700242,1,1,1,1,1
aff11_wu25k_absq2_m128_seed3,11,11,y,93,98.34949310586425,0.9999645358600802,0.9991469318203076,1,1,1,1,1
aff11_wu25k_absq2_m128_seed3,11,11,y,94,106.51727088789532,0.9998719218780792,0.9991722612360121,1,1,1,1,1
aff11_wu25k_absq2_m128_seed3,11,11,y,95,110.12035542241823,0.9999597554477009,0.9990989949994978,1,1,1,1,1
aff11_wu25k_absq2_m128_seed3,11,11,y,96,101.89355155154935,0.9999354964538657,0.998904180877516,1,1,1,1,1
aff11_wu25k_absq2_m128_seed3,11,11,y,97,94.14402753665595,0.9999430684130128,0.9990048289900125,1,1,1,1,1
aff11_wu25k_absq2_m128_seed3,11,11,y,98,103.8637062229193,0.9998157727986631,0.9990011987431613,1,1,1,1,1
aff11_wu25k_absq2_m128_seed3,11,11,y,99,100.56225606842347,0.9999168687591445,0.9992432981493304,1,1,1,1,1
aff11_wu25k_absq2_m128_seed3,11,11,y,100,103.96203144960953,0.9998950639212192,0.9988015253935485,1,1,1,1,1
aff11_wu25k_absq2_m128_seed3,11,11,y,101,110.80700649583524,0.9999308355819042,0.9988926366146663,1,1,1,1,1
aff11_wu25k_absq2_m128_seed3,11,11,y,102,108.25891587033726,0.9999227749837881,0.9989449380873724,1,1,1,1,1
aff11_wu25k_absq2_m128_seed3,11,11,y,103,101.53884704727278,0.9999501818613704,0.9991779729556534,1,1,1,1,1
aff11_wu25k_absq2_m128_seed3,11,11,y,104,105.38396924724037,0.9999175146474241,0.9989650064961778,1,1,1,1,1
aff11_wu25k_absq2_m128_seed3,11,11,y,105,108.40471388001028,0.9999633643239002,0.9991130420144699,1,1,1,1,1
aff11_wu25k_absq2_m128_seed3,11,11,y,106,112.26641668158737,0.9999591272684006,0.9991171086526561,1,1,1,1,1
aff11_wu25k_absq2_m128_seed3,11,11,y,107,3.056082144546101e-05,0.9998904630037445,0.9989179707874688,1,1,1,1,1
aff11_wu25k_absq2_m128_seed3,11,11,y,108,105.39542664946349,0.9999558852417814,0.9991664144350291,1,1,1,1,1
aff11_wu25k_absq2_m128_seed3,11,11,y,109,108.45560888106178,0.9999063009629356,0.9988724116334289,1,1,1,1,1
aff11_wu25k_absq2_m128_seed3,11,11,y,110,2.1284701857640028e-05,0.9998857130452797,0.9990308218165351,1,1,1,1,1
aff11_wu25k_absq2_m128_seed3,11,11,y,111,109.63031889398415,0.9999448301607562,0.9990470997217112,1,1,1,1,1
aff11_wu25k_absq2_m128_seed3,11,11,y,112,102.34377532202035,0.9998420682419261,0.998927990286825,1,1,1,1,1
aff11_wu25k_absq2_m128_seed3,11,11,y,113,109.13652441400146,0.9998675874239911,0.9992115096534374,1,1,1,1,1
aff11_wu25k_absq2_m128_seed3,11,11,y,114,101.4047701985845,0.99990722847383,0.9992184558876486,1,1,1,1,1
aff11_wu25k_absq2_m128_seed3,11,11,y,115,103.94988374519428,0.9999040292224768,0.9989446861560033,1,1,1,1,1
aff11_wu25k_absq2_m128_seed3,11,11,y,116,107.9836485822394,0.9997379539697326,0.9990054738142888,1,1,1,1,1
aff11_wu25k_absq2_m128_seed3,11,11,y,117,108.02388696917942,0.9999017987104268,0.9989075975672604,1,1,1,1,1
aff11_wu25k_absq2_m128_seed3,11,11,y,118,106.80859607332805,0.9999034022177105,0.9991998348488161,1,1,1,1,1
aff11_wu25k_absq2_m128_seed3,11,11,y,119,1.1938323930836913e-05,0.9999468472326296,0.9990275060473137,1,1,1,1,1
aff11_wu25k_absq2_m128_seed3,11,11,y,120,100.14469672051752,0.999896357180983,0.9987528062299997,1,1,1,1,1
aff11_wu25k_absq2_m128_seed3,11,11,y,121,108.05472378691327,0.9999562568523822,0.9991250268738485,1,1,1,1,1
aff11_wu25k_absq2_m128_seed3,11,11,y,122,75.61036396982512,0.9999584603662193,0.9987897194812492,1,1,1,1,1
aff11_wu25k_absq2_m128_seed3,11,11,y,123,104.3317559622545,0.9999571484383064,0.9991644592997269,1,1,1,1,1
aff11_wu25k_absq2_m128_seed3,11,11,y,124,106.74620975027689,0.9997657838308263,0.9989349652512648,1,1,1,1,1
aff11_wu25k_absq2_m128_seed3,11,11,y,125,105.8716901281624,0.9999446644103549,0.9990550630511597,1,1,1,1,1
aff11_wu25k_absq2_m128_seed3,11,11,y,126,100.41863788187644,0.9996980136733575,0.9990467069600418,1,1,1,1,1
aff11_wu25k_absq2_m128_seed3,11,11,y,127,110.96728127208219,0.9999221434031159,0.9989259801729259,1,1,1,1,1
aff11_wu25k_absq3_m128_seed1,11,11,x,0,6.570704718342603e-11,0.9241531196358291,0.31689935345321407,8,1,1,1,1
aff11_wu25k_absq3_m128_seed1,11,11,x,1,5.4630097153036977e-11,0.910185556995226,0.2671046585367416,8,1,1,1,1
aff11_wu25k_absq3_m128_seed1,11,11,x,2,6.193825979210165e-11,0.9452214106848216,0.38813514141099487,8,1,1,1,1
aff11_wu25k_absq3_m128_seed1,11,11,x,3,6.030133884172092e-11,0.9437558659599232,0.33100294924013496,8,1,1,1,1
aff11_wu25k_absq3_m128_seed1,11,11,x,6,7.517438635663686e-11,0.9519990048179355,0.3713097819425902,8,1,1,1,1
aff11_wu25k_absq3_m128_seed1,11,11,x,7,7.24197634722166e-11,0.9062555504448925,0.30602073591520773,8,1,1,1,1
aff11_wu25k_absq3_m128_seed1,11,11,x,9,6.300660762253293e-11,0.928172097715399,0.26067694622596876,8,1,1,1,1
aff11_wu25k_absq3_m128_seed1,11,11,x,10,5.121540863547976e-11,0.9690545978761372,0.4006365265541278,8,1,1,1,1
aff11_wu25k_absq3_m128_seed1,11,11,x,11,6.46274999685307e-11,0.9447003735627307,0.3287215242625119,9,1,1,1,1
aff11_wu25k_absq3_m128_seed1,11,11,x,12,7.198830771586689e-11,0.9395554485798809,0.3962147018236107,8,1,1,1,1
aff11_wu25k_absq3_m128_seed1,11,11,x,13,7.240561647041467e-11,0.9113654359619003,0.2728941393624175,8,1,1,1,1
aff11_wu25k_absq3_m128_seed1,11,11,x,15,7.246807533523281e-11,0.95992522933565,0.299072481404077,8,1,1,1,1
aff11_wu25k_absq3_m128_seed1,11,11,x,16,6.298972646971618e-11,0.9549557280282011,0.2690991577789661,7,1,1,1,1
aff11_wu25k_absq3_m128_seed1,11,11,x,17,6.997340218792546e-11,0.941563112863483,0.39052476556392723,8,1,1,1,1
aff11_wu25k_absq3_m128_seed1,11,11,x,18,5.835394708468119e-11,0.9641540495562237,0.2851524107810653,8,1,1,1,1
aff11_wu25k_absq3_m128_seed1,11,11,x,19,5.8046122941085224e-11,0.9224527510372229,0.38725916245546654,8,1,1,1,1
aff11_wu25k_absq3_m128_seed1,11,11,x,20,6.243178273694604e-11,0.9635527907566698,0.3117994870197305,8,1,1,1,1
aff11_wu25k_absq3_m128_seed1,11,11,x,21,7.183959244900154e-11,0.9447001548763204,0.2983032612833107,8,1,1,1,1
aff11_wu25k_absq3_m128_seed1,11,11,x,22,6.2151186302038e-11,0.9412927845626744,0.2823394712727761,8,1,1,1,1
aff11_wu25k_absq3_m128_seed1,11,11,x,23,6.091725504422581e-11,0.9293460538794648,0.31670482501404923,8,1,1,1,1
aff11_wu25k_absq3_m128_seed1,11,11,x,24,5.711222110990291e-11,0.906545829081567,0.37254329155663074,7,1,1,1,1
aff11_wu25k_absq3_m128_seed1,11,11,x,25,5.734826706994048e-11,0.9250219146787814,0.26132075015954154,9,1,1,1,1
aff11_wu25k_absq3_m128_seed1,11,11,x,27,7.217452308564544e-11,0.9576833797006813,0.3348564201210917,8,1,1,1,1
aff11_wu25k_absq3_m128_seed1,11,11,x,28,6.17050427616091e-11,0.901850986840311,0.31843372910883977,7,1,1,1,1
aff11_wu25k_absq3_m128_seed1,11,11,x,29,6.216851146214824e-11,0.9586760469519817,0.34691494069317064,8,1,1,1,1
aff11_wu25k_absq3_m128_seed1,11,11,x,31,6.980467567623433e-11,0.9195631733593602,0.3295941665724706,8,1,1,1,1
aff11_wu25k_absq3_m128_seed1,11,11,x,32,5.921008997869337e-11,0.9513791330423587,0.3144480329405946,8,1,1,1,1
aff11_wu25k_absq3_m128_seed1,11,11,x,33,6.026303545858222e-11,0.9653684732195608,0.333584137339865,8,1,1,1,1
aff11_wu25k_absq3_m128_seed1,11,11,x,34,6.544925476183546e-11,0.9440470224420884,0.31673518144211454,7,1,1,1,1
aff11_wu25k_absq3_m128_seed1,11,11,x,35,5.4653988131524743e-11,0.9367173474631902,0.27960633875467905,7,1,1,1,1
aff11_wu25k_absq3_m128_seed1,11,11,x,36,4.6883872763649106e-11,0.934419632594105,0.41714760310628834,7,1,1,1,1
aff11_wu25k_absq3_m128_seed1,11,11,x,37,6.345846980174492e-11,0.9576901434339355,0.32663164346947443,8,1,1,1,1
aff11_wu25k_absq3_m128_seed1,11,11,x,38,6.272218548539003e-11,0.9308706858256172,0.31025993624146603,8,1,1,1,1
aff11_wu25k_absq3_m128_seed1,11,11,x,39,5.693944368278469e-11,0.9463200877089629,0.3234441667001398,8,1,1,1,1
aff11_wu25k_absq3_m128_seed1,11,11,x,41,6.444852553587496e-11,0.9608940441528863,0.25841042843226497,8,1,1,1,1
aff11_wu25k_absq3_m128_seed1,11,11,x,42,5.748386369319843e-11,0.9105687599881667,0.3288582325160274,7,1,1,1,1
aff11_wu25k_absq3_m128_seed1,11,11,x,43,5.178123840561585e-11,0.9683828541845747,0.32048228848203403,9,1,1,1,1
aff11_wu25k_absq3_m128_seed1,11,11,x,44,5.547804266249372e-11,0.940450921152349,0.3479889002540663,8,1,1,1,1
aff11_wu25k_absq3_m128_seed1,11,11,x,46,6.184747497047749e-11,0.9602815901692879,0.32078522861116215,9,1,1,1,1
aff11_wu25k_absq3_m128_seed1,11,11,x,48,6.307474296402124e-11,0.9610810219313031,0.296002327525328,9,1,1,1,1
aff11_wu25k_absq3_m128_seed1,11,11,x,50,5.4035011913528824e-11,0.9400253819844735,0.3483206342381364,8,1,1,1,1
aff11_wu25k_absq3_m128_seed1,11,11,x,51,6.953729603007665e-11,0.9497658092352755,0.29355225382855255,8,1,1,1,1
aff11_wu25k_absq3_m128_seed1,11,11,x,52,7.219076466514409e-11,0.9050111591001594,0.3298097157466835,8,1,1,1,1
aff11_wu25k_absq3_m128_seed1,11,11,x,53,6.15920115298064e-11,0.9573250706399927,0.30955019415309076,7,1,1,1,1
aff11_wu25k_absq3_m128_seed1,11,11,x,55,4.757781374664871e-11,0.9101839985491862,0.3195069896421211,8,1,1,1,1
aff11_wu25k_absq3_m128_seed1,11,11,x,56,5.425312554662355e-11,0.947471300590511,0.32849726151865777,8,1,1,1,1
aff11_wu25k_absq3_m128_seed1,11,11,x,57,7.937085530731447e-11,0.941765334028327,0.29563374047181695,8,1,1,1,1
aff11_wu25k_absq3_m128_seed1,11,11,x,59,5.590291249896271e-11,0.969574374627483,0.32860697678696005,7,1,1,1,1
aff11_wu25k_absq3_m128_seed1,11,11,x,60,7.706823934728221e-11,0.9030938012235482,0.3281168852765617,8,1,1,1,1
aff11_wu25k_absq3_m128_seed1,11,11,x,61,7.308121183528771e-11,0.9191946167337839,0.29995052697212427,7,1,1,1,1
aff11_wu25k_absq3_m128_seed1,11,11,x,63,6.192254015655645e-11,0.9302108957694324,0.31281822593320524,7,1,1,1,1
aff11_wu25k_absq3_m128_seed1,11,11,x,64,6.722223278934281e-11,0.9277601376400055,0.3049040486001838,7,1,1,1,1
aff11_wu25k_absq3_m128_seed1,11,11,x,65,5.633584467769086e-11,0.930413271486201,0.39404845076809636,8,1,1,1,1
aff11_wu25k_absq3_m128_seed1,11,11,x,67,5.8152854431051624e-11,0.9462050468307419,0.31570699038210565,8,1,1,1,1
aff11_wu25k_absq3_m128_seed1,11,11,x,68,7.243325350638358e-11,0.9494169105427956,0.30171802770602457,8,1,1,1,1
aff11_wu25k_absq3_m128_seed1,11,11,x,69,7.201631493366787e-11,0.9255568317174513,0.32655368255842887,7,1,1,1,1
aff11_wu25k_absq3_m128_seed1,11,11,x,70,5.807611938733683e-11,0.9304484789815552,0.4273144550962997,8,1,1,1,1
aff11_wu25k_absq3_m128_seed1,11,11,x,72,6.372940497018627e-11,0.9746518523327178,0.28934216935620743,8,1,1,1,1
aff11_wu25k_absq3_m128_seed1,11,11,x,73,6.297164920878564e-11,0.9634469420086574,0.308035823598863,8,1,1,1,1
aff11_wu25k_absq3_m128_seed1,11,11,x,74,6.178678215595819e-11,0.9406502644910496,0.3384080957542886,9,1,1,1,1
aff11_wu25k_absq3_m128_seed1,11,11,x,75,5.796490767510385e-11,0.9536997959931108,0.3553812929386601,7,1,1,1,1
aff11_wu25k_absq3_m128_seed1,11,11,x,76,5.077822546755749e-11,0.9050564216209781,0.32684036140625716,8,1,1,1,1
aff11_wu25k_absq3_m128_seed1,11,11,x,77,5.0376141370288073e-11,0.9300988677389818,0.31166816479974174,8,1,1,1,1
aff11_wu25k_absq3_m128_seed1,11,11,x,78,7.287931045871532e-11,0.9428917034266041,0.3584849712058588,8,1,1,1,1
aff11_wu25k_absq3_m128_seed1,11,11,x,79,7.935255389738312e-11,0.9433376696929217,0.2567392040822536,8,1,1,1,1
aff11_wu25k_absq3_m128_seed1,11,11,x,82,5.550910830360434e-11,0.9523285973702326,0.4090945324627736,7,1,1,1,1
aff11_wu25k_absq3_m128_seed1,11,11,x,84,5.7385871495948566e-11,0.9193249068908655,0.37659330701695803,8,1,1,1,1
aff11_wu25k_absq3_m128_seed1,11,11,x,86,4.5110552079018924e-11,0.9351350203836797,0.2797291499832695,8,1,1,1,1
aff11_wu25k_absq3_m128_seed1,11,11,x,87,5.450283626479232e-11,0.9079505984241819,0.37267851336553576,7,1,1,1,1
aff11_wu25k_absq3_m128_seed1,11,11,x,89,6.361460058140327e-11,0.9376263236296117,0.3194102004976639,8,1,1,1,1
aff11_wu25k_absq3_m128_seed1,11,11,x,92,6.062469736059681e-11,0.9101675852318248,0.46635136066838806,8,1,1,1,1
aff11_wu25k_absq3_m128_seed1,11,11,x,94,6.157230786256494e-11,0.9047216363176791,0.2957618040039453,8,1,1,1,1
aff11_wu25k_absq3_m128_seed1,11,11,x,95,5.5283472413151884e-11,0.9536509848756745,0.3474807413062471,8,1,1,1,1
aff11_wu25k_absq3_m128_seed1,11,11,x,96,6.092812524121482e-11,0.9543228956031519,0.28606247524658673,8,1,1,1,1
aff11_wu25k_absq3_m128_seed1,11,11,x,98,7.070101824283265e-11,0.9367309635777251,0.3100280312598241,8,1,1,1,1
aff11_wu25k_absq3_m128_seed1,11,11,x,100,7.433252492139063e-11,0.9259954017193465,0.35612487729894104,8,1,1,1,1
aff11_wu25k_absq3_m128_seed1,11,11,x,101,6.32567165630931e-11,0.9489628632219167,0.2587084899840147,8,1,1,1,1
aff11_wu25k_absq3_m128_seed1,11,11,x,102,5.303257675000315e-11,0.9144975084899387,0.2913300091614176,9,1,1,1,1
aff11_wu25k_absq3_m128_seed1,11,11,x,103,6.239799689918677e-11,0.9448242774653772,0.3618904190119848,8,1,1,1,1
aff11_wu25k_absq3_m128_seed1,11,11,x,106,7.332126067129869e-11,0.9176861149640257,0.30557853612563873,7,1,1,1,1
aff11_wu25k_absq3_m128_seed1,11,11,x,107,6.112608511933627e-11,0.9083174347056255,0.3727094422416097,7,1,1,1,1
aff11_wu25k_absq3_m128_seed1,11,11,x,108,6.942733357838563e-11,0.9250047094105828,0.35293389864551106,8,1,1,1,1
aff11_wu25k_absq3_m128_seed1,11,11,x,112,6.126039658738343e-11,0.9033220760463383,0.40438145298315104,8,1,1,1,1
aff11_wu25k_absq3_m128_seed1,11,11,x,113,5.816566339499367e-11,0.9366908065802172,0.31466017216221975,8,1,1,1,1
aff11_wu25k_absq3_m128_seed1,11,11,x,114,5.821508675547941e-11,0.9109257950103189,0.2691403426947716,8,1,1,1,1
aff11_wu25k_absq3_m128_seed1,11,11,x,116,7.633956836722212e-11,0.9249918411268034,0.3650735464563967,7,1,1,1,1
aff11_wu25k_absq3_m128_seed1,11,11,x,117,6.547599463605263e-11,0.9184956131606787,0.3158953208566137,8,1,1,1,1
aff11_wu25k_absq3_m128_seed1,11,11,x,120,6.89446191525523e-11,0.9566684084070628,0.3678576282377741,8,1,1,1,1
aff11_wu25k_absq3_m128_seed1,11,11,x,121,6.076267177914108e-11,0.9113780054033757,0.3253868865469291,8,1,1,1,1
aff11_wu25k_absq3_m128_seed1,11,11,x,122,5.5387128219416635e-11,0.9508700476476606,0.3791929031811013,8,1,1,1,1
aff11_wu25k_absq3_m128_seed1,11,11,x,123,5.837781225542381e-11,0.9091017106063801,0.31453123736863714,8,1,1,1,1
aff11_wu25k_absq3_m128_seed1,11,11,x,124,5.632669183365421e-11,0.936588713685342,0.2604443277872552,7,1,1,1,1
aff11_wu25k_absq3_m128_seed1,11,11,x,125,6.897106958719124e-11,0.9073874144567565,0.25849438096058935,7,1,1,1,1
aff11_wu25k_absq3_m128_seed1,11,11,x,126,5.884812390690562e-11,0.9098597081059324,0.3103564900113138,9,1,1,1,1
aff11_wu25k_absq3_m128_seed1,11,11,x,127,7.584134959769556e-11,0.9030299938213618,0.3626017088107283,7,1,1,1,1
aff11_wu25k_absq3_m128_seed1,11,11,y,0,6.473913190455144e-11,0.9565433353740617,0.3484220263102825,7,1,1,1,1
aff11_wu25k_absq3_m128_seed1,11,11,y,2,5.8025499815172533e-11,0.9344381439604335,0.2824324014657949,8,1,1,1,1
aff11_wu25k_absq3_m128_seed1,11,11,y,3,6.13868851397182e-11,0.9309122063472921,0.3026767341738237,8,1,1,1,1
aff11_wu25k_absq3_m128_seed1,11,11,y,4,6.41391291226306e-11,0.9020418480214472,0.334023147158435,9,1,1,1,1
aff11_wu25k_absq3_m128_seed1,11,11,y,7,6.565403297065651e-11,0.9380892623064421,0.28354212453123645,8,1,1,1,1
aff11_wu25k_absq3_m128_seed1,11,11,y,8,5.891760060910124e-11,0.9265604019917604,0.2605275327824833,9,1,1,1,1
aff11_wu25k_absq3_m128_seed1,11,11,y,10,5.723188011589075e-11,0.9114607691836544,0.25591559363229127,8,1,1,1,1
aff11_wu25k_absq3_m128_seed1,11,11,y,11,5.3611074455793826e-11,0.9414968393967614,0.32813350577023637,9,1,1,1,1
aff11_wu25k_absq3_m128_seed1,11,11,y,12,8.244466324048321e-11,0.9375423350700399,0.31726860507942284,8,1,1,1,1
aff11_wu25k_absq3_m128_seed1,11,11,y,13,6.713594098463675e-11,0.9310082364177783,0.2780750763896554,8,1,1,1,1
aff11_wu25k_absq3_m128_seed1,11,11,y,14,6.444559160938737e-11,0.916583053359073,0.361498527687771,8,1,1,1,1
aff11_wu25k_absq3_m128_seed1,11,11,y,16,7.351438513741726e-11,0.9432581970189794,0.2853783201783689,9,1,1,1,1
aff11_wu25k_absq3_m128_seed1,11,11,y,18,6.932453372006901e-11,0.9333338932445613,0.2811009846899642,9,1,1,1,1
aff11_wu25k_absq3_m128_seed1,11,11,y,19,5.502879215382847e-11,0.908361306195879,0.3203398019318587,8,1,1,1,1
aff11_wu25k_absq3_m128_seed1,11,11,y,20,5.631134624020166e-11,0.9276665735982325,0.31411578480961877,8,1,1,1,1
aff11_wu25k_absq3_m128_seed1,11,11,y,21,4.7710927569567426e-11,0.9474928239357902,0.31300645633340873,8,1,1,1,1
aff11_wu25k_absq3_m128_seed1,11,11,y,22,7.740071247126984e-11,0.9304647279421143,0.31760773745176774,9,1,1,1,1
aff11_wu25k_absq3_m128_seed1,11,11,y,23,7.109740522861415e-11,0.9158651420203329,0.3509703924183966,7,1,1,1,1
aff11_wu25k_absq3_m128_seed1,11,11,y,24,6.132444870933388e-11,0.9655892296391101,0.2775701479244705,8,1,1,1,1
aff11_wu25k_absq3_m128_seed1,11,11,y,25,7.623223968792072e-11,0.913762808720571,0.2805105830403219,8,1,1,1,1
aff11_wu25k_absq3_m128_seed1,11,11,y,27,6.312270699018363e-11,0.9501199764797855,0.33098805258758357,7,1,1,1,1
aff11_wu25k_absq3_m128_seed1,11,11,y,28,6.487315746494779e-11,0.9284458305211574,0.33874243610529564,8,1,1,1,1
aff11_wu25k_absq3_m128_seed1,11,11,y,29,6.760829206352734e-11,0.9288792088127285,0.33417834304385463,9,1,1,1,1
aff11_wu25k_absq3_m128_seed1,11,11,y,30,6.971201391268886e-11,0.9286945655047203,0.2309580692991622,8,1,1,1,1
aff11_wu25k_absq3_m128_seed1,11,11,y,31,8.066021084313138e-11,0.9116868327464915,0.2352828764359143,9,1,1,1,1
aff11_wu25k_absq3_m128_seed1,11,11,y,32,7.899434400242195e-11,0.9523979537992335,0.2971313015899883,8,1,1,1,1
aff11_wu25k_absq3_m128_seed1,11,11,y,33,8.589793247729533e-11,0.9461329119045879,0.3198607764386174,7,1,1,1,1
aff11_wu25k_absq3_m128_seed1,11,11,y,34,6.923409167907816e-11,0.9482861352949384,0.30565007561163043,9,1,1,1,1
aff11_wu25k_absq3_m128_seed1,11,11,y,35,5.601881549438226e-11,0.951867745983534,0.331711148796552,8,1,1,1,1
aff11_wu25k_absq3_m128_seed1,11,11,y,36,7.556238131492692e-11,0.9409138312786282,0.3100670910809955,8,1,1,1,1
aff11_wu25k_absq3_m128_seed1,11,11,y,37,5.583861379976728e-11,0.9417239685495583,0.26427700100505247,8,1,1,1,1
aff11_wu25k_absq3_m128_seed1,11,11,y,39,6.05066652965066e-11,0.9442413711808157,0.25683635345714734,8,1,1,1,1
aff11_wu25k_absq3_m128_seed1,11,11,y,40,6.272216053600277e-11,0.9246163082438935,0.27411011523123474,8,1,1,1,1
aff11_wu25k_absq3_m128_seed1,11,11,y,41,5.1204409257669404e-11,0.9448736525541171,0.3359842898263826,9,1,1,1,1
aff11_wu25k_absq3_m128_seed1,11,11,y,42,9.092081382568722e-11,0.9121191276590249,0.4313101236010244,7,1,1,1,1
aff11_wu25k_absq3_m128_seed1,11,11,y,43,6.310969577333082e-11,0.9590487497587871,0.3258502911269668,7,1,1,1,1
aff11_wu25k_absq3_m128_seed1,11,11,y,44,7.342700289275797e-11,0.946072819416488,0.3138135103167338,8,1,1,1,1
aff11_wu25k_absq3_m128_seed1,11,11,y,45,4.812500810271439e-11,0.9607828333088388,0.3654681157692786,7,1,1,1,1
aff11_wu25k_absq3_m128_seed1,11,11,y,46,5.106559315915705e-11,0.9695155928932748,0.34247866065390137,8,1,1,1,1
aff11_wu25k_absq3_m128_seed1,11,11,y,48,7.583398882117798e-11,0.9209936301565431,0.34627159056656764,8,1,1,1,1
aff11_wu25k_absq3_m128_seed1,11,11,y,50,5.320361011451836e-11,0.9108112513644543,0.34456030317212116,7,1,1,1,1
aff11_wu25k_absq3_m128_seed1,11,11,y,52,6.753388436514696e-11,0.9447530228478719,0.27549779134846525,8,1,1,1,1
aff11_wu25k_absq3_m128_seed1,11,11,y,53,7.243708748669635e-11,0.9315241144332101,0.4008007008896545,8,1,1,1,1
aff11_wu25k_absq3_m128_seed1,11,11,y,54,7.417039886056207e-11,0.9429208181465284,0.3308882187239399,8,1,1,1,1
aff11_wu25k_absq3_m128_seed1,11,11,y,55,6.318611931959752e-11,0.9431602207311692,0.32631582034514306,9,1,1,1,1
aff11_wu25k_absq3_m128_seed1,11,11,y,59,7.196510192037236e-11,0.9776624345249294,0.35547706235395876,8,1,1,1,1
aff11_wu25k_absq3_m128_seed1,11,11,y,60,4.777810369165833e-11,0.9120837258651738,0.24168843547305707,7,1,1,1,1
aff11_wu25k_absq3_m128_seed1,11,11,y,61,6.606106834961427e-11,0.9433801800526063,0.39129686460732294,8,1,1,1,1
aff11_wu25k_absq3_m128_seed1,11,11,y,62,5.3751449680955583e-11,0.913887892950104,0.2909297440393487,8,1,1,1,1
aff11_wu25k_absq3_m128_seed1,11,11,y,63,7.732002311931636e-11,0.9416470031730173,0.30827549445576674,9,1,1,1,1
aff11_wu25k_absq3_m128_seed1,11,11,y,64,9.376695883650235e-11,0.9484536743709812,0.36205268265916285,8,1,1,1,1
aff11_wu25k_absq3_m128_seed1,11,11,y,65,7.009743060424059e-11,0.906252516315751,0.29495165270391543,7,1,1,1,1
aff11_wu25k_absq3_m128_seed1,11,11,y,70,6.738546245927719e-11,0.9274861091676596,0.39223583105930426,8,1,1,1,1
aff11_wu25k_absq3_m128_seed1,11,11,y,71,6.065174870228893e-11,0.9415923611905845,0.3693307322673127,8,1,1,1,1
aff11_wu25k_absq3_m128_seed1,11,11,y,73,6.052600592596782e-11,0.9393506750373934,0.30623489369963813,9,1,1,1,1
aff11_wu25k_absq3_m128_seed1,11,11,y,74,7.340389458439113e-11,0.9170038696919016,0.34544569142473547,7,1,1,1,1
aff11_wu25k_absq3_m128_seed1,11,11,y,75,5.6321667245640826e-11,0.968726764577117,0.30023172843875306,8,1,1,1,1
aff11_wu25k_absq3_m128_seed1,11,11,y,76,5.0446556125445274e-11,0.9090741171096237,0.35639073333105337,8,1,1,1,1
aff11_wu25k_absq3_m128_seed1,11,11,y,77,7.804972648344897e-11,0.9336965525728166,0.26302391981575973,7,1,1,1,1
aff11_wu25k_absq3_m128_seed1,11,11,y,78,4.8207901049640605e-11,0.9175878628202179,0.3432143749520841,9,1,1,1,1
aff11_wu25k_absq3_m128_seed1,11,11,y,80,6.470132309306497e-11,0.9732728613136038,0.30787306822707805,9,1,1,1,1
aff11_wu25k_absq3_m128_seed1,11,11,y,81,7.247602175269525e-11,0.9090632624004507,0.3019886964302482,8,1,1,1,1
aff11_wu25k_absq3_m128_seed1,11,11,y,82,6.511059503844026e-11,0.9315872381868744,0.35890730956970807,8,1,1,1,1
aff11_wu25k_absq3_m128_seed1,11,11,y,85,6.868286664234145e-11,0.9470980666779327,0.32923655545854097,8,1,1,1,1
aff11_wu25k_absq3_m128_seed1,11,11,y,86,6.80294127006022e-11,0.9626614386279944,0.2517303660281802,7,1,1,1,1
aff11_wu25k_absq3_m128_seed1,11,11,y,88,5.006027035697486e-11,0.9676603648059339,0.3052696916004549,8,1,1,1,1
aff11_wu25k_absq3_m128_seed1,11,11,y,89,6.530511840545645e-11,0.9253017454219984,0.2911936229439324,8,1,1,1,1
aff11_wu25k_absq3_m128_seed1,11,11,y,91,6.683184465120336e-11,0.9544805839019315,0.3212029035481459,8,1,1,1,1
aff11_wu25k_absq3_m128_seed1,11,11,y,92,5.998327363529396e-11,0.9576820231715643,0.36456714547833635,8,1,1,1,1
aff11_wu25k_absq3_m128_seed1,11,11,y,93,5.089161747699385e-11,0.9297641151248273,0.26996672400163146,8,1,1,1,1
aff11_wu25k_absq3_m128_seed1,11,11,y,94,7.10420541675012e-11,0.941408095195932,0.27742840835949806,8,1,1,1,1
aff11_wu25k_absq3_m128_seed1,11,11,y,95,7.625892982556868e-11,0.9160484967534861,0.3364050933490017,8,1,1,1,1
aff11_wu25k_absq3_m128_seed1,11,11,y,97,6.649051288611883e-11,0.9404063271888573,0.3736788119525373,8,1,1,1,1
aff11_wu25k_absq3_m128_seed1,11,11,y,98,5.436088281461843e-11,0.925774453760528,0.3226745106695691,7,1,1,1,1
aff11_wu25k_absq3_m128_seed1,11,11,y,99,4.805023720004011e-11,0.948727420780372,0.27391854362957363,8,1,1,1,1
aff11_wu25k_absq3_m128_seed1,11,11,y,100,6.310274058922233e-11,0.9177129398319054,0.23957599600322702,8,1,1,1,1
aff11_wu25k_absq3_m128_seed1,11,11,y,101,5.851281392777594e-11,0.9211900990227565,0.355698060652634,8,1,1,1,1
aff11_wu25k_absq3_m128_seed1,11,11,y,102,5.453651469366832e-11,0.9176849307568115,0.2849792372448521,7,1,1,1,1
aff11_wu25k_absq3_m128_seed1,11,11,y,103,5.584575895451417e-11,0.941749052235464,0.33027291694363753,8,1,1,1,1
aff11_wu25k_absq3_m128_seed1,11,11,y,104,6.81103388186246e-11,0.9329118817179571,0.31523748697865933,8,1,1,1,1
aff11_wu25k_absq3_m128_seed1,11,11,y,105,7.439408018463236e-11,0.9162718674996752,0.2879482697028834,9,1,1,1,1
aff11_wu25k_absq3_m128_seed1,11,11,y,107,5.382733645453085e-11,0.9343569561232593,0.2574830184491102,8,1,1,1,1
aff11_wu25k_absq3_m128_seed1,11,11,y,108,5.1299295707605684e-11,0.9112755680128367,0.2758086815669574,8,1,1,1,1
aff11_wu25k_absq3_m128_seed1,11,11,y,109,7.815980366407362e-11,0.943311640896688,0.3005938706278205,8,1,1,1,1
aff11_wu25k_absq3_m128_seed1,11,11,y,112,6.145731815137407e-11,0.9180807490230813,0.3619525270224517,8,1,1,1,1
aff11_wu25k_absq3_m128_seed1,11,11,y,114,5.97046284956645e-11,0.9506834958136481,0.28395116868466974,7,1,1,1,1
aff11_wu25k_absq3_m128_seed1,11,11,y,115,6.883219042601515e-11,0.9762433394608908,0.24504760328726252,8,1,1,1,1
aff11_wu25k_absq3_m128_seed1,11,11,y,116,5.687994619427244e-11,0.9668946054109773,0.283332087287119,7,1,1,1,1
aff11_wu25k_absq3_m128_seed1,11,11,y,117,6.628966160413976e-11,0.9242368493161697,0.3462978074929743,8,1,1,1,1
aff11_wu25k_absq3_m128_seed1,11,11,y,118,6.101300966367474e-11,0.9342245950556092,0.26157444060713464,8,1,1,1,1
aff11_wu25k_absq3_m128_seed1,11,11,y,119,7.138361120533253e-11,0.9409624875371422,0.2283239559634425,8,1,1,1,1
aff11_wu25k_absq3_m128_seed1,11,11,y,120,5.905829884975588e-11,0.9533063842606777,0.3395573816411875,8,1,1,1,1
aff11_wu25k_absq3_m128_seed1,11,11,y,121,6.460329875464178e-11,0.9003845483062805,0.26493106740698374,9,1,1,1,1
aff11_wu25k_absq3_m128_seed1,11,11,y,122,6.42125636400705e-11,0.9266749364334899,0.28651406368941346,8,1,1,1,1
aff11_wu25k_absq3_m128_seed1,11,11,y,125,5.955975788304636e-11,0.9389028422314598,0.33116986909551505,8,1,1,1,1
aff11_wu25k_absq3_m128_seed1,11,11,y,126,6.584609038430027e-11,0.9632922742294553,0.3113851075707012,8,1,1,1,1
aff11_wu25k_absq3_m128_seed1,11,11,y,127,5.098101523176005e-11,0.909304317164296,0.41570230944452946,8,1,1,1,1
aff11_wu50k_absq2_m128_seed1,11,11,x,0,81.25029963541651,0.9989062779135577,0.9935152921389451,1,1,1,1,1
aff11_wu50k_absq2_m128_seed1,11,11,x,1,76.68086115313282,0.9930820278832045,0.9896918037263687,1,1,1,1,1
aff11_wu50k_absq2_m128_seed1,11,11,x,2,94.07938454821196,0.9992233119611179,0.9943607565745671,1,1,1,1,1
aff11_wu50k_absq2_m128_seed1,11,11,x,3,64.8688822071286,0.9934584303793652,0.9920272033758624,1,1,1,1,1
aff11_wu50k_absq2_m128_seed1,11,11,x,4,82.14459834205114,0.9977085740624185,0.9939493720814184,1,1,1,1,1
aff11_wu50k_absq2_m128_seed1,11,11,x,5,71.76268942244451,0.991393254500321,0.9903765424182106,1,1,1,1,1
aff11_wu50k_absq2_m128_seed1,11,11,x,7,81.02201604510601,0.9967727979891556,0.9932273817508358,1,1,1,1,1
aff11_wu50k_absq2_m128_seed1,11,11,x,8,1.3549162559479822e-05,0.9124150232670065,0.9917685687567803,1,1,1,1,1
aff11_wu50k_absq2_m128_seed1,11,11,x,10,85.10101254853444,0.9968779406659137,0.994705832788872,1,1,1,1,1
aff11_wu50k_absq2_m128_seed1,11,11,x,12,71.88419482999336,0.9976044249816705,0.9930005945076396,1,1,1,1,1
aff11_wu50k_absq2_m128_seed1,11,11,x,13,82.13735343313941,0.9980780992342794,0.9924888848425016,1,1,1,1,1
aff11_wu50k_absq2_m128_seed1,11,11,x,14,70.90056702312006,0.9981684339127674,0.9914066293554388,1,1,1,1,1
aff11_wu50k_absq2_m128_seed1,11,11,x,15,79.45728549341923,0.9987402948727595,0.9926664399797394,1,1,1,1,1
aff11_wu50k_absq2_m128_seed1,11,11,x,17,67.48564278941339,0.9959557589105829,0.9920716129499004,1,1,1,1,1
aff11_wu50k_absq2_m128_seed1,11,11,x,18,76.60489692714881,0.9955852333387508,0.9911486690296057,1,1,1,1,1
aff11_wu50k_absq2_m128_seed1,11,11,x,20,76.73514043928148,0.9975211125643425,0.9893760665285106,1,1,1,1,1
aff11_wu50k_absq2_m128_seed1,11,11,x,21,84.58701074825073,0.9967376556964245,0.9930138715323387,1,1,1,1,1
aff11_wu50k_absq2_m128_seed1,11,11,x,23,75.70843634061971,0.9930296802674901,0.991538796776854,1,1,1,1,1
aff11_wu50k_absq2_m128_seed1,11,11,x,24,69.74132847552086,0.9984059649589959,0.9909230629434985,1,1,1,1,1
aff11_wu50k_absq2_m128_seed1,11,11,x,25,74.95227225736413,0.9989315965574522,0.9923948007878005,1,1,1,1,1
aff11_wu50k_absq2_m128_seed1,11,11,x,26,81.28565969215876,0.9951823323261735,0.9931325465004301,1,1,1,1,1
aff11_wu50k_absq2_m128_seed1,11,11,x,27,89.247275720563,0.9988595693732534,0.9930354533562933,1,1,1,1,1
aff11_wu50k_absq2_m128_seed1,11,11,x,28,73.25685587183521,0.9962902108343997,0.9898867335053352,1,1,1,1,1
aff11_wu50k_absq2_m128_seed1,11,11,x,29,85.52121772614605,0.9936796185997014,0.9926841668140208,1,1,1,1,1
aff11_wu50k_absq2_m128_seed1,11,11,x,30,92.8933275927622,0.9985307785667773,0.9936327879618243,1,1,1,1,1
aff11_wu50k_absq2_m128_seed1,11,11,x,31,76.87672791046103,0.9969919506310352,0.9926388089843193,1,1,1,1,1
aff11_wu50k_absq2_m128_seed1,11,11,x,32,85.14955248715037,0.9964805806421785,0.9934155632112205,1,1,1,1,1
aff11_wu50k_absq2_m128_seed1,11,11,x,34,80.64340301996374,0.9985948266977992,0.9930974354749579,1,1,1,1,1
aff11_wu50k_absq2_m128_seed1,11,11,x,36,1.6009659820002352e-05,0.905680306983227,0.9918794445038972,1,1,1,1,1
aff11_wu50k_absq2_m128_seed1,11,11,x,37,80.62573400129993,0.9958461366125559,0.9935018142284869,1,1,1,1,1
aff11_wu50k_absq2_m128_seed1,11,11,x,38,89.80335411807877,0.9993909119182621,0.993942017167477,1,1,1,1,1
aff11_wu50k_absq2_m128_seed1,11,11,x,39,65.61326132409104,0.9963191185270198,0.9912562127490709,1,1,1,1,1
aff11_wu50k_absq2_m128_seed1,11,11,x,41,84.93391267237658,0.9961511796766958,0.99310491930381,1,1,1,1,1
aff11_wu50k_absq2_m128_seed1,11,11,x,42,75.17719775060137,0.9951270713758168,0.9898999193978285,1,1,1,1,1
aff11_wu50k_absq2_m128_seed1,11,11,x,43,87.44927237800775,0.9970129907758541,0.993506863943579,1,1,1,1,1
aff11_wu50k_absq2_m128_seed1,11,11,x,44,79.57560346749267,0.9991439055792998,0.9922469383893893,1,1,1,1,1
aff11_wu50k_absq2_m128_seed1,11,11,x,45,83.1008637336835,0.9960316818922395,0.9933493487528683,1,1,1,1,1
aff11_wu50k_absq2_m128_seed1,11,11,x,46,75.43246206646064,0.996037002668582,0.9922252682632291,1,1,1,1,1
aff11_wu50k_absq2_m128_seed1,11,11,x,47,74.1580550646269,0.996541363192678,0.993486734642994,1,1,1,1,1
aff11_wu50k_absq2_m128_seed1,11,11,x,48,76.02330341761066,0.9977784570940668,0.990356675987152,1,1,1,1,1
aff11_wu50k_absq2_m128_seed1,11,11,x,49,74.39753738094412,0.9970684637484446,0.9923984695190186,1,1,1,1,1
aff11_wu50k_absq2_m128_seed1,11,11,x,51,68.21327348243723,0.9887887136364097,0.9933259899261008,1,1,1,1,1
aff11_wu50k_absq2_m128_seed1,11,11,x,52,95.73032070582903,0.9988963494216796,0.9938040641373846,1,1,1,1,1
aff11_wu50k_absq2_m128_seed1,11,11,x,54,81.34577215307259,0.9978443077280577,0.9933112346860519,1,1,1,1,1
aff11_wu50k_absq2_m128_seed1,11,11,x,55,81.6106425869654,0.9972258028385096,0.9935256418854348,1,1,1,1,1
aff11_wu50k_absq2_m128_seed1,11,11,x,56,94.1721087344558,0.9990839483038662,0.9936218227947532,1,1,1,1,1
aff11_wu50k_absq2_m128_seed1,11,11,x,57,84.3058674208869,0.9990958763797284,0.9936172257040843,1,1,1,1,1
aff11_wu50k_absq2_m128_seed1,11,11,x,58,84.51070208205334,0.9985451261931311,0.9926314360591494,1,1,1,1,1
aff11_wu50k_absq2_m128_seed1,11,11,x,59,89.48522207053364,0.9982330776959776,0.9943392329076997,1,1,1,1,1
aff11_wu50k_absq2_m128_seed1,11,11,x,60,84.49588511542169,0.9973417803016779,0.9936362765124102,1,1,1,1,1
aff11_wu50k_absq2_m128_seed1,11,11,x,61,78.97879235176156,0.9990586707455458,0.9926765174295367,1,1,1,1,1
aff11_wu50k_absq2_m128_seed1,11,11,x,62,1.8128059960956962e-05,0.9363808388829612,0.9928440985884722,1,1,1,1,1
aff11_wu50k_absq2_m128_seed1,11,11,x,63,83.16587179356176,0.9930128131716225,0.9921096404187062,1,1,1,1,1
aff11_wu50k_absq2_m128_seed1,11,11,x,65,96.43554516405595,0.9964716356829572,0.9936998931914024,1,1,1,1,1
aff11_wu50k_absq2_m128_seed1,11,11,x,68,87.09406644076765,0.9889329582622313,0.9936977059840005,1,1,1,1,1
aff11_wu50k_absq2_m128_seed1,11,11,x,70,75.23698870184379,0.9993442119350059,0.9926662276433149,1,1,1,1,1
aff11_wu50k_absq2_m128_seed1,11,11,x,71,80.59117394536068,0.997500568425936,0.9922905357399731,1,1,1,1,1
aff11_wu50k_absq2_m128_seed1,11,11,x,72,72.80143575748092,0.9981647690572871,0.9933306295357749,1,1,1,1,1
aff11_wu50k_absq2_m128_seed1,11,11,x,73,81.94698163908862,0.9979989646909899,0.9936372468343145,1,1,1,1,1
aff11_wu50k_absq2_m128_seed1,11,11,x,74,87.25723799602298,0.9985429098859142,0.9927585022700713,1,1,1,1,1
aff11_wu50k_absq2_m128_seed1,11,11,x,76,73.5717996816172,0.9989970531752158,0.9904013103908288,1,1,1,1,1
aff11_wu50k_absq2_m128_seed1,11,11,x,77,85.142843278176,0.9978683546208921,0.9937335518454992,1,1,1,1,1
aff11_wu50k_absq2_m128_seed1,11,11,x,79,97.48992139973502,0.9978813645002059,0.9939786173321317,1,1,1,1,1
aff11_wu50k_absq2_m128_seed1,11,11,x,81,83.1987496924735,0.9942256427584563,0.9931015682965421,1,1,1,1,1
aff11_wu50k_absq2_m128_seed1,11,11,x,82,72.46459358719677,0.9991151732686251,0.9900921210888257,1,1,1,1,1
aff11_wu50k_absq2_m128_seed1,11,11,x,84,84.33533204539599,0.994215751316949,0.9941069810160124,1,1,1,1,1
aff11_wu50k_absq2_m128_seed1,11,11,x,85,73.56791538857082,0.9965983631201957,0.9924152222446762,1,1,1,1,1
aff11_wu50k_absq2_m128_seed1,11,11,x,87,73.07921620416158,0.9911898075137512,0.9929743013370734,1,1,1,1,1
aff11_wu50k_absq2_m128_seed1,11,11,x,88,78.74022192047833,0.9987704823346321,0.9937571680803251,1,1,1,1,1
aff11_wu50k_absq2_m128_seed1,11,11,x,89,88.03511011023913,0.9971433227845922,0.9931561390572251,1,1,1,1,1
aff11_wu50k_absq2_m128_seed1,11,11,x,90,78.10319182793127,0.9959697386656364,0.9938380538738227,1,1,1,1,1
aff11_wu50k_absq2_m128_seed1,11,11,x,91,2.045027590928805e-05,0.9162826969566508,0.991479746820638,1,1,1,1,1
aff11_wu50k_absq2_m128_seed1,11,11,x,92,70.2325543407939,0.9991911433714867,0.9901197457604948,1,1,1,1,1
aff11_wu50k_absq2_m128_seed1,11,11,x,93,70.16712717595429,0.9995074537618185,0.9934677925398702,1,1,1,1,1
aff11_wu50k_absq2_m128_seed1,11,11,x,94,76.28995273352962,0.9919026520546477,0.9927904082710322,1,1,1,1,1
aff11_wu50k_absq2_m128_seed1,11,11,x,96,97.31103100266303,0.9994634227126054,0.9936270902967473,1,1,1,1,1
aff11_wu50k_absq2_m128_seed1,11,11,x,97,72.7718259909286,0.9913989367877276,0.9908109729840529,1,1,1,1,1
aff11_wu50k_absq2_m128_seed1,11,11,x,99,71.40424906735231,0.9952509801528949,0.9929538613324866,1,1,1,1,1
aff11_wu50k_absq2_m128_seed1,11,11,x,100,83.6878333902307,0.9975430287172298,0.992981755389087,1,1,1,1,1
aff11_wu50k_absq2_m128_seed1,11,11,x,101,76.70154348223663,0.991634692660755,0.9924345900734759,1,1,1,1,1
aff11_wu50k_absq2_m128_seed1,11,11,x,102,76.2653087873695,0.9964893874492535,0.9930115079366496,1,1,1,1,1
aff11_wu50k_absq2_m128_seed1,11,11,x,103,84.39363828847073,0.999064494509638,0.99369596188267,1,1,1,1,1
aff11_wu50k_absq2_m128_seed1,11,11,x,104,89.64123850746938,0.9975414983390204,0.9937376422318004,1,1,1,1,1
aff11_wu50k_absq2_m128_seed1,11,11,x,106,74.9827087250267,0.9949158712186443,0.9916100017534621,1,1,1,1,1
aff11_wu50k_absq2_m128_seed1,11,11,x,107,73.99593316939537,0.9948562486834729,0.9914119119540737,1,1,1,1,1
aff11_wu50k_absq2_m128_seed1,11,11,x,108,92.57959464966397,0.9953981024530401,0.9938527182626372,1,1,1,1,1
aff11_wu50k_absq2_m128_seed1,11,11,x,110,89.10109606525205,0.9965847688203986,0.9939858534205235,1,1,1,1,1
aff11_wu50k_absq2_m128_seed1,11,11,x,111,85.03295762873708,0.999428457527759,0.9929072250261376,1,1,1,1,1
aff11_wu50k_absq2_m128_seed1,11,11,x,112,74.1362788451222,0.999432627455369,0.9920184762691138,1,1,1,1,1
aff11_wu50k_absq2_m128_seed1,11,11,x,113,77.2920026746766,0.9956597654831086,0.9931911376007037,1,1,1,1,1
aff11_wu50k_absq2_m128_seed1,11,11,x,114,97.8173561638723,0.9994916687736478,0.9938226907368192,1,1,1,1,1
aff11_wu50k_absq2_m128_seed1,11,11,x,115,75.49225495712781,0.9950013025925175,0.990923329178877,1,1,1,1,1
aff11_wu50k_absq2_m128_seed1,11,11,x,116,85.84603329663202,0.9979524187230915,0.9941535325335499,1,1,1,1,1
aff11_wu50k_absq2_m128_seed1,11,11,x,118,71.08873561312886,0.9957261860775094,0.9910111551801,1,1,1,1,1
aff11_wu50k_absq2_m128_seed1,11,11,x,119,84.33959203836,0.9967848950552853,0.9933499400766349,1,1,1,1,1
aff11_wu50k_absq2_m128_seed1,11,11,x,120,69.5857916507859,0.9941461971530886,0.9917255757304195,1,1,1,1,1
aff11_wu50k_absq2_m128_seed1,11,11,x,121,70.13135885295698,0.998338318524551,0.9931907718754698,1,1,1,1,1
aff11_wu50k_absq2_m128_seed1,11,11,x,122,77.2907407941896,0.99799129357665,0.9923633599491379,1,1,1,1,1
aff11_wu50k_absq2_m128_seed1,11,11,x,123,77.87513281471986,0.9984456575984749,0.9916841284576903,1,1,1,1,1
aff11_wu50k_absq2_m128_seed1,11,11,x,124,1.20558911217697e-05,0.919295408392321,0.9942776037548211,1,1,1,1,1
aff11_wu50k_absq2_m128_seed1,11,11,x,125,71.22260060137506,0.9976348127149285,0.9924672819063411,1,1,1,1,1
aff11_wu50k_absq2_m128_seed1,11,11,x,126,81.8501505046643,0.9972503190756187,0.993394312351692,1,1,1,1,1
aff11_wu50k_absq2_m128_seed1,11,11,x,127,85.29507380024155,0.9992560675157328,0.9927763633315182,1,1,1,1,1
aff11_wu50k_absq2_m128_seed1,11,11,y,0,85.92682282632406,0.9976883230099147,0.9922607166698308,1,1,1,1,1
aff11_wu50k_absq2_m128_seed1,11,11,y,1,77.32386285540326,0.9994241714055101,0.9936238823420498,1,1,1,1,1
aff11_wu50k_absq2_m128_seed1,11,11,y,2,89.90721422801151,0.9986108855263974,0.9918809818341242,1,1,1,1,1
aff11_wu50k_absq2_m128_seed1,11,11,y,3,80.2024637919705,0.9975322429473563,0.9944758668668976,1,1,1,1,1
aff11_wu50k_absq2_m128_seed1,11,11,y,4,82.02179978749336,0.9990604622104419,0.9944320596688555,1,1,1,1,1
aff11_wu50k_absq2_m128_seed1,11,11,y,5,64.56326618879191,0.9930174012863232,0.9887141365940317,1,1,1,1,1
aff11_wu50k_absq2_m128_seed1,11,11,y,7,91.2487538687348,0.9989805664753839,0.9924538907786118,1,1,1,1,1
aff11_wu50k_absq2_m128_seed1,11,11,y,10,85.8509683620748,0.999636501920502,0.9923129710125165,1,1,1,1,1
aff11_wu50k_absq2_m128_seed1,11,11,y,12,80.85010289910024,0.9995458647247449,0.9933194234922021,1,1,1,1,1
aff11_wu50k_absq2_m128_seed1,11,11,y,13,90.13723095821142,0.9960881315427593,0.9923026826452446,1,1,1,1,1
aff11_wu50k_absq2_m128_seed1,11,11,y,14,60.37420572630484,0.9937698903871383,0.9873771018643389,1,1,1,1,1
aff11_wu50k_absq2_m128_seed1,11,11,y,15,80.80307049328205,0.9984654338047294,0.9925849517040649,1,1,1,1,1
aff11_wu50k_absq2_m128_seed1,11,11,y,16,1.04979372683683e-05,0.9365392803606621,0.9921828069723038,1,1,1,1,1
aff11_wu50k_absq2_m128_seed1,11,11,y,17,79.98613841564753,0.9924436989490529,0.9918786705766063,1,1,1,1,1
aff11_wu50k_absq2_m128_seed1,11,11,y,18,86.79157047429031,0.9970569345646945,0.9924165900355755,1,1,1,1,1
aff11_wu50k_absq2_m128_seed1,11,11,y,20,84.38925419587709,0.9956865771842317,0.9920197785423602,1,1,1,1,1
aff11_wu50k_absq2_m128_seed1,11,11,y,21,78.64101461703466,0.9969612387585571,0.9935532147925744,1,1,1,1,1
aff11_wu50k_absq2_m128_seed1,11,11,y,23,82.74512871404178,0.9990969913310376,0.9918156230995901,1,1,1,1,1
aff11_wu50k_absq2_m128_seed1,11,11,y,24,78.7951908279334,0.996678443249467,0.9933586254065068,1,1,1,1,1
aff11_wu50k_absq2_m128_seed1,11,11,y,25,74.22264139757971,0.998023102493204,0.9911224216186603,1,1,1,1,1
aff11_wu50k_absq2_m128_seed1,11,11,y,26,82.25562402853873,0.9896697520337095,0.9920484701290077,1,1,1,1,1
aff11_wu50k_absq2_m128_seed1,11,11,y,27,95.88204523727266,0.9989756804871301,0.9920468404292477,1,1,1,1,1
aff11_wu50k_absq2_m128_seed1,11,11,y,28,79.81731225527675,0.9922027991677475,0.9936348251406624,1,1,1,1,1
aff11_wu50k_absq2_m128_seed1,11,11,y,29,85.45875025033489,0.9975841068910848,0.9918600742956809,1,1,1,1,1
aff11_wu50k_absq2_m128_seed1,11,11,y,30,77.46647346141457,0.9988772182686275,0.9907170038565359,1,1,1,1,1
aff11_wu50k_absq2_m128_seed1,11,11,y,31,80.85476076929359,0.9986769726533921,0.993272857451992,1,1,1,1,1
aff11_wu50k_absq2_m128_seed1,11,11,y,32,83.71775784772359,0.9931057298814043,0.9922400049780177,1,1,1,1,1
aff11_wu50k_absq2_m128_seed1,11,11,y,33,1.8790259856602922e-05,0.912345789846235,0.993758349782221,1,1,1,1,1
aff11_wu50k_absq2_m128_seed1,11,11,y,34,87.25507673038122,0.9990442072066108,0.9918870135505629,1,1,1,1,1
aff11_wu50k_absq2_m128_seed1,11,11,y,35,1.6776925906573275e-05,0.9088276178303303,0.9918375303496446,1,1,1,1,1
aff11_wu50k_absq2_m128_seed1,11,11,y,37,85.12509373147107,0.9961011476654542,0.9946077703218669,1,1,1,1,1
aff11_wu50k_absq2_m128_seed1,11,11,y,38,83.43608371942429,0.9951078082586192,0.9931890883317198,1,1,1,1,1
aff11_wu50k_absq2_m128_seed1,11,11,y,39,69.84954681090082,0.9945800543864147,0.9949776686236297,1,1,1,1,1
aff11_wu50k_absq2_m128_seed1,11,11,y,41,93.34356421215362,0.9986688324013164,0.9926056948176827,1,1,1,1,1
aff11_wu50k_absq2_m128_seed1,11,11,y,42,80.58298480639284,0.9977339316070377,0.9923199917985841,1,1,1,1,1
aff11_wu50k_absq2_m128_seed1,11,11,y,43,73.0370065569499,0.9953849997925001,0.9879133293123891,1,1,1,1,1
aff11_wu50k_absq2_m128_seed1,11,11,y,44,83.54853408612958,0.9980368633069598,0.9926852120472108,1,1,1,1,1
aff11_wu50k_absq2_m128_seed1,11,11,y,45,63.321805134545116,0.9982748568398692,0.9876099790106498,1,1,1,1,1
aff11_wu50k_absq2_m128_seed1,11,11,y,46,87.39704896914458,0.9941784931820574,0.9922563449469708,1,1,1,1,1
aff11_wu50k_absq2_m128_seed1,11,11,y,47,79.17523296804464,0.9949448961858787,0.9940207961271621,1,1,1,1,1
aff11_wu50k_absq2_m128_seed1,11,11,y,48,84.37227600480011,0.9980286942878518,0.9919609413211665,1,1,1,1,1
aff11_wu50k_absq2_m128_seed1,11,11,y,49,75.5512792235261,0.9970416863633553,0.9944738469721487,1,1,1,1,1
aff11_wu50k_absq2_m128_seed1,11,11,y,50,7.448023908738376e-06,0.9688661379125116,0.9930990615342888,1,1,1,1,1
aff11_wu50k_absq2_m128_seed1,11,11,y,51,71.94209014072676,0.9968603466623628,0.9945801624423184,1,1,1,1,1
aff11_wu50k_absq2_m128_seed1,11,11,y,52,85.4264604387308,0.9927027234607592,0.9936543000706173,1,1,1,1,1
aff11_wu50k_absq2_m128_seed1,11,11,y,54,80.24489340296205,0.993813505303257,0.9946655130430644,1,1,1,1,1
aff11_wu50k_absq2_m128_seed1,11,11,y,55,80.37469864216439,0.9992518102485128,0.9937756414482768,1,1,1,1,1
aff11_wu50k_absq2_m128_seed1,11,11,y,56,83.83452845681178,0.9989338841081449,0.992712157900785,1,1,1,1,1
aff11_wu50k_absq2_m128_seed1,11,11,y,57,92.30909886903127,0.9927687921416727,0.9926483004337802,1,1,1,1,1
aff11_wu50k_absq2_m128_seed1,11,11,y,58,88.49331816303906,0.9970649598651226,0.9944312604588964,1,1,1,1,1
aff11_wu50k_absq2_m128_seed1,11,11,y,59,85.07952722079794,0.9987198815298857,0.9924462593735173,1,1,1,1,1
aff11_wu50k_absq2_m128_seed1,11,11,y,60,66.41770819291096,0.9985785009399404,0.9878408536936115,1,1,1,1,1
aff11_wu50k_absq2_m128_seed1,11,11,y,61,79.09449088181555,0.9974212638649436,0.992958409542825,1,1,1,1,1
aff11_wu50k_absq2_m128_seed1,11,11,y,62,1.3294773900361716e-05,0.9259643755721287,0.9930193676928736,1,1,1,1,1
aff11_wu50k_absq2_m128_seed1,11,11,y,63,84.0828604451293,0.996572225967303,0.9931818452628375,1,1,1,1,1
aff11_wu50k_absq2_m128_seed1,11,11,y,65,86.07278243848106,0.9982491165339481,0.9934049678316274,1,1,1,1,1
aff11_wu50k_absq2_m128_seed1,11,11,y,68,66.43220868528041,0.9961358321625704,0.9888208223520745,1,1,1,1,1
aff11_wu50k_absq2_m128_seed1,11,11,y,70,58.19569228577352,0.9954540646150825,0.9888970898411353,1,1,1,1,1
aff11_wu50k_absq2_m128_seed1,11,11,y,71,80.33205760728787,0.9950856230383656,0.9943873135511583,1,1,1,1,1
aff11_wu50k_absq2_m128_seed1,11,11,y,72,75.16153643435523,0.9984384199078248,0.9940222734307992,1,1,1,1,1
aff11_wu50k_absq2_m128_seed1,11,11,y,73,83.8363902604603,0.9976575061349643,0.9931112456165389,1,1,1,1,1
aff11_wu50k_absq2_m128_seed1,11,11,y,74,80.7078942055816,0.9947421295546539,0.9912433975018906,1,1,1,1,1
aff11_wu50k_absq2_m128_seed1,11,11,y,76,74.72184216683503,0.9993087750754333,0.991524221302092,1,1,1,1,1
aff11_wu50k_absq2_m128_seed1,11,11,y,77,78.31996993880959,0.9941891606477221,0.9906803736454025,1,1,1,1,1
aff11_wu50k_absq2_m128_seed1,11,11,y,79,92.8634993119629,0.9964527463447388,0.9922208803296125,1,1,1,1,1
aff11_wu50k_absq2_m128_seed1,11,11,y,81,83.68228581464308,0.9987719807119622,0.9932333024159883,1,1,1,1,1
aff11_wu50k_absq2_m128_seed1,11,11,y,82,85.19658885339236,0.9980060671959116,0.9944529968772831,1,1,1,1,1
aff11_wu50k_absq2_m128_seed1,11,11,y,84,89.84859841212374,0.9936152844592286,0.9918362234075181,1,1,1,1,1
aff11_wu50k_absq2_m128_seed1,11,11,y,85,89.0600959646398,0.9950390429031468,0.9944464328481527,1,1,1,1,1
aff11_wu50k_absq2_m128_seed1,11,11,y,87,71.90025910867666,0.9973985067850002,0.9909359342839907,1,1,1,1,1
aff11_wu50k_absq2_m128_seed1,11,11,y,88,87.96756437920156,0.9960244021709792,0.9929406430657229,1,1,1,1,1
aff11_wu50k_absq2_m128_seed1,11,11,y,89,87.63364476941689,0.9944860613546891,0.9923111118215895,1,1,1,1,1
aff11_wu50k_absq2_m128_seed1,11,11,y,90,86.26299681121945,0.9956531591049491,0.9919324450867268,1,1,1,1,1
aff11_wu50k_absq2_m128_seed1,11,11,y,92,75.0821236620601,0.9991417109988932,0.9944137525170491,1,1,1,1,1
aff11_wu50k_absq2_m128_seed1,11,11,y,93,78.17168068767553,0.9977458977852848,0.9922350957446179,1,1,1,1,1
aff11_wu50k_absq2_m128_seed1,11,11,y,94,80.64194951246903,0.999423039662609,0.9924919472212818,1,1,1,1,1
aff11_wu50k_absq2_m128_seed1,11,11,y,96,92.45744546803188,0.9956875048942725,0.9921317708884434,1,1,1,1,1
aff11_wu50k_absq2_m128_seed1,11,11,y,97,76.67746124673981,0.996953319004614,0.9923291524513371,1,1,1,1,1
aff11_wu50k_absq2_m128_seed1,11,11,y,98,8.747177817168709e-06,0.956827412220022,0.9948901959939659,1,1,1,1,1
aff11_wu50k_absq2_m128_seed1,11,11,y,99,63.27700107187405,0.9834890127346501,0.988100541403097,1,1,1,1,1
aff11_wu50k_absq2_m128_seed1,11,11,y,100,84.51004114453401,0.9917358260714336,0.9918931672902817,1,1,1,1,1
aff11_wu50k_absq2_m128_seed1,11,11,y,101,85.13479992408804,0.9995388889933271,0.9925126143611488,1,1,1,1,1
aff11_wu50k_absq2_m128_seed1,11,11,y,102,73.1344372528295,0.9985248728711636,0.9912614997068209,1,1,1,1,1
aff11_wu50k_absq2_m128_seed1,11,11,y,103,84.36996510293444,0.9971394861993751,0.9921268396575511,1,1,1,1,1
aff11_wu50k_absq2_m128_seed1,11,11,y,104,80.1311660403734,0.995756423103864,0.9946385252174191,1,1,1,1,1
aff11_wu50k_absq2_m128_seed1,11,11,y,106,77.48675450780964,0.9950622895604896,0.9939122410009383,1,1,1,1,1
aff11_wu50k_absq2_m128_seed1,11,11,y,107,87.44349169264788,0.9963684083186254,0.9924442097240727,1,1,1,1,1
aff11_wu50k_absq2_m128_seed1,11,11,y,108,84.89118268453869,0.9984883929150714,0.9925404624558538,1,1,1,1,1
aff11_wu50k_absq2_m128_seed1,11,11,y,110,86.74739144379897,0.9993773303553521,0.9933658205529892,1,1,1,1,1
aff11_wu50k_absq2_m128_seed1,11,11,y,111,90.69413560164281,0.9843075783795316,0.9944814359191104,1,1,1,1,1
aff11_wu50k_absq2_m128_seed1,11,11,y,112,83.09811520885395,0.9941916191182124,0.9944291203032016,1,1,1,1,1
aff11_wu50k_absq2_m128_seed1,11,11,y,113,71.52964655767649,0.9977061460467418,0.9886239571045043,1,1,1,1,1
aff11_wu50k_absq2_m128_seed1,11,11,y,114,85.83878813208494,0.9977998251102961,0.9939650501074502,1,1,1,1,1
aff11_wu50k_absq2_m128_seed1,11,11,y,115,85.1014707106172,0.9952988824910848,0.9916244428102488,1,1,1,1,1
aff11_wu50k_absq2_m128_seed1,11,11,y,116,83.72153415785655,0.9930728301034547,0.9943574234534723,1,1,1,1,1
aff11_wu50k_absq2_m128_seed1,11,11,y,118,80.95874029303471,0.997649609531794,0.9925342622943432,1,1,1,1,1
aff11_wu50k_absq2_m128_seed1,11,11,y,119,79.89251966717914,0.9982914917214026,0.9942667438015886,1,1,1,1,1
aff11_wu50k_absq2_m128_seed1,11,11,y,120,79.04355363839375,0.9959553630649695,0.9933660548973041,1,1,1,1,1
aff11_wu50k_absq2_m128_seed1,11,11,y,121,81.96089444221536,0.9947307760903253,0.9918943088193789,1,1,1,1,1
aff11_wu50k_absq2_m128_seed1,11,11,y,122,87.7628240129668,0.9956859327940626,0.9944830015426537,1,1,1,1,1
aff11_wu50k_absq2_m128_seed1,11,11,y,123,90.08552154610999,0.9968059776508774,0.9920908054023477,1,1,1,1,1
aff11_wu50k_absq2_m128_seed1,11,11,y,125,73.35394774293754,0.9830283601982285,0.9906920503989789,1,1,1,1,1
aff11_wu50k_absq2_m128_seed1,11,11,y,126,92.90726235177975,0.995657723876786,0.9925184779251852,1,1,1,1,1
aff11_wu50k_absq2_m128_seed1,11,11,y,127,76.52226728363841,0.9981723749848015,0.9913213616145874,1,1,1,1,1
